id,title,url,publish_date,language,media_name,media_url,year,is_duplicate
3bf979921f2cbadfa94d8b871ffc4fc4c1c28af5836bcd19bac68b497bbc00dc,"$100,000 damage to house destroyed in tenant-landlord dispute not covered by insurance, owner says",https://www.thespec.com/news/hamilton-region/100-000-damage-to-house-destroyed-in-tenant-landlord-dispute-not-covered-by-insurance-owner/article_bfbf9438-688b-5d68-a72a-4d1c4e1aff2a.html,2025-05-28,en,thespec.com,thespec.com,2025,True
67d5fcb3508405d47b1ea27603311d33e9865f9d04b47b46c5545c30e36fc6c2,"$500 monthly renters' supplement not enough, B.C. landlords say in call to double it",https://bc.ctvnews.ca/500-monthly-renters-supplement-not-enough-b-c-landlords-say-in-call-to-double-it-1.4915644,2020-04-28,en,ctvnews.ca,ctvnews.ca,2020,False
7fcbc7ab9d23693f5b8c55171c60da413293bc26ca6142a1ed87d2bed3670862,'All of a sudden I'm a racist?'; Ont. landlord feels 'powerless' after being labelled religion-based human rights violator,http://cnews.canoe.com/CNEWS/Canada/2017/05/03/22722139.html?cid=rssnewscanada,2017-05-03,en,canoe.com,canoe.com,2017,False
40b215f751fe564e10ab8150d2da370ce026d322ffb0668e8ae213b59bf618cb,'Belligerent' landlord charged after allegedly harassing tenant,http://www.kelownadailycourier.ca/news/national_news/article_98d0dc9c-0982-5081-bd3d-f029885cb10e.html,2018-10-01,en,kelownadailycourier.ca,kelownadailycourier.ca,2018,True
db35bce64f8b70f0b63f2719b546708bf1858be871dc7891dce2835bdd407a46,'Can we just have a little air?' Toronto apartment residents fight back after landlord screws balcony doors shut,https://toronto.ctvnews.ca/can-we-just-have-a-little-air-toronto-apartment-residents-fight-back-after-landlord-screws-balcony-doors-shut-1.5672261,2021-11-18,en,ctvnews.ca,ctvnews.ca,2021,False
064209e6c90ad3fdd14d4b09faed93a894729c5c67911fbff7ab3198c4242706,'Cold-blooded' landlords keeping 350 reptiles from finding new homes,http://bc.ctvnews.ca/cold-blooded-landlords-keeping-350-reptiles-from-finding-new-homes-1.2345170,2015-04-25,en,ctvnews.ca,ctvnews.ca,2015,False
8b8d870b796c0ea1c078d6f1c18575f4338ad5d4ed3ed860dbf44460b2c45462,'Don't force my hand': Ontario premier threatens 'greedy' commercial landlords,https://toronto.ctvnews.ca/don-t-force-my-hand-ontario-premier-threatens-greedy-commercial-landlords-1.4945380,2020-05-19,en,ctvnews.ca,ctvnews.ca,2020,False
78dbf6371fedc87e4ad0d132c77f68f415ef8b78833303eb8e48947d571032b5,"'Dude relax': Landlords, would-be roommates burned by alleged scam artist",http://www.cbc.ca/news/canada/toronto/liberty-village-tenant-1.4400262?cmp=rss,2017-11-14,en,cbc.ca,cbc.ca,2017,True
543470c0f10ac1f00e9653020407604600da02d219427cfc43650bcef462255c,'Everyone wants to keep the food bank': Landlord-tenant dispute endangers Toronto food bank,https://toronto.ctvnews.ca/everyone-wants-to-keep-the-food-bank-landlord-tenant-dispute-endangers-toronto-food-bank-1.5455223,2021-06-03,en,ctvnews.ca,ctvnews.ca,2021,False
2a38031ef7f52bce5f0049ef88b49b4bd1ec31a8b6149566a4a19a95eb15d990,'Excruciating delays' at Ontario's Landlord and Tenant Board: Ombudsman,https://www.kelownadailycourier.ca/news/national_news/quebec/article_8216214d-97b4-52a0-be9f-33d726a5e74a.html,2023-05-04,en,kelownadailycourier.ca,kelownadailycourier.ca,2023,True
f3ce32162193b4f08d87094ee80fa6eb438f4b9b2501f4b85f4eea4e40d2a7c2,'Greedy landlord' stereotype is not true for all in private sector – some use power responsibly,http://theconversation.com/greedy-landlord-stereotype-is-not-true-for-all-in-private-sector-some-use-power-responsibly-119067,2019-06-26,en,theconversation.com,theconversation.com,2019,False
c91b173e04e753bc59ef79b6b05ebc160707dee2072d9eb3d1ec073ed40dfb75,"'I was shocked,' says landlord after mother, 4 kids and friend killed at Ottawa home",https://lethbridgeherald.com/news/national-news/2024/03/08/i-was-shocked-says-landlord-after-mother-4-kids-and-friend-killed-at-ottawa-home/,2024-03-08,en,lethbridgeherald.com,lethbridgeherald.com,2024,False
9ea3eaac2d882acba02b4e4966cc454056f420c7a5698377af93f7247096a23c,'I would've had to shut down': Some landlords in Calgary giving big breaks on rent as pandemic proceeds,https://calgary.ctvnews.ca/i-would-ve-had-to-shut-down-some-landlords-in-calgary-giving-big-breaks-on-rent-as-pandemic-proceeds-1.4881094,2020-04-03,en,ctvnews.ca,ctvnews.ca,2020,False
d01078878752850149cff296a8a468a53b5ed6532a30d1c888d9d66e48d45dd3,'I'm going to kick it apart!' Calgary landlord destroys campaign sign in front of candidate,https://calgaryherald.com/news/local-news/im-going-to-kick-it-apart-calgary-landlord-destroys-campaign-sign-in-front-of-candidate,2019-04-11,en,calgaryherald.com,calgaryherald.com,2019,False
f07c9b6a79461d9da6e75ce7e8277ffcad79fc4502e8cafaa43626b493dde322,'I'm sweating all the time': Landlords turn on heat at some Toronto buildings,http://www.ctvnews.ca/canada/i-m-sweating-all-the-time-landlords-turn-on-heat-at-some-toronto-buildings-1.3599711,2017-09-21,en,ctvnews.ca,ctvnews.ca,2017,False
ff1279edd1bf75aa6960bc99e1d2d768be8b7fcd7a0a2d5b2a9d1d723e5ec319,'I've never actually met them': what will motivate landlords to fix cold and costly homes for renters?,https://theconversation.com/ive-never-actually-met-them-what-will-motivate-landlords-to-fix-cold-and-costly-homes-for-renters-188827,2022-08-18,en,theconversation.com,theconversation.com,2022,False
c83162d79aa65072d321254b96f58717ce1a04cddb1e70176d6ab7b3c188625a,'I've never missed a payment': Regina landlord discovers insurance coverage changed without his knowledge,https://regina.ctvnews.ca/i-ve-never-missed-a-payment-regina-landlord-discovers-insurance-coverage-changed-without-his-knowledge-1.4837555,2020-03-03,en,ctvnews.ca,ctvnews.ca,2020,False
357cc1412a7b1b2e2eb324359b116b09253d0e1a8d3558525607efd250ba8ddc,'It was unbelievable': Landlord describes condition of home where 55 cats were found,https://edmonton.ctvnews.ca/it-was-unbelievable-landlord-describes-condition-of-home-where-55-cats-were-found-1.4652602,2019-10-23,en,ctvnews.ca,ctvnews.ca,2019,False
ba8aa9385491ee2b3131c3bc84ca829bb4acdab877d42702d0e5ca01c071835a,'It's inhumane': Some landlords not allowing their tenants to use air conditioners,https://toronto.ctvnews.ca/it-s-inhumane-some-landlords-not-allowing-their-tenants-to-use-air-conditioners-1.5004840,2020-06-29,en,ctvnews.ca,ctvnews.ca,2020,False
221e59b730520beb96981e4d3708c82d0e90fa79c27987b62e9dbf6d45634826,'It's not right': B.C. landlord refuses to rent to care home worker,https://bc.ctvnews.ca/it-s-not-right-b-c-landlord-refuses-to-rent-to-care-home-worker-1.5060625,2020-08-11,en,ctvnews.ca,ctvnews.ca,2020,False
82140f7497f93309907ba6d3f441f071de00399ef501334405814184ee45d1dd,'It's very uncomfortable': Tenants deal with landlords turning on heat at mid-town building,http://toronto.ctvnews.ca/it-s-very-uncomfortable-tenants-deal-with-landlords-turning-on-heat-at-mid-town-building-1.3599268,2017-09-20,en,ctvnews.ca,ctvnews.ca,2017,False
996c4a659521a1be46143b6ab497b8769e9a9eb7284959298471ab97c931477d,'Landlords left out to dry',http://www.nugget.ca/2018/05/05/theres-no-compensation-for-damages-caused-by-agency-sponsored-tenants-group-complains,2018-05-05,en,nugget.ca,nugget.ca,2018,False
9cb32c83e9c9ccebfee60a3052b825ae31a9fa4ee93630e84fa999c0444f5f71,'Native?' Winnipeg man won't call landlord racist but is speaking out to raise awareness,http://www.cbc.ca/news/canada/manitoba/landlord-native-winnipeg-kijiji-ad-rental-1.4076382?cmp=rss,2017-04-19,en,cbc.ca,cbc.ca,2017,False
3fe5fd6bd2964dd3f8a715b36d3b788aee872cf58e6a1a146a1c0dece5f0c65a,'No DSS': how private landlords and letting agents exclude tenants on benefits,http://theconversation.com/no-dss-how-private-landlords-and-letting-agents-exclude-tenants-on-benefits-102118,2018-09-03,en,theconversation.com,theconversation.com,2018,False
54c3f7fddeeab1e04e3fce9cf8a4b685970222825d653697fc832571af202ee2,'Not even a slap on the wrist.' Ontario hiked fines for landlords caught evicting in bad faith — so why aren't provincial bodies levying them?,https://www.thestar.com/real-estate/not-even-a-slap-on-the-wrist-ontario-hiked-fines-for-landlords-caught-evicting-in/article_be6d49b4-d5ab-11ee-a7fc-c31771bfd4b8.html,2024-03-02,en,thestar.com,thestar.com,2024,True
6e4455a5d7f759924ca6f743d29fc17ccab26e808ccf5ef76533624bf84e881f,"'Once all the properties have been sold, there will be no other business': Saskatoon landlord has 'limited life,' around 60 jobs in danger",http://thestarphoenix.com/business/real-estate/once-all-the-properties-have-been-sold-there-will-be-no-other-business-saskatoon-landlord-has-limited-life-around-60-jobs-in-danger,2017-06-26,en,thestarphoenix.com,thestarphoenix.com,2017,False
ff09d13df68c8fdf1b7c72d5f37b20310680e560d9a9bbfc6e39689ab111fb63,'People don't have enough money to pay rent': Sask. Landlord Association noticing spike in evictions,https://saskatoon.ctvnews.ca/people-don-t-have-enough-money-to-pay-rent-sask-landlord-association-noticing-spike-in-evictions-1.6159743,2022-11-18,en,ctvnews.ca,ctvnews.ca,2022,False
252e9d7319f43f8839cd0bc45efb080653c72de57d64068020ae51143c77d56d,'Professional tenant' James Regan wanted for allegedly assaulting ex-landlord,http://www.cbc.ca/news/canada/toronto/james-regan-wanted-for-assault-1.3861023?cmp=rss,2016-11-22,en,cbc.ca,cbc.ca,2016,False
9b6c9b654a05f8272d8c0aa8d78a370f5f8b9b827890e87b0b46cdaa0d9f7a9b,'Rent' actress Daphne Rubin-Vega sues landlord over rent increases,http://www.torontosun.com/2017/01/30/rent-actress-daphne-rubin-vega-sues-landlord-over-rent-increases,2017-01-30,en,torontosun.com,torontosun.com,2017,True
280fec420edb019ba7ac003ddd1c8f1180bef9e4a478c3d99f3086b2e5af7418,'She can go screw herself'; Tenant awarded 20G in battle with landlord,http://cnews.canoe.com/CNEWS/Canada/2017/07/05/22736079.html?cid=rssnewscanada,2017-07-05,en,canoe.com,canoe.com,2017,False
d3ba27b080d6f53f3caca03eb3bb9010b43a0b92e182a239ebadfcc795abdcf8,'She played us like a piano': Landlord spends months trying to evict tenant with numerous fraud convictions,http://www.cbc.ca/news/canada/hamilton/go-public-landlords-tenants-rent-1.4392947?cmp=rss,2017-11-12,en,cbc.ca,cbc.ca,2017,False
4b0f61e18529a88e3b7cffa1dac8a3241e9cca7f02c84c1b1cd99181340acb73,'Tandem skydiving and helicopter rides': downtown Montreal landlords pulling out extra stops to attract tenants,https://montreal.ctvnews.ca/tandem-skydiving-and-helicopter-rides-downtown-montreal-landlords-pulling-out-extra-stops-to-attract-tenants-1.5366066,2021-03-28,en,ctvnews.ca,ctvnews.ca,2021,False
de9fdd86ed761979f1522b298ba525c07d01601c2f7803ace01efd8430873a24,'That’s all I’m thinking': Saskatoon landlord wonders if he could have stopped fatal shooting,https://saskatoon.ctvnews.ca/that-s-all-i-m-thinking-saskatoon-landlord-wonders-if-he-could-have-stopped-fatal-shooting-1.5024103,2020-07-14,en,ctvnews.ca,ctvnews.ca,2020,False
fec3af22e8f3820a98ae7e342b09a1c509d5b9241bd2124feeeb1cef986935ba,'The bank can take our house': Alberta landlords worry about provincial rental restrictions,https://edmonton.ctvnews.ca/the-bank-can-take-our-house-alberta-landlords-worry-about-provincial-rental-restrictions-1.4873624,2020-03-29,en,ctvnews.ca,ctvnews.ca,2020,False
4dfcdf34741e78d7ffe78d7a11885b5e3bb1284c826ebc36f4eb8196ff4ea186,"'The law did not protect me': Landlord says it took 6 months to evict tenants with goat, chickens in home",http://www.cbc.ca/news/canada/toronto/landlord-tenant-board-rent-goat-kingston-1.3872415?cmp=rss,2016-12-01,en,cbc.ca,cbc.ca,2016,False
c4641034e45413cbf188525f37ccc76a4790eac626963faaa972396f9829fdb7,'There’s no recourse': Saskatoon landlord out $40K from unpaid rent during eviction ban,https://saskatoon.ctvnews.ca/there-s-no-recourse-saskatoon-landlord-out-40k-from-unpaid-rent-during-eviction-ban-1.5107848,2020-09-16,en,ctvnews.ca,ctvnews.ca,2020,False
90755620d268ade2b14ac9811fca4bc6d06368d989297e21238ae778e59cf786,'These businesses need real support': NDP says online survey for businesses and landlords won't help tenants pay rent,https://edmonton.ctvnews.ca/these-businesses-need-real-support-ndp-says-online-survey-for-businesses-and-landlords-won-t-help-tenants-pay-rent-1.4954094,2020-05-25,en,ctvnews.ca,ctvnews.ca,2020,False
70c7638cfd528e7d2142b7925a12c424ecd900b1e049a5220db804aba5f5b855,'They thought I was going to back down and leave': DTES tenant's court case shines light on practices of Sahota landlords,http://vancouversun.com/news/local-news/they-thought-i-was-going-to-back-down-and-leave-dtes-tenants-court-case-shines-light-on-practices-of-sahota-landlords,2016-07-10,en,vancouversun.com,vancouversun.com,2016,False
519c768723013f4c97cedc85d7aa5fec2a69bc69d3317c6f31403de840495000,"'Turn off the heat,' Toronto ombudsman tells landlords as heatwave hits city",http://toronto.ctvnews.ca/turn-off-the-heat-toronto-ombudsman-tells-landlords-as-heatwave-hits-city-1.3602390,2017-09-22,en,ctvnews.ca,ctvnews.ca,2017,True
759c091827bc23c77d3a4e0f56f4dfe0f76c9090ed31875659f0f7e0f640cb61,'Turning into a nightmare:' Alberta landlord looks to evict driveway squatter,http://www.timescolonist.com/turning-into-a-nightmare-alberta-landlord-looks-to-evict-driveway-squatter-1.23081518,2017-11-01,en,timescolonist.com,timescolonist.com,2017,True
df82e8ae0945c1660f749464ef970a9a42b2ab129fe38c0199383a34329e50c4,'Very stressful': New $65 million Brandon bridge project a headache for landlord,https://winnipeg.ctvnews.ca/very-stressful-new-65-million-brandon-bridge-project-a-headache-for-landlord-1.5188137,2020-11-13,en,ctvnews.ca,ctvnews.ca,2020,False
83dc8c0d8f8b968be33cf9ca3f6a5b7aaeb11fdddbd13d942b3fc0bdaf46f4bd,'We are helpless': Saskatoon landlords have few options when they suspect tenants are engaged in criminal activity,https://saskatoon.ctvnews.ca/saskatoon-landlord-feels-helpless-when-tenants-guests-engage-in-criminal-activity-1.5025899,2020-07-15,en,ctvnews.ca,ctvnews.ca,2020,False
4ddd3eae320493e9e8d1ea936ae344cf6bdef4ba2c274b7b37dc73d58b6945d4,'We're just hoping that he would pay the whole amount': Family frustrated with nonpayment from landlord a year after judgment,https://thestarphoenix.com/news/local-news/were-just-hoping-that-he-would-pay-the-whole-amount-family-frustrated-with-non-payment-from-landlord-a-year-after-judgment,2019-03-02,en,thestarphoenix.com,thestarphoenix.com,2019,False
7a4003e5d6090a54178eb81b1d6706c9bd5b55e5ba21e3597e3b650ed9b84b21,'We’re out on the street': N.S. landlord evicts up to 20 tenants,https://atlantic.ctvnews.ca/we-re-out-on-the-street-n-s-landlord-evicts-up-to-20-tenants-1.5809905,2022-03-07,en,ctvnews.ca,ctvnews.ca,2022,False
a41534403eabee3c04876b2a29fb05c4e3b1aa9f4d5f749f740baa095d0afc1f,130K subsidy for landlord despite court challenge,http://www.cbc.ca/news/canada/montreal/montreal-landlord-to-get-130k-subsidy-despite-stalled-renovations-1.2945823?cmp=rss,2015-02-04,en,cbc.ca,cbc.ca,2015,False
1e64979f6d1d3cc15b65c0425ea9a11d5cbc962b7f44cf6ddca36888121a8cdc,2 arrested after landlord reports marijuana grow-op on his property,http://globalnews.ca/news/1990114/2-arrested-after-landlord-reports-marijuana-grow-op-on-his-property,2015-05-10,en,globalnews.ca,globalnews.ca,2015,False
8969d3e8709ceae5f179784865da7b5ff99648de3e91c9a2937e5260b4897873,2 B.C. landlords can raise rents by 23.5% after mortgage rate increases,https://www.abbynews.com/news/2-bc-landlords-can-increase-rent-by-235-after-mortgage-rate-increases-7488625,2024-08-16,en,abbynews.com,abbynews.com,2024,True
90d3adeb2a670892d66bcfeb3ed0d5b18cdacd5c0331d8bcf3bc79c43e52e60b,"2 cities, 2 buildings and 1 fugitive landlord leaves tenants in unlivable conditions",https://www.cbc.ca/news/canada/london/2-cities-2-buildings-and-1-fugitive-landlord-leaves-tenants-in-unlivable-conditions-1.7558659?cmp=rss,2025-06-12,en,cbc.ca,cbc.ca,2025,False
6bbb70ee75cbd6efc674dcde6282d4fae27259fb407259dd0caa4bfe60a2ed73,"2 months into Parkdale tenant strike, landlord abandons bid to raise rents",http://www.cbc.ca/news/canada/toronto/parkdale-tenant-strike-rent-housing-landlord-1.4594662?cmp=rss,2018-03-27,en,cbc.ca,cbc.ca,2018,False
396225daa86ba29bcad37b6e88dd0252917e83d7ac33db378650ff35324383f9,2-month tenant strike expected to end after Toronto landlord drops bid to raise rents,https://globalnews.ca/news/4106631/toronto-tenant-strike-to-end/,2018-03-26,en,globalnews.ca,globalnews.ca,2018,False
e7b790394979a2d26a5c41106ab2fc36e4e568657c2688f33f62d039765a6cf4,250 parking spot? Kitchener tenants battle landlord over parking price pressure,https://kitchener.ctvnews.ca/250-parking-spot-kitchener-tenants-battle-landlord-over-parking-price-pressure-1.6834135,2024-04-04,en,ctvnews.ca,ctvnews.ca,2024,False
69191b73b54b21d4c9c1a3f246d1543df75f3667340ecc0fd09ad8d0be92a9f4,"3 landlords among largest real estate holders in Ontario owe $144M, under bankruptcy protection: documents",https://www.cbc.ca/news/canada/hamilton/investors-bankruptcy-1.7102325?cmp=rss,2023-02-23,en,cbc.ca,cbc.ca,2023,False
d1c5d24646d45fc229d03ef75d4ada85a1a651a034dce66b76919d5ed48a16bb,4 landlords claim they've been scammed by same 'professional tenant',https://www.cbc.ca/news/canada/kitchener-waterloo/tenant-rental-scam-waterloo-region-1.4915096?cmp=rss,2018-12-03,en,cbc.ca,cbc.ca,2018,False
211c24583570bb76a46d8713b6eb86d35cb906878d047d7b922ca5002ffd93a0,4 ways landlords can deal with unruly renters,http://www.cbc.ca/news/canada/british-columbia/landlords-dealing-with-terrible-tenants-still-have-options-1.3027407?cmp=rss,2017-10-02,en,cbc.ca,cbc.ca,2017,False
edf0a169bf2d8414ebe4cd356ee1e336c8adb3bdce51e741e92795df186f1bdb,4 ways to be a good landlord in a time of coronavirus,https://theconversation.com/4-ways-to-be-a-good-landlord-in-a-time-of-coronavirus-136040,2020-04-14,en,theconversation.com,theconversation.com,2020,False
5d56202dbab724df742cbcf57a232678d1de82648b6d7c0f059199aebd4d9fe4,5 guns found in home with landlord-tenant dispute,https://www.winnipegfreepress.com/uncategorized/2023/05/30/siu-recovers-5-guns-from-home-in-landlord-tenant-dispute-police-id-couple-killed,2023-05-30,en,winnipegfreepress.com,winnipegfreepress.com,2023,False
742efcc3b3238767260d705da5402feba8e215aa86c92b07a9f70a967d6e7e2e,5 ways to tame your landlord,http://www.moneysense.ca/spend/real-estate/renting/5-ways-tame-your-landlord/,2016-12-01,en,moneysense.ca,moneysense.ca,2016,False
ae095ad8fb9a102ee6d3c56d21019139ab30b73425e7e5f9f62d86d6b473a9e5,"55 Target Canada landlords get leases back, amid gloomy retail rental market",http://www.cbc.ca/news/business/target-returns-auctions-off-leases-on-most-canadian-properties-1.3057433?cmp=rss,2015-01-22,en,cbc.ca,cbc.ca,2015,False
d87d56efd70496e2b201cc04836fcbd316f126600d5435d0180bdfed1ef5fdb3,750 monthly rents unreasonable for landlords: association,https://tj.news/telegraph-journal/102107613?ref=rss,2023-05-08,en,tj.news,tj.news,2023,False
d6a1c7fa5df3cb902774f891b8564bd4d5dc96827c0eb65a230ef514ffde2412,9 in 10 landlord tax returns are wrong. Does this make landlords champion tax dodgers?,https://theconversation.com/9-in-10-landlord-tax-returns-are-wrong-does-this-make-landlords-champion-tax-dodgers-195914,2023-01-17,en,theconversation.com,theconversation.com,2023,False
b61afe7fde12049bd457e0356b78b7db1f91ded0db060468f6cdac985c2a96ec,93 tenants of DTES building file complaint against landlord,http://globalnews.ca/news/2165203/93-tenants-of-dtes-building-file-complaint-against-landlord/,2015-08-13,en,globalnews.ca,globalnews.ca,2015,True
a407f2a86f30cbd9c1ad34f64ef775ae1a8149e6394e5e95395c529414b8ee2a,A 76-year-old woman is accusing her landlord of trying to 'renovict',https://montreal.ctvnews.ca/a-76-year-old-woman-is-accusing-her-landlord-of-trying-to-renovict-1.4657331,2019-10-26,en,ctvnews.ca,ctvnews.ca,2019,False
fce2bc322c8f0a41d49f20e02e5bc719797d464287590b6dd2a87400bd2672f7,A Belleville entrepreneur may have come up with a solution to help inexperienced landlords solve one of their biggest challenge – finding tenants who can pay the rent on time,https://globalnews.ca/video/6260957/a-belleville-entrepreneur-may-have-come-up-with-a-solution-to-help-inexperienced-landlords-solve-one-of-their-biggest-challenge-finding-tenants-who-can-pay-the-rent-on-time/,2019-12-05,en,globalnews.ca,globalnews.ca,2019,False
0990adcb6f82286c66a6dc6859022f3f994efcfeb03ce66fcbf60fcc00b8fc32,A bit of hope': Hamilton tenants beat renoviction attempt by landlord at Ontario tribunal,https://www.cbc.ca/news/canada/hamilton/ltb-renoviction-1.7183124?cmp=rss,2023-02-13,en,cbc.ca,cbc.ca,2023,False
a4d2ee6887e96eb68c8f2325385dfaf9addc9bf3410f2d6673150d6af8dbfa36,A chance for first-time buyers to be landlords in North Toronto,https://nationalpost.com/life/homes/a-chance-for-first-time-buyers-to-be-landlords-in-north-toronto,2021-05-19,en,nationalpost.com,nationalpost.com,2021,False
3ca0104dc5ff9da13c8747581c2aad6b483995286a9fecd4bf2e9848a6ee78be,A few reasons why landlords increasing rents,https://www.bclocalnews.com/opinion/a-few-reasons-why-landlords-increasing-rents/,2018-06-11,en,bclocalnews.com,bclocalnews.com,2018,False
5fbe8853790a96189765dbc2bafcdf89f8ff575c914ae122f57dac5c0c2d11da,A good connection': How a pub landlord wound up raising ravens hatched at the Tower of London,https://www.cbc.ca/news/world/ravens-tower-of-london-chicks-suffolk-1.5173789?cmp=rss,2019-06-13,en,cbc.ca,cbc.ca,2019,False
ff801409548ff7f639b933c74dfccf80f5651d34957b1367fa633ab4532f9129,"A homeless homeowner, parking lot fight: Landlord-tenant disputes a big topic in 2024",https://www.thespec.com/news/hamilton-region/a-homeless-homeowner-parking-lot-fight-landlord-tenant-disputes-a-big-topic-in-2024/article_5e41917c-0820-5266-9cd7-c4a75965df28.html,2024-12-31,en,thespec.com,thespec.com,2024,False
fc1106c1d6f2ae80f50ba361dbc5a3e0b7340690d3b039231e3a3656043a425f,A homeless homeowner. A fight that led to criminal charges. Disputes between tenants and landlords ‘getting out of hand’,https://www.thespec.com/business/real-estate/a-homeless-homeowner-a-fight-that-led-to-criminal-charges-disputes-between-tenants-and-landlords/article_15bc1e4f-e07c-5a5b-b9d2-bbdd90a9a62a.html,2024-09-25,en,thespec.com,thespec.com,2024,False
e8d17130fe04ec9f136368f50684000bfe450357608cdcbe78eb110d6f8628cc,A landlord is accused of trying to evict tenants by passing off a new renter as her girlfriend,https://www.thestar.com/news/gta/2019/08/30/a-landlord-is-accused-of-trying-to-evict-tenants-by-passing-off-a-new-renter-as-her-girlfriend.html,2019-08-30,en,thestar.com,thestar.com,2019,False
e18cc16280ea0c75354dc2bee3867f53c4d82f90fe2bbd489b1e25388cc39c4d,A landlord required COVID-19 vaccination from his renter. Is that OK?,https://ottawacitizen.com/news/local-news/can-i-my-landlord-require-me-to-be-vaccinated,2021-08-03,en,ottawacitizen.com,ottawacitizen.com,2021,False
4bb315c50a818e357537c07a7c549d991ac316c1914ab1b78853482d031d9c67,A licence to be a landlord? Ottawa councillor mulls pilot project,http://www.cbc.ca/news/canada/ottawa/ottawa-landlords-tenants-licence-acorn-cockroaches-licensing-1.4022676?cmp=rss,2019-04-17,en,cbc.ca,cbc.ca,2019,False
fe1bd6d531d66394da984c1d0e47aaf9957bebe1d27fbe3cbf053ea3af4e76e3,A major landlord spent years charging rental application fees in Gatineau — until a tenant decided to challenge them on it,https://ottawacitizen.com/news/local-news/a-major-landlord-spent-years-charging-rental-application-fees-in-gatineau-until-a-tenant-decided-to-challenge-them-on-it,2022-01-13,en,ottawacitizen.com,ottawacitizen.com,2022,False
cbab21ccdd0c5b6e0e03608aa2a8b3ca3e20dbb4e097f8da3e16715ad7e215c1,A new landlord ordered them out by end of March for renovations. These are some of the people who are staying put,https://www.thestar.com/news/gta/2021/03/23/a-new-landlord-ordered-them-out-by-end-of-march-for-renovations-these-are-some-of-the-people-who-are-staying-put.html,2021-03-23,en,thestar.com,thestar.com,2021,False
ae54cde5c9e0b28aa67da59ef3a0565abee20ebf15cc07160d2a9ea50f123abe,A roommate moves into your apartment. Can the landlord raise the rent?,https://www.thestar.com/news/gta/2019/08/23/a-roommate-moves-into-your-apartment-can-the-landlord-raise-the-rent.html,2019-08-23,en,thestar.com,thestar.com,2019,False
5119d103eb8a2464f68ae526afabf1b726fe0a3e5f2510bd3b0f5db24b7bc660,A solution SDG Landlords Association's registry concerns,https://www.standard-freeholder.com/opinion/editorials/a-solution-sdg-landlords-associations-registry-concerns/wcm/9ac148cc-08aa-451f-aa83-745d5d7f018b,2019-07-05,en,standard-freeholder.com,standard-freeholder.com,2019,False
762e011db962db8691a39f5074714df85d7eb4b458e1ef0a61dfb942a82613c0,"A tenant killed his landlord with a sword over a rent dispute, police say",https://www.ctvnews.ca/world/a-tenant-killed-his-landlord-with-a-sword-over-a-rent-dispute-police-say-1.5048988,2020-08-02,en,ctvnews.ca,ctvnews.ca,2020,False
94c425d3e68b4d4300e1065dbe7080e3f3615215e034dd965c108695543013fb,"A Toronto landlord bought a 1 per cent stake in a house. Then, seven tenants were served eviction notices",https://www.thestar.com/news/gta/2019/07/30/a-toronto-landlord-bought-a-1-per-cent-stake-in-a-house-then-seven-tenants-were-served-eviction-notices.html,2019-07-30,en,thestar.com,thestar.com,2019,False
759f87e7dbac3a8049086673d52b62540530f963f639cf7ff05ac55aca1bf08a,"A Toronto landlord did a green reno, then raised rents. Who should be paying the bill?",https://www.thestar.com/news/canada/a-toronto-landlord-did-a-green-reno-then-raised-rents-who-should-be-paying-the/article_088276ae-f82b-11ee-b1d4-2717bbaba5db.html,2024-04-13,en,thestar.com,thestar.com,2024,True
8049a273c5a0ce9987cd2fa1b1a850898383337d2a116a96e8e5869a8c8a75d4,A Toronto landlord is banning electric vehicles on its property. Tenants' advocates say that's 'unreasonable',https://www.cbc.ca/news/canada/toronto/e-scooters-ban-parkdale-building-tenants-1.6966666?cmp=rss,2023-09-14,en,cbc.ca,cbc.ca,2023,False
a0fcf552cf13ecc8dd6e5f84559f869a2041229003bcc7c162cd23cd07ed07a9,A west-end landlord says his building is a tourist property. Tenants being evicted and the city disagree,https://www.thestar.com/news/gta/2019/10/03/a-west-end-landlord-says-his-building-is-a-tourist-property-tenants-being-evicted-and-the-city-disagree.html,2019-10-03,en,thestar.com,thestar.com,2019,False
78162717d79d9dc0b18819a1f5281fe650faa5889dd181fc8f2fcfcd1ac8aecb,"A year later, N.L. still working on plan to deal with rule-breaking landlords and tenants",https://www.cbc.ca/news/canada/newfoundland-labrador/nl-landlord-tenant-section-51-fines-enforcement-update-1.7429568?cmp=rss,2024-10-22,en,cbc.ca,cbc.ca,2024,False
90057b4c6d4f6025e08603e6f4e4086b55902c8ce9593f70aa4be3717f8cdd10,"A ‘landlord market’ is keeping rents high in Waterloo Region, says realtor",https://www.therecord.com/news/waterloo-region/2023/01/06/a-landlord-market-is-keeping-rents-high-in-waterloo-region-says-realtor.html,2023-01-06,en,therecord.com,therecord.com,2023,False
1682b776c4854580cf1becf686bf60f55b93639779a148cfb6773fda643af91e,A&W asks franchisees’ landlords for a two-month rent deferral,https://www.theglobeandmail.com/business/article-aw-asks-franchisees-landlords-for-a-two-month-rent-deferral/,2020-03-26,en,theglobeandmail.com,theglobeandmail.com,2020,False
ef8a497e93e9bfb3ca6dded5c9ac1383488b28768fc52f90936130d8a1ef28b9,"Abars closes its doors, owners claim landlord-tenant dispute",http://www.cbc.ca/news/canada/windsor/abars-closes-its-doors-owners-claim-landlord-tenant-dispute-1.3337295?cmp=rss,2015-11-25,en,cbc.ca,cbc.ca,2015,False
788107616ce4a400739e0aa775a5dbacddef125249a24eb078abc28bdd68860f,"Abe Erb accused of fraud, breach of lease by Guelph landlord",https://www.therecord.com/news/waterloo-region/2020/10/16/abe-erb-accused-of-fraud-breach-of-lease-by-guelph-landlord.html,2020-10-16,en,therecord.com,therecord.com,2020,False
e69507e2f20772ea78f05354e341fe48e8544e2f86759a8f5947736efe375cf7,Absentee landlord liable for tenants' nuisance: B.C. court,https://bc.ctvnews.ca/court-rules-against-absentee-landlord-who-lived-in-china-while-his-b-c-tenants-caused-nuisance-1.6795543,2024-03-05,en,ctvnews.ca,ctvnews.ca,2024,False
3a375641538f980f0121187179fbe2bd47a38ffa90d0319085ceb6afaf3e8ede,Accused drug dealer wins landlord-tenant dispute against Dwight Ball,http://www.cbc.ca/news/canada/newfoundland-labrador/dwight-ball-loses-landlord-tenant-dispute-alleged-drug-dealer-1.3614689?cmp=rss,2016-06-03,en,cbc.ca,cbc.ca,2016,False
0ec55e21b1cc30d935038ab25ab9466cb26755d5aa178e64afb9c7459afa553b,Accused in West Island murder trial admitted he shot his landlord,https://montrealgazette.com/news/accused-in-west-island-murder-trial-admitted-he-shot-his-landlord,2021-02-25,en,montrealgazette.com,montrealgazette.com,2021,False
80bf371c98d81b098a043702e17b762f44b908912afdff4d35899d519c9c40a2,"Acorn London visit MP Fragiskatos' office, ask feds to act on corporate landlords",https://london.ctvnews.ca/affordable-housing-advocates-call-on-feds-to-crack-down-on-corporate-landlords-1.6623494,2023-10-30,en,ctvnews.ca,ctvnews.ca,2023,False
ddea65bd7c4e636933f5b28bb1ffa23558ec95a5ce141812bcdde8d8ebf57c6a,Acorn members take rent hike protest to Landlord Tenant Board,https://ottawacitizen.com/news/acorn-members-take-rent-hike-protest-to-landlord-tenant-board,2019-11-13,en,ottawacitizen.com,ottawacitizen.com,2019,False
297042a44f882fa1fa121f89cfe8644ffdcf4e93a7e38dddd13d0ea9c07f52ee,"ACORN, allies calling for landlord licensing system",https://atlantic.ctvnews.ca/acorn-allies-calling-for-landlord-licensing-system-1.6073156,2022-09-17,en,ctvnews.ca,ctvnews.ca,2022,False
59ea87d155f66233927f0353cca25d9555767d09c902ffe83674c17aa7b0700b,Adam: City of Ottawa has some responsibility to help this landlord,https://ottawacitizen.com/opinion/adam-city-of-ottawa-has-some-responsibility-to-help-a-landlord-whose-lawn-is-littered-with-drug-debris,2022-08-24,en,ottawacitizen.com,ottawacitizen.com,2022,False
dffe58082e3b4d5d4d3858bec612aec80f631ba58f61e16e8975185283f37fa5,Adam: Landlords such as Minto shouldn't be charging for visitor parking,http://ottawacitizen.com/opinion/columnists/adam-landlords-such-as-minto-shouldnt-be-charging-for-visitor-parking,2017-10-10,en,ottawacitizen.com,ottawacitizen.com,2017,False
6c71406a0fc79d55d10e01aa6a311affc6dff7247d5a1b6eb04b1f4ffec51f3a,Adami: Landlord promises to refund extra deposit on Ottawa apartment,http://ottawacitizen.com/news/local-news/landlord-promises-to-refund-extra-deposit-on-ottawa-apartment,2015-02-13,en,ottawacitizen.com,ottawacitizen.com,2015,False
3a9e7bc607905f4aaec369c9a8cf4997a7b48ec98cf322c735331c821d3193b8,Advice for cash-strapped renters and landlords during COVID-19,https://www.moneysense.ca/save/budgeting/advice-for-cash-strapped-renters-and-landlords-during-covid-19/,2020-05-15,en,moneysense.ca,moneysense.ca,2020,False
eb22012cf2cdd585d177f6ae2ed04f4cc3c7af282964095f7607fdb0346d17e5,"Advocate says N.S. enforcement team for rental problems would help landlords, tenants",https://www.cbc.ca/news/canada/nova-scotia/enforcement-teams-rental-problems-nova-scotia-1.5472596?cmp=rss,2020-01-16,en,cbc.ca,cbc.ca,2020,False
eecb2cd823f81274f18eaad9015994c5f89390389f0c4426081a445a8d634928,Advocates push for landlord licensing in Nova Scotia,http://globalnews.ca/news/3423560/advocates-push-for-landlord-licensing-in-nova-scotia/,2017-05-03,en,globalnews.ca,globalnews.ca,2017,False
3851e55d5bce01ec0415914d17ada8d3cda1da9e4c48a87eb3d43f6de8e88fa0,"Advocates rally for B.C. vacancy controls, landlords say they won’t work",https://www.trailtimes.ca/news/advocates-rally-for-b-c-vacancy-controls-landlords-say-they-wont-work/,2023-09-15,en,trailtimes.ca,trailtimes.ca,2023,True
400fee9d74da5e279a8a6ac40cb62b27b84e26785fa4d0993cab480f05229e33,Advocates say new bill gives an unfair advantage to landlords over tenants,https://www.thestar.com/business/2020/07/03/advocates-say-new-bill-gives-an-unfair-advantage-to-landlords-over-tenants.html,2020-07-03,en,thestar.com,thestar.com,2020,True
9f5b3fa1aa180f698c079fc6c35e63e35b9379f5d73b7c84514613eeeccccacf,Advocates say new Ontario bill gives an unfair advantage to landlords over tenants,https://globalnews.ca/news/7136879/ontario-bill-unfair-advantage-landlords-advocates-say/,2020-07-03,en,globalnews.ca,globalnews.ca,2020,False
fefd3b2ebbd37a2ab706c06741ae3c6a4b238c62a1dbab83c70a71f7b2d3a3e7,Advocates seek help from landlords to solve Fredericton homelessness,https://www.cbc.ca/news/canada/new-brunswick/fredericton-emergency-shelter-winter-1.4978480?cmp=rss,2019-01-15,en,cbc.ca,cbc.ca,2019,False
debdcae2a2cab7375590dcbe8a4af5464555a1dbddc83e0e4b8e415205b1738c,Advocates worry virtual landlord-tenant dispute hearings will hurt low-income residents,https://www.thespec.com/news/hamilton-region/2021/06/24/hamilton-housing-landlord-tenant-hearings.html,2021-06-24,en,thespec.com,thespec.com,2021,False
e2f70c3a6764054064f272c1d46ceb785fe4d483bf6ddffa957ef15f1cd79c86,"After fatal fire, Brampton landlord pushes back against allegations he did not comply with safety inspections",https://www.thestar.com/news/gta/after-fatal-fire-brampton-landlord-pushes-back-against-allegations-he-did-not-comply-with-safety/article_f9f19987-0d62-4371-a4d4-35d879c97a65.html,2025-11-26,en,thestar.com,thestar.com,2025,False
88082a4045e835587e706ef6b0d68fe8e2b1c6ff39b1dd48bbaa81a66947930c,"After major issues with tenants, these Ontario landlords blame their real estate agents",https://www.cbc.ca/news/canada/landlords-real-estate-agents-1.7584678?cmp=rss,2025-07-15,en,cbc.ca,cbc.ca,2025,False
0b39193e2450e207aca2ac97d1be349ce24fc425efd22982d3e3cd7442579640,"After residents protest 'budget-friendly' triplex, landlord comes back with something much better",https://windsorstar.com/news/local-news/after-residents-protest-budget-friendly-triplex-landlord-comes-back-with-something-much-better,2020-11-11,en,windsorstar.com,windsorstar.com,2020,False
ecfbb17a81a9cc24e495d9ee96dc1d5efcbc0ec707deda00e909c5d4c98bb175,"After rooming-house fire, red tape may block CDN-NDG from taking action against landlord",http://www.cbc.ca/news/canada/montreal/fire-rooming-house-ndg-cdn-1.4642635?cmp=rss,2018-05-02,en,cbc.ca,cbc.ca,2018,False
7d3bc634ae4af4113544246f427dc05fc766a978fdba34a903a08cdea6e1b5ee,"After tense landlord standoff, Revue Cinema announces it’s staying put for five years with new lease: ‘A rare case of the good guys winning’",https://www.thestar.com/entertainment/movies/after-tense-landlord-standoff-revue-cinema-announces-its-staying-put-for-five-years-with-new/article_d4f27576-6f91-11ef-a968-9b055820e63d.html,2024-09-10,en,thestar.com,thestar.com,2024,False
2075c784c6b9770c69d6415ca5a61a437ba932535e0cd6577df8659534c0a78c,AGAR: Stop attacking landlords,http://torontosun.com/opinion/columnists/agar-stop-attacking-landlords,2018-02-06,en,torontosun.com,torontosun.com,2018,False
69514edfa5a9151738f6783b5c226bfdf59580ccd9ee3cdf6862136e0431e254,AGAR: The concerns of independent landlords have been forgotten,https://torontosun.com/opinion/columnists/agar-the-concerns-of-independent-landlords-have-been-forgotten,2020-08-31,en,torontosun.com,torontosun.com,2020,False
44913cadba224ef7db29a578b236fd18c8531fa43652c62cf61595bfe1df258d,Agencies call on Ottawa landlords to house more homeless youth,http://www.cbc.ca/news/canada/ottawa/youth-homelessness-landlords-1.4408539?cmp=rss,2017-11-18,en,cbc.ca,cbc.ca,2017,False
6f8f6809ec149924e06b662cdca1a5c348740f69eacbf1e2469bc3e0e9acc81f,"Aggressive strategy needed to fight ‘excruciatingly’ long delays at Landlord and Tenant Board, says Ontario ombudsman",https://www.thestar.com/news/gta/2023/05/04/aggressive-strategy-needed-to-fight-excruciatingly-long-delays-at-landlord-and-tenant-board-says-ontario-ombudsman.html,2023-05-04,en,thestar.com,thestar.com,2023,False
54893fc5f4ae076a070e97ebc1de0d2bf340c5fb35c59d30d6402d8b4c2e1954,Airbnb landlords defend their work and the care of their properties,https://www.thestar.com/news/gta/2019/09/03/airbnb-landlords-defend-their-work-and-the-care-of-their-properties.html,2019-09-03,en,thestar.com,thestar.com,2019,False
80e533fed3da333b989fc893c0014d9b16235208ca362447038a952892227ea2,"Airbnb sublets are an evictable offence, says Landlord BC",http://www.cbc.ca/news/canada/british-columbia/airbnb-vrbo-craigslist-sublets-are-an-evictable-offence-says-landlord-bc-1.2989100?cmp=rss,2015-03-06,en,cbc.ca,cbc.ca,2015,False
50bdff403bc4d97ab6ac60d59ffd2aeb72d4d92d161ea957cf9888832821073d,"Alabama man gets life for stabbing, burning of landlord",https://www.thestar.com/news/world/us/2019/07/24/alabama-man-gets-life-for-stabbing-burning-of-landlord.html,2019-07-24,en,thestar.com,thestar.com,2019,False
97ebf95659e477602a1d86d17cdfd9797ee2c6754ede7f4ce9bf9c806a77fa7e,"Alabama man on trial in stabbing, burning of landlord",https://www.thestar.com/news/world/us/2019/06/14/alabama-man-on-trial-in-stabbing-burning-of-landlord.html,2019-06-14,en,thestar.com,thestar.com,2019,False
d0b5bef4a11320f1104f7b08459df52f570e462ec2034b138a1ea63462d286e9,Alberta bill prevents landlords from evicting commercial tenants for non-payment of rent until end of August,https://www.dailyheraldtribune.com/news/politics/alberta-bill-prevents-landlords-from-evicting-commercial-tenants-until-end-of-august/wcm/c0895a39-54bb-4885-aaab-a6029eb67fde,2020-06-16,en,dailyheraldtribune.com,dailyheraldtribune.com,2020,False
7df0036ead76942b12df3e8c3a64288d94743834b2304ed9e52a66f8117de791,Alberta bill prevents landlords from evicting commercial tenants,http://edmontonjournal.com/news/politics/alberta-bill-prevents-landlords-from-evicting-commercial-tenants-until-end-of-august,2020-06-17,en,edmontonjournal.com,edmontonjournal.com,2020,False
949fe000eb97d439d06425230faa86256cd25f4eaca33a01ffe4665fe7a56798,"Alberta imposes more measures to deal with pandemic, says landlords can't evict",https://lethbridgeherald.com/news/provincial-news/2020/03/27/alberta-imposes-more-measures-to-deal-with-pandemic-says-landlords-cant-evict/,2020-03-27,en,lethbridgeherald.com,lethbridgeherald.com,2020,True
4f122339128ceee9e3e5248ba5f918ad9c818019d6deba2156539c2ae2183d23,"Alberta imposes more measures to deal with pandemic, says landlords can’t evict",https://www.thestar.com/news/canada/2020/03/27/alberta-imposes-more-measures-to-deal-with-pandemic-says-landlords-cant-evict.html,2020-03-27,en,thestar.com,thestar.com,2020,True
d41de5dab6a793eeadfa44d00b85611660be34d2a610e4e672bb44a120bac9b0,Alberta landlord fears financial challenges as protections for renters kick in,https://globalnews.ca/news/6759842/calgary-alberta-landlord-protections-renters-coronavirus/,2020-03-31,en,globalnews.ca,globalnews.ca,2020,False
481918f80395bd848bd022a66cc8db738d45f4a1605d2fdaa10e84b005b48bd0,Alberta landlord struggling to evict man living rent-free on his driveway,https://globalnews.ca/news/3838405/alberta-landlord-struggling-to-evict-man-living-rent-free-on-his-driveway/,2017-11-01,en,globalnews.ca,globalnews.ca,2017,False
e64ae1b7fd8bf0aeee4d4f43eb54d2016b1964f6016764abc6adb4b954f5fd4f,Alberta landlord wins battle to boot squatter from driveway,http://www.cbc.ca/news/canada/calgary/alberta-squatter-driveway-eviction-1.4392283?cmp=rss,2017-11-08,en,cbc.ca,cbc.ca,2017,False
d7d406caf34b4e8de780302523dd8597c1a6d3a12d28048cd6bbdb2420a6ee59,Alberta landlords can't evict because of pandemic,https://www.winnipegfreepress.com/arts-and-life/life/health/alberta-imposes-more-measures-to-deal-with-pandemic-says-landlords-cant-evict-569176492.html,2020-03-27,en,winnipegfreepress.com,winnipegfreepress.com,2020,True
f26d7b633ed704df94e06b8cfebdb1d154ddfb1aa597acc9d50eafcd951ef7ea,"Alberta landlords forced to offer free TVs, housecleaning, groceries to rent their properties",http://globalnews.ca/news/2529060/alberta-landlords-forced-to-offer-free-tvs-housecleaning-groceries-to-rent-their-properties/,2016-02-19,en,globalnews.ca,globalnews.ca,2016,False
1bf304457b856133c2f186a27d15b1552a7989fd7c0734d2ff2250b8e3b86e46,Alberta legislation put forward to move mobile home tenant-landlord disputes out of court,https://globalnews.ca/news/6602296/alberta-legislation-mobile-home-tenant-landlord-disputes/,2020-02-27,en,globalnews.ca,globalnews.ca,2020,False
6b71a0db0ae2f6997e9a3414adc0367d915a82297c4d8206a5f6ac629fe809d9,"Alberta survey to ask businesses, commercial landlords about COVID-19 challenges",https://globalnews.ca/news/6985416/alberta-government-commercial-renter-landlord-survey-coronavirus-covid-19/,2020-05-25,en,globalnews.ca,globalnews.ca,2020,False
624f0d963293deffc1b53ceba94cd8c56addca2c881c25383e0ac91a4786d63d,"Amid housing crunch, 63% of Canadians agree landlords should be allowed to ban pets: poll",https://globalnews.ca/news/4113193/amid-housing-crunch-63-of-canadians-agree-landlords-should-be-allowed-to-ban-pets-poll/,2018-03-29,en,globalnews.ca,globalnews.ca,2018,False
387cb271d80e751bada000081bd217b1cb04870ef511234b4ae4280401be8dfa,"Amid housing crunch, B.C. group wants to stop landlords from banning pets",https://globalnews.ca/news/3955753/rental-pet-ban/,2018-01-09,en,globalnews.ca,globalnews.ca,2018,False
c02db61b88abd57c8da45c2a8411c699743e9d89bcf6d1f00636375a1a938b73,"Amid Vancouver housing crunch, students choosing Mom and Dad as landlord",https://globalnews.ca/news/4418003/student-housing-crunch/,2018-08-30,en,globalnews.ca,globalnews.ca,2018,False
51a9b7d2d01d462e9e4d4c5e9676b15237b3edb9610912c6b36de12983ad8498,An Ontario renter’s ‘scary’ situation with homelessness after landlords sell property,https://globalnews.ca/news/10416830/an-ontario-renters-scary-situation-with-homelessness-after-landlords-sell-property/,2024-04-12,en,globalnews.ca,globalnews.ca,2024,False
5962179ed1906043b9b62de819f536a30c1918adda1ceeb9e3a0cffc64c29dec,Anatomy of a rent strike: These tenants lost their case at the Landlord and Tenant Board — but they’re not done fighting,https://www.thestar.com/news/gta/anatomy-of-a-rent-strike-these-tenants-lost-their-case-at-the-landlord-and-tenant/article_145e6b64-b643-11ef-83d1-83048de52431.html,2025-01-12,en,thestar.com,thestar.com,2025,False
1c62913bd97051063122eae593b036f7b0704f52960ff89ad6fcb08cf4906569,ANDY NGO REPORTS: Portland radical leftist convicted of burning down occupied apartment building in revenge attack against landlord,https://thepostmillennial.com/andy-ngo-reports-portland-radical-leftist-convicted-of-burning-down-occupied-apartment-building-in-revenge-attack-against-landlord,2024-10-04,en,thepostmillennial.com,thepostmillennial.com,2024,False
7206add092c9b31cbcd2c6d21c748d9aa8f75f36df648e05795fe456bf64364a,Anger rising for small landlords amid delays at Ontario tribunal,https://www.cbc.ca/news/canada/landords-tenants-ontario-tribunal-delays-1.7174101?cmp=rss,2024-05-07,en,cbc.ca,cbc.ca,2024,False
70c873d5598c125fe6c02fdca729f7c0e69e9006625545501a3ef35889ea97f8,Animals make the worst landlords: Reno Rookie,https://www.thestar.com/life/2016/10/06/animals-make-the-worst-landlords-reno-rookie.html,2016-10-06,en,thestar.com,thestar.com,2016,False
411eb03ca2e2dda16e4236d2050e4eff9f6dd2dde6d32b9ca9b8b3d50f424a4a,Another tenant says Kitsilano landlord used leak in apartment as grounds for eviction,https://globalnews.ca/news/4181021/another-tenant-says-kitsilano-landlord-used-leak-in-apartment-as-grounds-for-eviction/,2018-05-01,en,globalnews.ca,globalnews.ca,2018,False
82cd329d4a366dc5a75c6a012b521a1690253b39aea85e727ded8080c6c89c7d,"Anti-corruption probe clears Edmonton police after detective alleged 'close-knit' ties between landlord, EPS brass",https://edmontonjournal.com/news/local-news/edmonton-police-detective-suspended-for-explosive-allegations-regarding-eps-brass-landlord,2021-07-30,en,edmontonjournal.com,edmontonjournal.com,2021,False
18ca57f46499fdb76da1cfab85a886b3e2e3a668455e99f81d2acb3da09b035d,"Anti-renoviction bylaw will target ‘predatory’ landlords, says Port Coquitlam mayor",https://globalnews.ca/news/5080409/port-coquitlam-renoviction-bylaw/,2019-03-21,en,globalnews.ca,globalnews.ca,2019,False
8ff871817e4283634e8a685ec827de31165f87862fc4a6b9d7fb92139d2fdc54,"Anti-renoviction motion could have unintended effects, landlords warn",https://bc.ctvnews.ca/anti-renoviction-motion-could-have-unintended-effects-landlords-warn-1.4206802,2018-12-05,en,ctvnews.ca,ctvnews.ca,2018,False
0848261653820e67ce75cc4dfb0f2e9b0d631fc43c3648015f49011d0de8a581,"Apartment tenants could be evicted if they grow pot when it's legal, warns major Ottawa landlord",https://ottawacitizen.com/cannabis/cannabis-culture/apartment-tenants-could-be-evicted-if-they-grow-pot-when-its-legal-warns-major-ottawa-landlord,2018-07-07,en,ottawacitizen.com,ottawacitizen.com,2018,False
ae94a5341580c21ef0141ad4b9e1cb33de98dcef6c9516e4ae38ef6af6aec049,Appeal denied to Brampton landlord who violated Muslim tenants’ religious rights,https://www.thestar.com/news/immigration/2017/08/15/appeal-denied-to-brampton-landlord-who-violated-muslim-tenants-religious-rights.html,2017-08-15,en,thestar.com,thestar.com,2017,False
1890998d31dba35d43e3dde65a63de51002241d3f5fa7181cbdf68c125f45b84,Are commercial landlords paying their fair share?,https://www.theglobeandmail.com/real-estate/vancouver/article-are-commercial-landlords-paying-their-fair-share/,2025-02-14,en,theglobeandmail.com,theglobeandmail.com,2025,False
2a1990101babc41aa79ad9a278cc77f563ca1589ed06b22636132c97fd69ac00,Are international students in Thunder Bay at risk of exploitation by landlords?,https://www.cbc.ca/news/canada/thunder-bay/international-students-landlords-1.4882899?cmp=rss,2017-04-06,en,cbc.ca,cbc.ca,2017,False
3dfc6c87fea3e3cdcbe8cd69586fc1b1f64f38289158607fe72e678cd5f56566,Are N.B. landlords within their rights to ban pets?,https://tj.news/telegraph-journal/101847707?ref=rss,2022-04-18,en,tj.news,tj.news,2022,False
e3cc8d73283db0e5189d5aa6ea3368406a719a581ed4a797abeea548cb872332,Are Ontario landlords playing by the rules? What you need to know before renting,https://www.thespec.com/business/real-estate/real-estate-durham/article_bc60a9e7-6cea-55ac-b713-8cc53462ed87.html,2025-08-07,en,thespec.com,thespec.com,2025,True
9987300ae8fb9ee078650908d584cdf190a006f2e0f4d5370cddcc7fac18bb59,Area landlords working to reduce homelessness,https://www.intelligencer.ca/news/local-news/area-landlords-working-to-reduce-homelessness,2018-12-13,en,intelligencer.ca,intelligencer.ca,2018,False
df99d4eb1b2e3eff3de3d6fb87cdaab460c398248d4d97842c758147fb53b108,Argument with St. Catharines landlords leads to police using stun gun,https://www.niagarafallsreview.ca/news/crime/argument-with-st-catharines-landlords-leads-to-police-using-stun-gun/article_b5b6a634-2d8d-50fe-a83e-12ab7044014a.html,2024-08-27,en,niagarafallsreview.ca,niagarafallsreview.ca,2024,True
3a9302081c8874f1790e007f349ad1eb72d070d60ec219fa764efcbe44eeb5fa,Around 100 households on rent strike and facing mass eviction reach ‘amicable agreement’ with landlord,https://www.thestar.com/real-estate/around-100-households-on-rent-strike-and-facing-mass-eviction-reach-amicable-agreement-with-landlord/article_5fa7585b-2e3e-46ba-a76b-77be74337412.html,2025-09-04,en,thestar.com,thestar.com,2025,False
add0ee5211c527897fcdc4cf2e9dd1ded4c274a12f17755a77425427227312c9,"Artists, musicians find new space, supportive landlords after studios destroyed in July blaze",https://www.winnipegfreepress.com/local/artists-musicians-find-new-space-supportive-landlords-after-studios-destroyed-in-july-blaze-530768731.html,2019-08-09,en,winnipegfreepress.com,winnipegfreepress.com,2019,False
23a361cc41f0331701e120f6486d54681cba623569f643f15ac6d4cee735c34a,"As 'personal use' evictions appear to spike in Toronto, tenants suspicious of landlord cash grabs",http://www.cbc.ca/news/canada/toronto/personal-use-evictions-1.4530383?cmp=rss,2018-02-11,en,cbc.ca,cbc.ca,2018,False
09a4519cfbc0c1f15002eb41c8629aaf3badcb2b368edb8ee544f89784928353,"As feds audit landlords over rent aid, businesses fall through cracks of new program",https://www.ctvnews.ca/business/as-feds-audit-landlords-over-rent-aid-businesses-fall-through-cracks-of-new-program-1.5300101,2021-02-08,en,ctvnews.ca,ctvnews.ca,2021,True
41a591abc9011c3d12984a39598269a62c99a1e2877a3b87bc9276afab2750af,"As feds audit landlords over rent aid, businesses fall through cracks of new program",http://www.bclocalnews.com/business/as-feds-audit-landlords-over-rent-aid-businesses-fall-through-cracks-of-new-program/,2021-02-09,en,bclocalnews.com,bclocalnews.com,2021,False
b76a3930fa7adf53bbc9003b779fada131513ac5fdaaa8ca55664ed792f39800,"As Granville Island market turns 40, its federal landlord looks to build on success",https://www.cbc.ca/news/canada/british-columbia/granville-island-market-40-years-1.5202785?cmp=rss,2019-07-06,en,cbc.ca,cbc.ca,2019,False
53eb92acf5439570addbbc72758c536f4c6cf60a366fd44e6a508f1d8987f637,"As illegal pot dispensaries thrive, NYC goes after landlords",https://www.winnipegfreepress.com/business/2023/02/07/as-illegal-pot-dispensaries-thrive-nyc-goes-after-landlords,2023-02-07,en,winnipegfreepress.com,winnipegfreepress.com,2023,False
99b677bea0bd8906788c6e19a9cf4824b3b7e174d63289c0d1f22a22a6cb4566,"As May 1 nears, tenants and landlords worry about lack of rent relief from Queen’s Park, Ottawa",https://www.thestar.com/news/city_hall/2020/04/28/as-may-1-nears-tenants-and-landlords-worry-about-lack-of-rent-relief-from-queens-park-ottawa.html,2020-04-28,en,thestar.com,thestar.com,2020,False
3a3c7e2b51de14b0e138195d546b33512447f6c1606dbb0952752fd1c0bb53b6,"As mill rates rise and rental vacancy rate increases, landlords feel the pinch",http://leaderpost.com/news/local-news/as-mill-rates-rise-and-rental-vacancy-rate-increases-landlords-feel-the-pinch,2017-04-20,en,leaderpost.com,leaderpost.com,2017,False
4623874477c2d33525858ae6d5352956a7726601858348efd15a8c8e90775279,"As Moving Day looms, Montreal tenants and landlords head towards eviction showdown",https://montreal.ctvnews.ca/as-moving-day-looms-montreal-tenants-and-landlords-head-towards-eviction-showdown-1.4949808,2020-05-21,en,ctvnews.ca,ctvnews.ca,2020,False
2748f3e43ab9005bc295c83fe9ff6113f1b9bfba6949ec59feb158cbd39b1e36,"As pet owners suffer rental insecurity, perhaps landlords should think again",http://theconversation.com/as-pet-owners-suffer-rental-insecurity-perhaps-landlords-should-think-again-63275,2016-08-15,en,theconversation.com,theconversation.com,2016,False
7606c1546dc6d022d7715418440d9b79986896a5fa54710728f2be411769fe26,"As rents soar, more Toronto landlords are moving to evict renters for their own use",https://www.thestar.com/news/gta/2022/11/29/why-more-toronto-landlords-are-moving-to-evict-renters-from-units-for-their-own-use.html,2022-11-29,en,thestar.com,thestar.com,2022,False
edfa4eb38bd6852db8e8c633da8afa0a5d238fa55da17da8bca9c68707a76e5f,"As tenants protest 'renoviction,' Toronto councillor calls for new landlord rules",https://www.cbc.ca/news/canada/toronto/renoviction-fletcher-245-logan-1.5354690?cmp=rss,2019-11-10,en,cbc.ca,cbc.ca,2019,False
ba0ff39d887f60ef7b2a84c13f9218b7172d747697e5aadc21eca07a7d95bb0a,"As vacancy rates drop in Halifax, officials hope proposed landlord registry can fix that",https://atlantic.ctvnews.ca/as-vacancy-rates-drop-in-halifax-officials-hope-proposed-landlord-registry-can-fix-that-1.4407212,2019-05-03,en,ctvnews.ca,ctvnews.ca,2019,False
a521ef080cd46e4521a45f458bff0ebf77bb1ca430a770220dc7a7b65437b946,ASK AMY: Landlord has become way too handy toward tenant,http://torontosun.com/life/relationships/ask-amy-landlord-has-become-way-too-handy-toward-tenant,2018-02-04,en,torontosun.com,torontosun.com,2018,False
c14f2fb0b9f38d238da49a70943fa7f2f899180449907b8bc6a97ff47e5a48d3,ASK AMY: Mom’s plans to be a landlord end in tears,https://torontosun.com/life/relationships/ask-amy-moms-plans-to-be-a-landlord-end-in-tears,2018-08-08,en,torontosun.com,torontosun.com,2018,False
44e813f4a64ccbaa0924b1b8150809434ac9167a006bee8c9afc3a87b1db3aab,"Asking for illegal rent deposits common among Quebec landlords, says new survey",http://www.cbc.ca/news/canada/montreal/asking-for-illegal-rent-deposits-common-among-quebec-landlords-says-new-survey-1.4189095?cmp=rss,2017-06-13,en,cbc.ca,cbc.ca,2017,False
1680b822eba5b314f186ba65c9501aa92968a114b86a29002cbdb005cbb66d61,Assault charges dropped against Hamilton real estate agent involved in nasty landlord-tenant dispute,https://www.thespec.com/news/hamilton-region/assault-charges-dropped-against-hamilton-real-estate-agent-involved-in-nasty-landlord-tenant-dispute/article_1eec6f5a-2c11-546d-a963-a43e4cd60937.html,2025-11-12,en,thespec.com,thespec.com,2025,False
7493b8651773e6d01601dc47be0ee79dee759addd6715da816ed4b5230353fbb,Attention landlords: Don't count on rising hydro costs as a reason to raise your rent anymore,http://www.cbc.ca/news/canada/toronto/landlord-hydro-costs-1.4084512?cmp=rss,2018-08-14,en,cbc.ca,cbc.ca,2018,False
5f79a2153d2fa8fecc1443be7d2a813d8d86dd5899b91ed3fed2b53628808701,Auditor general finds 'kickback scheme' between landlords and city housing worker,https://www.cbc.ca/news/canada/ottawa/auditor-general-finds-kickback-scheme-between-landlords-and-city-housing-worker-1.7398568?cmp=rss,2023-02-22,en,cbc.ca,cbc.ca,2023,False
8c8c512348d1f49ffef787153880f1afe59b3934df362facbba761730e5561ec,Aunt Leah's Place-launched Friendly Landlord Network finding homes for teens 'aging out' of foster care,http://vancouversun.com/news/local-news/aunt-leahs-place-launched-friendly-landlord-network-finding-homes-for-teen-aging-out-of-foster-care,2016-12-26,en,vancouversun.com,vancouversun.com,2016,False
4a6fbf5d6efafc544e6b3657e8dbf09ba96bdb6db0204cdac15f6d95df40e442,Aurora landlord forced to sell apartment complex after Tren de Aragua take-over,https://thepostmillennial.com/aurora-landlord-forced-to-sell-apartment-complex-after-tren-de-aragua-take-over,2024-09-09,en,thepostmillennial.com,thepostmillennial.com,2024,False
eef9a28cdaefd55de9395a86f61f3c8e75342f79ecae31a4efa529454a673de3,B.C. bans commercial evictions for landlords who won’t participate in Ottawa’s rent-relief program when their tenant qualifies,https://www.theglobeandmail.com/canada/british-columbia/article-bc-bans-commercial-evictions-for-landlords-who-wont-participate-in/,2020-06-01,en,theglobeandmail.com,theglobeandmail.com,2020,False
8019596405b5dff1238c91faa3551a96475b89bf9f7572d252670bc80f382eb7,"B.C. bans commercial evictions, urges landlords to apply for funding",http://vancouversun.com/news/local-news/covid-19-finance-officials-to-share-next-steps-in-b-c-s-action-plan,2020-06-01,en,vancouversun.com,vancouversun.com,2020,False
8643b290fb9d7161b6c10bb2777196c9b91fcebb6a88de074d62bf9d6be79395,B.C. billionaire wanting Bay leases doesn't have cash to launch new chain: landlord,https://www.winnipegfreepress.com/business/2025/08/29/b-c-billionaire-wanting-bay-leases-doesnt-have-cash-to-launch-new-chain-landlord,2025-08-29,en,winnipegfreepress.com,winnipegfreepress.com,2025,False
1833a11ab1e6a0e13117d0f506cabdcffa7fb7a5d4d4bfb1054aad3533f8f8c2,B.C. billionaire wanting Bay leases doesn’t have cash to launch new chain: landlord,https://www.thestar.com/news/canada/british-columbia/b-c-billionaire-wanting-bay-leases-doesnt-have-cash-to-launch-new-chain-landlord/article_f569cfb6-5867-5bb5-b8c8-5b139f5820c0.html,2025-08-29,en,thestar.com,thestar.com,2025,True
47a04d2b3b9f3de3cf34d85adc78a9c131732ce3347f1e46bc0ee0cbabcadde2,B.C. billionaire wanting Hudson's Bay leases says landlord concerns are 'misguided',https://www.cbc.ca/news/canada/british-columbia/ruby-liu-says-hudson-s-bay-landlord-concerns-are-misguided-1.7607908?cmp=rss,2025-08-13,en,cbc.ca,cbc.ca,2025,True
2bf76a6b7b82f862bcac966bbd50a430e349bac536d5d634e13be3397f076355,B.C. billionaire wanting Hudson’s Bay leases says landlord concerns are ‘misguided’,https://www.thestar.com/news/canada/british-columbia/b-c-billionaire-wanting-hudsons-bay-leases-says-landlord-concerns-are-misguided/article_8b9a2e9a-3260-5b9e-ac3d-b9aead1571e9.html,2025-08-13,en,thestar.com,thestar.com,2025,True
e04710a2bb2c8429e9c306538765ff172abaf45e84debece5fd7d3b232ed7861,B.C. boosts funding for agency tasked with settling tenant-landlord disputes,https://globalnews.ca/news/9376079/bc-funding-agency-tenant-landlord-disputes/,2022-12-28,en,globalnews.ca,globalnews.ca,2022,False
e3424a4625c1b1435cca36183a21ff7835bec82a8178e8d2b5141af0ba81f4ae,B.C. boosts funds to agency that handles disputes between landlords and tenants,https://www.thestar.com/news/canada/2022/12/28/bc-boosts-funds-to-agency-that-handles-disputes-between-landlords-and-tenants.html,2022-12-28,en,thestar.com,thestar.com,2022,True
99fed4536515bfb98f2840dbdefc2a5de99bb7a4148d74cd7622f1d7d49dbd6c,"B.C. boosts public education, enforcement for renters and landlords",https://www.cbc.ca/news/canada/british-columbia/rental-recommendations-public-education-1.5129123?cmp=rss,2018-02-15,en,cbc.ca,cbc.ca,2018,False
2d740f4baa3f92e4054f896b75304bd675c14c8546e860e144d1e42b127a2e6e,"B.C. boosts public education, enforcement for renters and landlords",http://www.timescolonist.com/b-c-boosts-public-education-enforcement-for-renters-and-landlords-1.23816372,2019-05-08,en,timescolonist.com,timescolonist.com,2019,True
c5149fd3acb3d6a73dd90d94d03c30f3cb4544b22049db5c74df2c11cbfe5c6b,"B.C. city's plan to fine landlords for using up police time 'morally reprehensible,' legal society says",http://www.cbc.ca/news/canada/british-columbia/prince-george-bylaw-pivot-legal-1.4488205?cmp=rss,2018-01-16,en,cbc.ca,cbc.ca,2018,False
e51030334be56bac78575b4ce1c23e2c7e119e6e9ad6247aa7af6dcab3b8be0f,"B.C. considers ‘transition measures’ for landlords, renters as rental supplement is set to expire",https://globalnews.ca/news/7041678/landlord-renters-eviction/,2020-06-08,en,globalnews.ca,globalnews.ca,2020,False
8a6403605a59a8054deddf5eea7d1e3e44471a06c9c47cef9362ea27332217da,B.C. court grapples with whether to allow class-action lawsuit against SRO landlords,http://vancouversun.com/news/local-news/b-c-court-grapples-with-whether-to-allow-class-action-lawsuit-against-sro-landlords,2017-06-09,en,vancouversun.com,vancouversun.com,2017,False
be65dd16fdb24ead4f025427241f3d676e6f8eebbf968360a92e5c3f3d85dec0,B.C. creates investigative team to crack down on landlords and tenants who flout the law,https://www.thestar.com/vancouver/2019/05/08/bc-creates-investigative-team-to-crack-down-on-landlords-and-tenants-who-flout-the-law.html,2019-05-08,en,thestar.com,thestar.com,2019,False
2b4fa9afe6d7fec6583511040cad1dc5d9acede19acc89d45ef2ca67d59a1313,B.C. Doubling Staffing Of Landlord-tenant Dispute Resolution Unit,https://www.abbynews.com/news/b-c-doubling-staffing-of-landlord-tenant-dispute-resolution-unit/,2022-12-28,en,abbynews.com,abbynews.com,2022,False
60ae7c0513b3f02c59fba8b322fc1e6abf66ec17005da2f88894da39d0058824,B.C. doubling staffing of unit that resolves landlord-tenant disputes,https://www.trailtimes.ca/news/b-c-doubling-staffing-of-landlord-tenant-dispute-resolution-unit/,2022-12-28,en,trailtimes.ca,trailtimes.ca,2022,True
db546d0a633c5ade30bfa35fda3efeafb55edd2d33c3b6dc18ab2ec4e349b6bf,B.C. eviction ban leaves some landlords in a bind,https://globalnews.ca/video/6981385/b-c-eviction-ban-leaves-some-landlords-in-a-bind/,2020-05-24,en,globalnews.ca,globalnews.ca,2020,False
98f4b105691f3cdef51a7dbcc40b7e245e29c22459074a9843f8f5a5e9a65014,B.C. government promises faster tenant-landlord dispute resolution with online service,http://www.cbc.ca/news/canada/british-columbia/b-c-government-promises-faster-tenant-landlord-dispute-resolution-with-online-service-1.4347902?cmp=rss,2017-10-02,en,cbc.ca,cbc.ca,2017,False
c4372303a24ec39c1491ebaabca5b9566f365bc5b9359e3dd4eb185dfa903fbd,"B.C. Greens look to bring back vacancy control, blocking ‘predatory landlords’",https://abbynews.com/2025/10/28/b-c-greens-look-to-bring-back-vacancy-control-blocking-predatory-landlords/,2025-10-28,en,abbynews.com,abbynews.com,2025,True
44f463ff1a819ab7bd7209991ecb0497269b13ad26e536926393f435dcf141f6,B.C. group wants government to prohibit landlords from banning pets in rental units,https://globalnews.ca/news/3819258/b-c-group-wants-government-to-prohibit-landlords-from-banning-pets-in-rental-units/,2017-10-23,en,globalnews.ca,globalnews.ca,2017,False
e6418b02e83ccb1126902daa509a6103a804a612169c9ea25f95f112f83541f8,B.C. housing minister foreshadows legal crackdown on bad landlords,http://vancouversun.com/news/local-news/b-c-housing-minister-foreshadows-legal-crackdown-on-bad-landlords,2016-05-02,en,vancouversun.com,vancouversun.com,2016,False
1fd3db48670bb7bb0e5567708b61c732129e89f9b9522f58ad0c0fc39ddc7ae8,B.C. housing policies allowing landlords to evict drug users: study,https://bc.ctvnews.ca/b-c-housing-policies-allowing-landlords-to-evict-drug-users-study-1.4353286,2019-03-26,en,ctvnews.ca,ctvnews.ca,2019,False
91c82bab006da45a40c6a2ca310ccf90d1669913e907b48297f962e78ac22ee1,B.C. landlord asks dog owners for fecal samples to sniff out stairwell mess,http://www.ctvnews.ca/canada/b-c-landlord-asks-dog-owners-for-fecal-samples-to-sniff-out-stairwell-mess-1.2360083,2015-05-05,en,ctvnews.ca,ctvnews.ca,2015,False
d3bf6de4e049560ad45b5be547130bbcdd4a93cdfef637e1f6796d7d5fb9d4ca,"B.C. landlord can’t evict tenant, even though renter is in jail",https://www.reddeeradvocate.com/news/b-c-landlord-cant-evict-tenant-even-though-renter-is-in-jail/,2020-02-26,en,reddeeradvocate.com,reddeeradvocate.com,2020,False
894a76ac0c91fb9115d010f11ee18898a8d081c6a48d671dbed5c75994d4f3f8,B.C. landlord can’t serve eviction notice because tenant is in jail,https://www.abbynews.com/news/b-c-landlord-cant-serve-eviction-notice-because-tenant-is-in-jail/,2020-02-25,en,abbynews.com,abbynews.com,2020,True
8c4b2806d1174086f4907cee6b63b2d4479714256993e4b9ae951fa704430a3f,B.C. landlord fights to evict firestarting tenants who locked her out of own home,http://www.cbc.ca/news/canada/british-columbia/valerie-maltese-kelowna-landlord-locked-out-of-own-house-by-firestarting-tenants-1.3027102?cmp=rss,2015-04-10,en,cbc.ca,cbc.ca,2015,False
b33b19aaca053deac34b116b483b91570462123ddad381f2f7000aef193edc17,B.C. landlord fined almost $18K for illegal eviction,https://globalnews.ca/news/10024351/bc-landlord-illegal-eviction-fine/,2023-10-13,en,globalnews.ca,globalnews.ca,2023,False
415f9375645b7b466d21f91f563d41d555efd6a784e83913da1b8385079b7e68,B.C. landlord loses bid to evict renter over $3K in unpaid utilities,https://bc.ctvnews.ca/b-c-landlord-loses-bid-to-evict-renter-over-3k-in-unpaid-utilities-1.6172490,2022-11-28,en,ctvnews.ca,ctvnews.ca,2022,False
f18cfd8237bd2ea62248311460fa030478d3cb1fd9abe98101be0a97c6d5c671,"B.C. landlord must pay tenant $1,322 for bed bug infestation",https://www.timescolonist.com/animal-stories/bc-landlord-pay-tenant-bed-bug-infestation-2024-9261716,2024-07-30,en,timescolonist.com,timescolonist.com,2024,False
a0721e944236b82a3635ca17f929e7cb25935ea95790deec140cfd697b0a9a13,B.C. landlord ordered to pay $11K denies she pressured tenant to move with newborn,https://bc.ctvnews.ca/b-c-landlord-ordered-to-pay-11k-denies-she-pressured-tenant-to-move-with-newborn-1.4842315,2020-03-06,en,ctvnews.ca,ctvnews.ca,2020,False
6f93b771f6cd0e1ff45813fa7d044c8917db3a0724cff66bf24f206ed9e956e4,B.C. landlord ordered to pay $23K for repeatedly trying to evict tenant over Indigenous smudging,https://www.cbc.ca/news/canada/british-columbia/bc-smudging-human-rights-1.5484816?cmp=rss,2019-12-19,en,cbc.ca,cbc.ca,2019,False
f04d58c99e03cd2fd74ecd5659953f76b05dd34ec553a57d49f1857bf7896a10,B.C. landlord ordered to pay year's rent to woman evicted for Airbnb,https://www.abbynews.com/home2/judge-confirms-rtb-decision-surrey-renter-was-evicted-for-airbnb-8218140,2025-08-27,en,abbynews.com,abbynews.com,2025,True
a358927f2622b524eefae797338372c62c0759e7b6f51f81ecb5fce0e0290a2c,"B.C. landlord registry translated to Punjabi, Mandarin to encourage participation",http://www.abbynews.com/news/b-c-landlord-registry-translated-to-punjabi-mandarin-to-encourage-participation/,2018-10-11,en,abbynews.com,abbynews.com,2018,True
9419fea558cc366fc55a7c305d5287ad9ae1d4f85a567630d93628e768ed2fa4,"B.C. landlord replaces windows, doors he removed during rent dispute after province steps in",https://bc.ctvnews.ca/b-c-landlord-replaces-windows-doors-he-removed-during-rent-dispute-after-province-steps-in-1.5059426,2020-08-11,en,ctvnews.ca,ctvnews.ca,2020,False
8c5ff32293559ac0b742e77e5069187745ed9d5c3b33ba9015719f8b42fcbbe0,B.C. landlord says he had no idea ‘Canada’s largest drug superlab’ was on his property,https://globalnews.ca/news/11017796/bc-landlord-no-idea-canada-largest-drug-superlab-on-his-property/,2025-02-13,en,globalnews.ca,globalnews.ca,2025,False
cc72468ec116242b8c3d8c5c9686987eb8cb2ee6d5012617218f82c89fc3b427,B.C. landlord sentenced to two years in jail for torching his own rental property,http://www.abbynews.com/news/b-c-landlord-sentenced-to-two-years-in-jail-for-torching-his-own-rental-property/,2020-01-18,en,abbynews.com,abbynews.com,2020,True
63a06030e94e46564cfe886705b159868f7ce37c58102b77b6a86c273f895f80,"B.C. Landlord Told To Disable Video Cameras, Stop Recording Tenant",https://www.abbynews.com/news/b-c-landlord-told-to-disable-video-cameras-stop-recording-tenant/,2023-06-15,en,abbynews.com,abbynews.com,2023,True
ae45acfe9b2371bf3ac02c1800f563c9f08a02cfab735f72b773f5c753483268,B.C. landlords aim to curb grow-ops ahead of marijuana legalization,http://www.theglobeandmail.com/news/british-columbia/bc-landlords-aim-to-curb-grow-ops-ahead-of-marijuana-legalization/article34468321/?cmpid=rss1,2017-03-28,en,theglobeandmail.com,theglobeandmail.com,2017,False
883dc9cdc84ace7878d4b7544f833e36d7b2d70a9f6e4ee75159dc48ec0bacb0,"B.C. landlords collect too much personal information, watchdog says",https://www.abbynews.com/news/b-c-landlords-collect-too-much-personal-information-watchdog-says/,2018-03-22,en,abbynews.com,abbynews.com,2018,True
54d0e634d4c660bf82577400a12ada6a406049d0bbff9107be25b02fba2cddf4,B.C. landlords look to curb legal pot use with rent agreements,http://www.timescolonist.com/news/local/b-c-landlords-look-to-curb-legal-pot-use-with-rent-agreements-1.13419652,2017-03-30,en,timescolonist.com,timescolonist.com,2017,False
56153e5133cd9831590de610ca4790c9e56acec38d4068f75d349939f9ccf3e6,B.C. landlords say rules unfairly benefit tenants,https://bc.ctvnews.ca/problematic-renters-are-abusing-b-c-s-tenancy-laws-landlord-petition-claims-1.6615119,2023-10-24,en,ctvnews.ca,ctvnews.ca,2023,False
674a180bcce22a44eb81faf5098bdb56fa18925286ac30dab5fd579069e63993,B.C. landlords want ban on marijuana plants in rentals and stratas,http://globalnews.ca/news/3382695/b-c-landlords-want-ban-on-marijuana-plants-in-rentals-and-stratas/,2017-04-16,en,globalnews.ca,globalnews.ca,2017,False
e201154546d2c7af39fadac3e9e19deec1292741fff13bb13397c87f73123c6a,"B.C. landlords welcome power to prevent tenants growing, smoking pot",http://www.cbc.ca/news/canada/british-columbia/b-c-landlords-welcome-power-to-prevent-tenants-growing-smoking-pot-1.4522151?cmp=rss,2017-11-15,en,cbc.ca,cbc.ca,2017,False
8bd54d5a8ae908f9b8e0ec3996bc931fb32462f9f67fd233b53bb19edf20779e,B.C. landlords who opted for variable mortgage allowed to impose massive rent hikes,https://bc.ctvnews.ca/b-c-landlords-allowed-to-impose-massive-rent-hikes-after-mortgage-payments-spike-1.7001218,2024-08-14,en,ctvnews.ca,ctvnews.ca,2024,False
0d180fb402babd739d02f0624d421e807d52961c2c11fb90f4184dc575962823,B.C. landlords will now have to pay tenants interest on their damage deposit,https://globalnews.ca/news/9453001/bc-landlords-interest-damage-deposit-tenant/,2023-02-01,en,globalnews.ca,globalnews.ca,2023,False
92aac08bbbf5de6d1a04eba50f4f23be3f3e00649b110382e14b94a9b2f15c09,B.C. landlords win ruling to increase rent by 23.5% over two years,https://globalnews.ca/news/10700468/bc-landlord-ruling-increase-rent-23-percent/,2024-08-15,en,globalnews.ca,globalnews.ca,2024,False
5997f8b6856fad898f523f561fcf9b1a794724d65c2045a7ac5c0cb0a5fc329d,"B.C. Lions player says housing market is so tight, he’s offering free season tickets to potential landlords",https://globalnews.ca/news/4308381/b-c-lions-player-says-housing-market-is-so-tight-hell-offer-free-season-tickets-to-potential-landlords/,2018-07-02,en,globalnews.ca,globalnews.ca,2018,False
42dd22bc3ffd55fd70622f74bcb825ae5358206f286fbb627406dfe2bcfbcf0f,B.C. mall owner lays out plan for Bay leases. Landlords are unconvinced,https://www.thestar.com/business/b-c-mall-owner-lays-out-plan-for-bay-leases-landlords-are-unconvinced/article_b278a3ef-3d78-545f-bb6c-7a83015376ff.html,2025-06-25,en,thestar.com,thestar.com,2025,True
e3cf883016cd736889a93bbc06563b9b37a5254039394e115b68542a088246cb,B.C. mall owner's push to buy 25 Hudson's Bay leases faces landlord opposition: docs,https://www.winnipegfreepress.com/business/2025/06/19/b-c-mall-owners-push-to-buy-25-hudsons-bay-leases-faces-landlord-opposition-docs,2025-06-19,en,winnipegfreepress.com,winnipegfreepress.com,2025,False
2a2a244ddac6a35f98cd87a5e86e18fd7256f73eae2b8c11c68d8f46d1936979,B.C. mall owner’s push to buy 25 Hudson’s Bay leases faces landlord opposition: docs,https://www.thestar.com/business/b-c-mall-owners-push-to-buy-25-hudsons-bay-leases-faces-landlord-opposition-docs/article_57ea768d-c012-59d4-a16d-2967a01abc99.html,2025-06-19,en,thestar.com,thestar.com,2025,True
3b26fbb87a842443a92f0814bd34a68effebdffafbb73028cc1b51569ba705b7,B.C. may soon make it tougher for landlords to jack up rent at a lease’s end,https://globalnews.ca/news/3827608/bc-rental-loophole-closed/,2017-10-26,en,globalnews.ca,globalnews.ca,2017,False
819bfb69db1b46adbb60596ab30aa4191884e96c0c37cc7326e2a2df00bb9775,B.C. MP introduces private member's bill to protect landlords whose tenants grow medical marijuana,http://www.cbc.ca/news/canada/british-columbia/b-c-mp-introduces-private-member-s-bill-to-protect-landlords-whose-tenants-grow-medical-marijuana-1.4005143?cmp=rss,2017-03-01,en,cbc.ca,cbc.ca,2017,False
acdf297b5616fbbd7704070ee39841f312fbbc2a1df81e4fd194332b8ee7432e,B.C. MP introduces private member's bill to protect landlords whose tenants grow medical marijuana,https://www.cbc.ca/news/canada/british-columbia/b-c-mp-introduces-private-member-s-bill-to-protect-landlords-whose-tenants-grow-medical-marijuana-1.4005143,2017-03-02,en,cbc.ca,cbc.ca,2017,False
4753482b0a24fc102ec4bfcb549e17813b14d972e5a02546e0e00acb16cf7bfe,"B.C. offers small business eviction protection, urges landlord participation",https://nationalpost.com/pmn/news-pmn/canada-news-pmn/b-c-offers-small-business-eviction-protection-urges-landlord-participation,2020-06-01,en,nationalpost.com,nationalpost.com,2020,True
449a9857c2d4f13c89f2d828d32556cda2a69415e563378ef81868d434a4eb89,"B.C. offers small business eviction protection, urges landlord to help",https://www.thestar.com/news/canada/2020/06/01/bc-offers-small-business-eviction-protection-urges-landlord-to-help.html,2020-06-01,en,thestar.com,thestar.com,2020,False
5f187c7ba04f9708e53bb1f573519dd42b65657d13fb522562f1ba75dd40af5f,"B.C. pot dispensary landlord must pay $96,000 in fines: judge",https://www.abbynews.com/home2/b-c-pot-dispensary-landlord-must-pay-96000-in-fines-judge/,2018-10-04,en,abbynews.com,abbynews.com,2018,True
d180e13b70f4285a76d77b08035bcb1fb8639f4f4ad9408205b7788145660865,B.C. proposes protections for renters and landlords alike,https://www.cbc.ca/news/canada/british-columbia/bc-protections-renters-landlords-residential-tenancy-act-changes-1.7161267?cmp=rss,2023-05-01,en,cbc.ca,cbc.ca,2023,False
0e4d2ffe5649418f8ba2b1ab7c4e3d7d47e1df5d07e643d6426fdfe47e0a95e6,B.C. renters told to apply for subsidy even if landlords tell them not to,https://globalnews.ca/news/6878768/b-c-renters-told-to-apply-for-subsidy-even-if-landlords-tell-them-not-to/,2020-05-01,en,globalnews.ca,globalnews.ca,2020,False
bba44a9c3ee4ef1dfa707aa6d16e14cbb87c68e27a147da118179d101728b6ef,"B.C. says landlords can start eviction process again, effective immediately",https://bc.ctvnews.ca/b-c-says-landlords-can-start-eviction-process-again-effective-immediately-1.4999668,2020-06-25,en,ctvnews.ca,ctvnews.ca,2020,False
1a554d955600f35a17342c1c687516d355baa53e6812cacb48934dec05270439,B.C. senior wins dispute after landlord raises rent over legal limit,https://www.kimberleybulletin.com/news/nelson-tenant-wins-rent-dispute-with-b-c-wide-implications/,2023-10-04,en,kimberleybulletin.com,kimberleybulletin.com,2023,False
040f9b02ba2593a634ffda59c89c1a29922fc25ccded159f3185cf934cea2655,B.C. single mother faces eviction after landlord refuses money from nonprofit subsidy,https://globalnews.ca/news/9611031/b-c-single-mother-faces-eviction-after-landlord-refuses-money-from-nonprofit-subsidy/,2023-04-08,en,globalnews.ca,globalnews.ca,2023,False
9267ebd637b806559b11abbadb8f24fe3d90c0a0ced1f0e931879d207a3bb852,B.C. tenant faces legal and financial hurdles to reclaim rental suite after landlord locked her out,https://www.cbc.ca/news/canada/british-columbia/lumby-tenant-rental-return-1.7386830?cmp=rss,2024-11-19,en,cbc.ca,cbc.ca,2024,False
457cc860816545a6af2349a889120568b45526807d101816ca1493acc5100867,B.C. tenants face extra rent hikes to fund landlords' repairs – and they're permanent,https://bc.ctvnews.ca/b-c-tenants-face-extra-rent-hikes-to-fund-landlords-repairs-and-they-re-permanent-1.6020765,2022-08-09,en,ctvnews.ca,ctvnews.ca,2022,False
a44c0ca5047053c141c332aa1e7b3d1ce24925f614e5f6fd66f1dcc67b6bab09,"B.C. to ban the sale of pot in liquor stores, allow landlords to ban home-grown grass",https://globalnews.ca/news/4005829/b-c-to-ban-the-sale-of-pot-in-liquor-stores-allow-landlords-to-ban-home-grown-grass/,2018-02-04,en,globalnews.ca,globalnews.ca,2018,False
57ea8cb1ee95d7d433c1e06ad10dc5b41f29042a4726ff87b755166466c16f5b,B.C.'s rent law enforcers investigate nightmare landlords and tenants,https://bc.ctvnews.ca/b-c-s-rent-law-enforcers-investigate-nightmare-landlords-and-tenants-1.4814648,2020-02-16,en,ctvnews.ca,ctvnews.ca,2020,False
99972d390d17a485b42e411d34631e1a23393b8b4c4be39a48b345b76b9b4e75,B.C.'s tight rental market has landlords asking personal questions: report,http://www.timescolonist.com/b-c-s-tight-rental-market-has-landlords-asking-personal-questions-report-1.23210185,2018-03-22,en,timescolonist.com,timescolonist.com,2018,True
7d275729a1732c7ac13da7057afdff467a9a2dec35a02d31eacb6a087ebd847e,B.C.’s eviction freeze under COVID-19 keeps landlords out of own home,https://globalnews.ca/news/6973840/coronavirus-eviction-landlords/,2020-05-25,en,globalnews.ca,globalnews.ca,2020,False
a53a92f18a74536a6199cde93d17bd3dfc19171df78e7f3b21cfdd8dc722c3f5,B.C.’s tight rental market has landlords asking personal questions: report,http://nationalpost.com/pmn/news-pmn/canada-news-pmn/b-c-s-tight-rental-market-has-landlords-asking-personal-questions-report,2018-03-22,en,nationalpost.com,nationalpost.com,2018,False
31f4bd77ebe9c091d6daad6be7a4a7a9f35531185c3850105adc4cd56ba0644e,Backlog at Landlord Tenant Board causing increase in rent arrears at Sudbury Housing,https://www.cbc.ca/news/canada/sudbury/landlord-tenant-backlog-sudbury-1.5440026?cmp=rss,2020-01-24,en,cbc.ca,cbc.ca,2020,False
f4236a82bb5ec11b1749e0398d459b4334ba8449fc8393a0ec77f13cf507c8ba,"Backlog has landlords, tenants in Ontario waiting months to resolving rental disputes, expert says",https://www.ctvnews.ca/canada/backlog-has-landlords-tenants-in-ontario-waiting-months-to-resolving-rental-disputes-expert-says-1.5872030,2022-04-22,en,ctvnews.ca,ctvnews.ca,2022,False
555e8668ed20bbc8492ff98e361a7e0c417c5b292f44c3bcbc226fe2c5c8908f,Bad landlords beware — Windsor set to crack down on derelict vacant buildings,http://windsorstar.com/news/local-news/bad-landlords-beware-windsor-set-to-crack-down-on-derelict-vacant-buildings,2018-01-25,en,windsorstar.com,windsorstar.com,2018,False
aa9c21181be5bd560bd4efc892db748afeb8c40ee1e1b616d310359415aeaa85,"Bad landlords beware, as city committee approves new bylaws to target poor conditions in rentals",http://www.cbc.ca/news/canada/toronto/city-rental-bylaws-1.4012048?cmp=rss,2016-12-01,en,cbc.ca,cbc.ca,2016,False
a1e5d152d062029445685303e370fda87421ded75d750a0016fc551afc3da7ba,Bad landlords in Kelowna feel city's wrath,http://www.kelownadailycourier.ca/news/article_a97d16a8-2396-11eb-8219-6fb6f453cb9d.html,2020-11-10,en,kelownadailycourier.ca,kelownadailycourier.ca,2020,False
142f3a92c69728334267cd917f5d9849ddfea0fd20cecf74aff6b9051c06c2c6,"Bah, humbug! Air Force base housing landlord says no Christmas decorations before Thanksgiving",https://www.thestar.com/news/world/united-states/bah-humbug-air-force-base-housing-landlord-says-no-christmas-decorations-before-thanksgiving/article_456fc992-2dba-57b2-a020-a184761c8c23.html,2025-11-12,en,thestar.com,thestar.com,2025,True
f70c2c7cd94d689fb825e16ed84ea29154c30f1afd5710bc7c52df7988c7f70f,Bail denied for controversial Edmonton landlord facing more charges,http://globalnews.ca/news/2832288/controversial-edmonton-landlord-faces-more-charges,2016-07-18,en,globalnews.ca,globalnews.ca,2016,False
715407b815bcf6e7b56e7c4275524acaadbbd59100f3f0367d6cd8ef4a9620ed,Bail denied notorious Edmonton landlord,http://www.cbc.ca/news/canada/edmonton/bail-denied-controversial-edmonton-landlord-abdullah-shah-1.3686166?cmp=rss,2016-07-19,en,cbc.ca,cbc.ca,2016,True
0467b3bcba24b00d81abd64a9077056121d848286fcf51fb50aadfa9546abf0f,Balmoral Hotel case puts emphasis on Vancouver’s problem landlords,https://www.theglobeandmail.com/news/british-columbia/balmoral-hotel-case-puts-emphasis-on-vancouvers-problem-landlords/article36023221/?cmpid=rss1,2017-08-17,en,theglobeandmail.com,theglobeandmail.com,2017,False
ea23e43d61c385ff291093290f4a40b41291c89c634e5cd6b791bf3f6b4f008a,Baltimore landlords found liable for hiring a sex offender who set tenants on fire,https://www.thestar.com/news/world/united-states/baltimore-landlords-found-liable-for-hiring-a-sex-offender-who-set-tenants-on-fire/article_9574f430-42db-5d53-8cb0-3315ebae6ec7.html,2025-12-01,en,thestar.com,thestar.com,2025,True
a3595314f5b4de1927235914471d6a5d45f51aefe0e65539a0dd066497066a55,Bank Street pot shop closes after landlord warns about rent non-payment,http://ottawacitizen.com/news/local-news/bank-street-pot-shop-closes-after-landlord-warns-about-rent-non-payment,2017-06-14,en,ottawacitizen.com,ottawacitizen.com,2017,False
383afe993f67762c5aa58227daba8971ad0f16d5188677dc467900384c7e0ce2,Barrie landlord fined for fire code violations at property in area of Georgian College,https://globalnews.ca/news/7990433/fire-code-violation-barrie-georgian-college-property/,2021-06-29,en,globalnews.ca,globalnews.ca,2021,False
a7d2f4b2c82ba393374723700526fb45c00df33224804a42887378aedf7906a9,Barrie police arrest and charge landlord after dispute with tenant,https://barrie.ctvnews.ca/tenant-left-in-dark-landlord-arrested-for-turning-off-utilities-without-warning-1.6770359,2024-02-15,en,ctvnews.ca,ctvnews.ca,2024,True
556d5a651c31b2cac1e57c5f9a79aae80267ecb1c9e33c6407cb625dc177497b,Barrymore's landlord appeals city orders to repair Ottawa nightclub,https://ottawacitizen.com/entertainment/barrymores-landlord-appeals-city-orders-to-repair-ottawa-nightclub,2021-03-30,en,ottawacitizen.com,ottawacitizen.com,2021,False
64316b8c21d078a5bc785b10a83f382bd1c48f45e0179e8e08e1284184191185,Battles already starting between Fort McMurray evacuees and landlords,http://www.torontosun.com/2016/05/10/battles-already-starting-between-fort-mcmurray-evacuees-and-landlords,2016-05-10,en,torontosun.com,torontosun.com,2016,False
b620982ff88b2c398bfb09c39d6d3dfffd38ee59a20fc5e97ae1b9844fc2ba00,"Battles already starting between Fort McMurray evacuees, landlords",http://cnews.canoe.com/CNEWS/Canada/2016/05/10/22631966.html?cid=rssnewscanada,2016-05-10,en,canoe.com,canoe.com,2016,False
0c58ba1f80ebbbfc864665f9c7ca08b86dafc31076eafc58a0e103eb1df2761e,"BC Housing, landlord in Penticton’s legal crosshairs over Victory Church shelter",https://www.abbynews.com/news/bc-housing-landlord-in-pentictons-legal-crosshairs-over-victory-church-shelter/,2021-03-18,en,abbynews.com,abbynews.com,2021,True
4b5b219b8b7963bd6556d0f1a8eae786ba64e6778150fa0acc41985874484be7,BC landlord shocked by tenant's huge cockroach infestation,https://www.timescolonist.com/animal-stories/bc-landlord-shocked-tenant-cockroach-infestation-2024-9357728,2024-08-20,en,timescolonist.com,timescolonist.com,2024,False
22abb8e5231441a7be1969959560be922b4e3dee96f4617689473a3cda8e0307,Beasley tenants call on landlord to halt ‘renovictions’ that could displace more than a dozen residents,https://www.thespec.com/news/hamilton-region/2021/11/15/renoviction-ventura-towers-highrise-valery-group.html,2021-11-15,en,thespec.com,thespec.com,2021,False
87106acca84c162dd1b96d3474a2ee090c3b692191cf3d81e33a12ba3bd15f0d,"Become a landlord, save thousands on post-secondary accommodation",https://www.moneysense.ca/spend/real-estate/becoming-your-kids-landlord-could-save-thousands-on-the-cost-of-university-or-college/,2019-08-17,en,moneysense.ca,moneysense.ca,2019,False
1634469d45484140b7daa1807301b4d0fb4a1496423984ed38992983e1cd967a,"Becoming a landlord while still renting? ‘Rentvesting’ promises a foot on the property ladder, but watch your step",https://theconversation.com/becoming-a-landlord-while-still-renting-rentvesting-promises-a-foot-on-the-property-ladder-but-watch-your-step-229116,2024-05-02,en,theconversation.com,theconversation.com,2024,False
142d46213b8e890ad3cd2270af407ec5f242a2664ba1780ec89668f54a78c4ed,"Bedbugs, used needles and excrement in halls have Lethbridge tenants wanting action from landlord",https://globalnews.ca/news/3825557/bedbugs-used-needles-and-excrement-in-halls-have-lethbridge-tenants-wanting-action-from-landlord/,2017-10-25,en,globalnews.ca,globalnews.ca,2017,False
7609213fd16330820c572982434dc24a47a117b04f72b688488e8f76c53728de,Being a landlord a 'horrible experience',https://www.nugget.ca/opinion/letters/being-a-landlord-a-horrible-experience,2019-09-03,en,nugget.ca,nugget.ca,2019,False
bdd2e2b24bf969bbd9c62a10c1ab79abfc88bded182ae92bf52c75f458826a09,Beloved Montreal restaurant Nilufar shuts doors after issues with landlord,https://globalnews.ca/news/9355324/montreal-nilufar-restaurant-closing/,2022-12-16,en,globalnews.ca,globalnews.ca,2022,False
e6b6cd54f4a31d55475b816f36c432ede0846a47314c8f3cba1dc4569c20e4d6,"Berlin's grassroots plan to renationalise up to 200,000 ex-council homes from corporate landlords",http://theconversation.com/berlins-grassroots-plan-to-renationalise-up-to-200-000-ex-council-homes-from-corporate-landlords-112884,2019-03-05,en,theconversation.com,theconversation.com,2019,False
7eeadb0324ea8e458bb000c7cab367c52b6b335371c397f852d93ef024b8c766,Berliners vote to expropriate large landlords in non-binding referendum,https://nationalpost.com/pmn/news-pmn/crime-pmn/berliners-vote-to-expropriate-large-landlords-in-non-binding-referendum,2021-09-27,en,nationalpost.com,nationalpost.com,2021,False
f80d50ee88138ee560cbf4f8427036c01c2b6440c2c5cf2360e3258f9c41ddcf,"Beware neglectful Montreal landlords, you can now be fined more easily",https://www.cbc.ca/news/canada/montreal/beware-neglectful-montreal-landlords-you-can-now-be-fined-more-easily-1.4726598?cmp=rss,2018-06-28,en,cbc.ca,cbc.ca,2018,False
042633f090ba5cb2ff1a64baf569db3b86190e4ea98dbdc4446d9c7abdfe849e,"Bicycle chop shop frustrates landlord, neighbour",https://www.nugget.ca/news/local-news/bicycle-chop-shop-frustrates-landlord-neighbour,2019-08-17,en,nugget.ca,nugget.ca,2019,False
68c79d926f0c67f78a9c1b89c11afdfab15d606f42055ec45fea59d593801a39,"Biden's White House is taking on corporate mergers, landlord junk fees and food prices",https://www.ctvnews.ca/world/biden-s-white-house-is-taking-on-corporate-mergers-landlord-junk-fees-and-food-prices-1.6486231,2023-07-19,en,ctvnews.ca,ctvnews.ca,2023,True
ff505bba579b8c682e1d80be70d1754d5e239e3fd06b1915c42e1cc7cd334746,Bill introduced to force Quebec landlords to accept pets in rental units,https://globalnews.ca/news/9723660/bill-force-quebec-landlords-pets-rental-units/,2023-05-25,en,globalnews.ca,globalnews.ca,2023,False
8183d9c2c95d6bb3f6caf90b4fc58e69c086c50e163742b108ace5c73a5898e1,"Bill putting onus on landlords to curb drug activity could make Niagara housing crisis worse, advocates say",https://www.niagarafallsreview.ca/news/niagara-region/bill-putting-onus-on-landlords-to-curb-drug-activity-could-make-niagara-housing-crisis-worse/article_4f5e2334-ee82-53af-9e79-1d3cfe936126.html,2025-09-29,en,niagarafallsreview.ca,niagarafallsreview.ca,2025,True
ac7f65b00d198fcfad2ce0eb4ac4b1e4cebe1169ece8c3050879a29436f619ce,Bistro Burned: up and coming restaurant in landlord dispute,https://torontosun.com/news/local-news/bistro-burned-up-and-coming-restaurant-in-landlord-dispute,2020-06-01,en,torontosun.com,torontosun.com,2020,False
aad46866ae32f6bf22d22dd7ee4d6a8c504d697b5aa4ab8a93d1ab4bd8153391,Bizarre landlord-tenant wheel loader incident in Napanee resolved,https://www.thespec.com/news/canada/bizarre-landlord-tenant-wheel-loader-incident-in-napanee-resolved/article_c572b460-a14a-5bf0-8eac-fc1160ba3595.html,2024-11-07,en,thespec.com,thespec.com,2024,True
8a5c94624bda3f4eec08c5f6004b9487606f343978b75c75d988f35cc5b56ee6,Blame landlords for Canada’s skyrocketing rents,https://canadiandimension.com/articles/view/blame-landlords-for-canadas-skyrocketing-rents,2023-05-16,en,canadiandimension.com,canadiandimension.com,2023,False
6bbe9c9d227de319693c6af8476ae2c8ab8aec76045fa4050e3ed62be2ce17b7,"Bloordale Indian restaurant remains closed, owners say landlord dispute to blame",https://www.cbc.ca/news/canada/toronto/dosa-mahal-1.5264270?cmp=rss,2019-08-29,en,cbc.ca,cbc.ca,2019,False
b3c3dfa48e4a96cf063dba63ea47c5e98b50552abf1634e6a2389f9bcf8a4c04,"Blue Jays slugger Rowdy Tellez, coach accused of stiffing landlords",https://torontosun.com/sports/baseball/toronto-blue-jays/blue-jays-slugger-rowdy-tellez-coach-accused-of-stiffing-landlords,2020-06-17,en,torontosun.com,torontosun.com,2020,False
b1ebe6103ec996f5809351f58508907f54ddf81b3fd337401ea11ae4d5f2c27a,"Blue Jays’ Tellez, Budzinski in rent disputes with their Toronto landlords",https://www.thestar.com/sports/bluejays/2020/06/17/blue-jays-tellez-budzinski-in-rent-disputes-with-their-toronto-landlords.html,2020-06-17,en,thestar.com,thestar.com,2020,False
31472fea88c55d791898ee03853e8b3882197318d3ec97d00d9056bb395e84d2,Boomer landlords are holding housing hostage,https://canadiandimension.com/articles/view/boomer-landlords-are-holding-housing-hostage,2024-08-27,en,canadiandimension.com,canadiandimension.com,2024,False
bfe189d8036c5a4bb893e12240c7151dd6734129fd276e04d15500b2c3353ae1,"Both landlords, tenants can be 'crappy'",https://www.nugget.ca/news/local-news/both-landlords-tenants-can-be-crappy,2018-11-02,en,nugget.ca,nugget.ca,2018,False
872bfe01ec2e4cee3008d15432b77a91679080e49808a3c53d90ed4d9186f736,"Bradford landlord accused of assaulting, threatening tenant with weapon",https://barrie.ctvnews.ca/bradford-landlord-accused-of-assaulting-threatening-tenant-with-weapon-1.3958892,2018-06-04,en,ctvnews.ca,ctvnews.ca,2018,False
bcafff84fca639b3d24a5e92749d008c8acd1d1d423ff3a79f26f29c30a34902,Bradford landlord facing assault charges after dispute with tenant,https://globalnews.ca/news/4251444/bradford-landlord-assault/,2018-06-04,en,globalnews.ca,globalnews.ca,2018,False
1aaf5931c6522d6a867b1985904aa6f964ca068b12c401dda3ca200c9e2ee4c9,Brampton landlord feels 'powerless' after being labelled religion-based human rights violator,http://www.torontosun.com/2017/05/03/brampton-landlord-feels-powerless-after-being-labelled-religion-based-human-rights-violator,2017-05-03,en,torontosun.com,torontosun.com,2017,True
6e07ece57eca3c4856e7fd2b538bcbf1a487d3873257136b5af9f62d4cec4880,Brampton landlord fined $12K for violating tenants’ religious rights,http://globalnews.ca/news/3423857/brampton-landlord-fined-12k-for-violating-tenants-religious-rights/,2017-05-03,en,globalnews.ca,globalnews.ca,2017,False
d4033706d3bdb09e2f41644d221ed1da5f24120bb7fd3ba96a1090d291b07ef9,"Brampton, Ont. landlord caught in e-transfer interception fraud",https://toronto.ctvnews.ca/i-m-still-in-shock-brampton-ont-landlord-caught-in-e-transfer-interception-fraud-1.7099668,2024-11-05,en,ctvnews.ca,ctvnews.ca,2024,False
9c6bd58a16df0bda8e408eff69d104f5f8bc8f98436e798c3a63e56b77e933ba,"Brandon landlord accused of entering apartment, fondling woman over several months",http://www.cbc.ca/news/canada/manitoba/brandon-landlord-charged-sex-assault-1.3620782?cmp=rss,2016-05-31,en,cbc.ca,cbc.ca,2016,False
3c476973272ecf55a8f5df9f71d9c9d89697b9e8fd55f573895d459eea8256c7,"Brandon landlord facing charges of breaking and entering, sexual assault",http://www.brandonsun.com/breaking-news/Brandon-landlord-charged-with-breaking-and-entering-sexual-assault-382155561.html,2016-06-07,en,brandonsun.com,brandonsun.com,2016,False
3e178a2581578a9814db86c8528bd250f29bf44b811c81162f15854af2abe3e7,Bridging the gap between renters and landlords,http://troymedia.com/2018/12/14/rentfaster-ca-gap-renters-landlords/,2018-12-14,en,troymedia.com,troymedia.com,2018,False
bbf890cad4cabc7108afd04ccf998aaa195c22258d52075b72d3983125137284,"Broken system' favours tenants, says CEO of Ontario Landlords Watch",https://www.cbc.ca/news/canada/london/broken-system-favours-tenants-says-ontario-landlords-watch-1.5389170?cmp=rss,2019-12-09,en,cbc.ca,cbc.ca,2019,False
f34c0dd2059d66737a8e7e76bb8abeacb392aec2225458fbe1d98ee030904e39,"Brother of shooter introduced 'tenant' to landlord, court hears",https://www.torontosun.com/news/local-news/brother-of-danforth-shooter-introduced-tenant-to-landlord-court-hears,2021-03-24,en,torontosun.com,torontosun.com,2021,False
7488efbe699e7e4307240f8b68f4e961b5fc87b3fc5048e56a5d973c22ddfeb2,Broughdale landlord 'upset' after car allegedly damaged by rowdy FoCo revellers,https://www.cbc.ca/news/canada/london/broughdale-landlord-upset-car-roof-caved-in-foco-1.4854808?cmp=rss,2018-10-09,en,cbc.ca,cbc.ca,2018,False
2bc6b89adf064b2cea6542c6e1ad015e7563b22912e0009016bcf1e7a9e5a55e,"Building issues, landlord reluctance delay Yellowknife sobering centre",http://www.cbc.ca/news/canada/north/incredibly-hard-time-downtown-yellowknife-location-1.3985605?cmp=rss,2015-09-25,en,cbc.ca,cbc.ca,2015,False
ac286198dfbb29a2f665706678a2a1ce6fe5a14df41586903739d1f2b63f5098,Burnaby co-op rejects huge rent hikes from union pension plan landlord,https://vancouversun.com/news/local-news/burnaby-co-op-board-rejects-huge-rent-hikes-pitched-by-union-pension-plan-landlord,2021-12-13,en,vancouversun.com,vancouversun.com,2021,False
df9ea6476ff8fa2e4077646293b7987f4edf729ca4a70139df147fdf9dfb269a,Burnaby family takes landlord to court to obtain compensation awarded for wrongful eviction,https://globalnews.ca/news/9298194/burnaby-family-court-compensation-wrongful-eviction/,2022-11-22,en,globalnews.ca,globalnews.ca,2022,False
08a76c0c6dbf97d0156e407db94c535f14fce53f68aaa4a8cb7d8ddc82ab28c2,Burnaby landlord demands dog poop samples,http://bc.ctvnews.ca/burnaby-landlord-demands-dog-poop-samples-1.2359584,2015-05-05,en,ctvnews.ca,ctvnews.ca,2015,False
4125865e55456f4aef8ef9ed943e17ca630ca9355f4ae2e6344e5604b24be2ec,Burnaby woman says landlord evicted her so he could list home on Airbnb,http://globalnews.ca/news/2607740/burnaby-woman-says-landlord-evicted-her-so-he-could-list-home-on-airbnb/,2016-03-30,en,globalnews.ca,globalnews.ca,2016,False
c22e5fcb42a946153ffb5e3a0b4d1ec5ad8bd2f22a5a5ca643f8ab9f98171caf,Business related to New Year’s shooting has ties to law-breaking landlord,http://globalnews.ca/news/2432464/business-related-to-new-years-shooting-has-ties-to-law-breaking-landlord/,2016-01-04,en,globalnews.ca,globalnews.ca,2016,False
55041058a1d1e1c8645245ff23caf1da878675d7be5975b2a10bff215664fe64,Businesses hit by COVID-19 plead for rent relief from landlords,https://www.thestar.com/business/2020/03/25/businesses-hit-by-covid-19-plead-for-rent-relief-from-landlords.html,2020-03-25,en,thestar.com,thestar.com,2020,False
aca9fbdeee43ae9453ab4cda3f81a7a7937c15a91b48890ee92d3fedbbb352a6,Businesses not confident landlords will help them during pandemic,https://bc.ctvnews.ca/businesses-not-confident-landlords-will-help-them-during-pandemic-1.4951247,2020-05-22,en,ctvnews.ca,ctvnews.ca,2020,False
61405df6148d923fb8eb0d5d704630e251882f8555c5cb102c651a1462a3a2d4,"Businessman, landlord blame Ontario pot law for downtown eviction",https://windsorstar.com/news/local-news/businessman-landlord-blame-ontario-pot-law-for-downtown-eviction,2019-06-26,en,windsorstar.com,windsorstar.com,2019,False
fc96411ec1f3825e900d22690c2951b7cd04903a61035e749520425310e7dff9,Bylaw to curb street parties on hold after London landlords raise concerns,https://globalnews.ca/news/5120891/landlords-london-illegal-street-parties/,2019-04-02,en,globalnews.ca,globalnews.ca,2019,False
0492d2a59db703078d83dd1366da8cb32e00b9556cd3c9eddbbeabc1d0ec9174,Calgary family says landlord refusing to renew lease over crying baby,https://www.ctvnews.ca/canada/calgary-family-says-landlord-refusing-to-renew-lease-over-crying-baby-1.3942860,2018-05-23,en,ctvnews.ca,ctvnews.ca,2018,False
8508ff0436175a0a07fc0743ae4c5c95a74be728c9c879aba0cdd5e840ac3623,"Calgary landlord 'shocked' to find unattended, brain-damaged senior left behind in rental home",http://www.torontosun.com/2016/05/03/calgary-landlord-shocked-to-find-unattended-brain-damaged-senior-left-behind-in-rental-home,2016-05-03,en,torontosun.com,torontosun.com,2016,False
b6b00bfab10250f7def2dc566d3cf7cdebc4807b3b07bae77ff1c5f90179d49d,Calgary landlord apologizes after ripping down Alberta Party candidate’s election sign,https://globalnews.ca/news/5165109/calgary-landlord-alberta-party-candidate-election-sign-apology/,2019-04-13,en,globalnews.ca,globalnews.ca,2019,False
e8eeaeb1d17ef5bf06d8a878ecbd545dcc4aa24a2195a08c86f930fbeb745bd7,Calgary landlord calls for stronger protections after renters trash her property,http://www.cbc.ca/news/canada/calgary/renters-leeming-calgary-damage-house-protections-landlord-1.4255191?cmp=rss,2017-08-21,en,cbc.ca,cbc.ca,2017,False
af2be6244fee373ed7ef128f0f8b873b8a7f129dd6a5fe0520b28163ce42eb5a,Calgary landlord fined $40K for fire code breaches in secondary suite,https://www.cbc.ca/news/canada/calgary/secondary-suite-fire-code-fine-calgary-prosecution-safety-1.4886267?cmp=rss,2016-08-19,en,cbc.ca,cbc.ca,2016,False
318525532535c1db62c5e8d772a0830a8c664a8de022cb3e22b9515859f7fa45,Calgary landlord offers apartment to senior and his large dog after learning of numerous rejections,https://calgary.ctvnews.ca/calgary-landlord-offers-apartment-to-senior-and-his-large-dog-after-learning-of-numerous-rejections-1.4258660,2019-01-17,en,ctvnews.ca,ctvnews.ca,2019,False
a2e8eb74c0c3652dbf329f2674ae8a042bf00ef84313f5ed7d1aa2c5881534b9,Calgary landlord orders LGBTQ flag removed,http://cnews.canoe.com/CNEWS/Canada/2016/06/15/22643216.html?cid=rssnewscanada,2016-06-15,en,canoe.com,canoe.com,2016,False
ef92401504aedcb0c17a12af7d2b445b330354c3a638bb536b811c763e9d2949,Calgary landlord tackles rising commercial vacancy rates with innovative ideas,https://globalnews.ca/news/5660418/calgary-commercial-vacancy-rates-landlord/,2019-07-19,en,globalnews.ca,globalnews.ca,2019,False
b46ab7f7e4bc4e35b7d89480a2cf29f6b7b1e3a1980518a1533c89c79ad1990d,Calgary landlords converting office spaces for residential use,https://www.theglobeandmail.com/real-estate/calgary-and-edmonton/calgary-landlords-converting-office-spaces-for-residential-use/article36029264/?cmpid=rss1,2017-08-18,en,theglobeandmail.com,theglobeandmail.com,2017,False
1e3eb2844eec4784799096edb5c400f3202de7b310ff0a158333eae86822aa17,Calgary landlords dealing with sickening mess after renters bolt,http://cnews.canoe.com/CNEWS/Canada/2015/09/20/22553725.html?cid=rsshomepage,2015-09-20,en,canoe.com,canoe.com,2015,False
75ec84c98179d70d98db96d92483e10b8f9b394fa32751395684012b3d0b1a60,Calgary landlords warn of repercussions following double-digit tax hikes,https://globalnews.ca/news/7023102/calgary-landlords-property-tax-hike-fallout/,2020-06-03,en,globalnews.ca,globalnews.ca,2020,False
8f2679d7539f063fa521e903e31e3a075dde64e1fc18af3860522cc663462de4,Calgary police investigating after senior alledgedly assaulted twice by landlord,https://calgary.ctvnews.ca/calgary-police-investigating-after-senior-alledgedly-assaulted-twice-by-landlord-1.4949620,2020-05-21,en,ctvnews.ca,ctvnews.ca,2020,False
7ead67df242eb38570979626af641c1592499fa5545bd878e1e3121d04ddd90e,Calgary real estate market creates ‘accidental landlords’ forced to rent instead of sell,http://globalnews.ca/news/2253952/calgary-real-estate-market-creates-accidental-landlords-forced-to-rent-instead-of-sell/,2015-10-01,en,globalnews.ca,globalnews.ca,2015,False
0ebc71aaa0fe1c6e62b4905016539cff3215cbbda5426b783b7989db28251d0c,Calgary roommates convicted of killing live-in landlord during rent dispute,https://calgary.ctvnews.ca/calgary-roommates-convicted-of-killing-live-in-landlord-during-rent-dispute-1.4341831,2019-03-18,en,ctvnews.ca,ctvnews.ca,2019,False
443a1ed35696bb99868f9107723c2b21f2c4d69b70ad1b3bfc229584245d009c,Calgary roommates sentenced in death of landlord,https://calgary.ctvnews.ca/calgary-roommates-sentenced-in-death-of-landlord-1.4366111,2019-04-04,en,ctvnews.ca,ctvnews.ca,2019,False
949637c4b6ea55bd3d025104c05edd09fedea892da9fbbf5a5ff79020c7ea8d1,Calgary senior allegedly assaulted by landlord,https://www.ctvnews.ca/video?clipId=1963582,2020-05-21,en,ctvnews.ca,ctvnews.ca,2020,False
d413c3c44a5cf24b9e973b044d7bc74ec09bd4b360c659a97d6b75b6a2347057,"CALIFORNIA CATHOUSE: Landlord rents $1,500 apartment to 2 felines",https://canoe.com/news/weird/california-cathouse-landlord-rents-1500-apartment-to-2-felines,2019-01-16,en,canoe.com,canoe.com,2019,False
17479b0595018d47b442ae95e259ded729d709a7c0c418e45f76d0431cf1b414,Cambridge councillor cleared after accusation that he acted to benefit his landlord,https://www.therecord.com/news/waterloo-region/2022/04/04/cambridge-councillor-cleared-after-accusation-that-he-acted-to-benefit-his-landlord.html,2022-04-04,en,therecord.com,therecord.com,2022,False
f6dea226129683d1cf485a2fc1d94a4a6745e54bef24cf3a267505fa6015754d,Cambridge Dance Studio owner 'devastated' by landlords decision to end lease due to condo project,https://kitchener.ctvnews.ca/cambridge-dance-studio-owner-devastated-by-landlords-decision-to-end-lease-due-to-condo-project-1.6076716,2022-09-20,en,ctvnews.ca,ctvnews.ca,2022,False
667dee2f54b670626e4766ea24ba72e170082a5fc05427a067d938903119d62e,Cambridge landlord fails in bid to evict tenants for ‘simple wear and tear’,https://www.thespec.com/news/waterloo-region/cambridge-landlord-fails-in-bid-to-evict-tenants-for-simple-wear-and-tear/article_7dec78e2-746b-5847-a9e9-b4e250d8008d.html,2025-01-04,en,thespec.com,thespec.com,2025,True
2bcaae85b925b990c01ec164b13e36c5d137255f21f6122f757404ddf8c2c12b,Cambridge tenants’ weed beef with landlord goes up in smoke at tribunal,https://www.therecord.com/news/waterloo-region/cambridge-tenants-weed-beef-with-landlord-goes-up-in-smoke-at-tribunal/article_f277fc01-03b0-5cb9-b7fe-d1cd24c5699d.html,2025-08-06,en,therecord.com,therecord.com,2025,False
3c34c20ff4e15e99d27fd87f4a2cb18c65808337f0c0fc2d635ddb426b179ac8,Campaign aims to bridge gap between landlords and two immigrant groups,https://lfpress.com/news/local-news/campaign-aims-to-bridge-gap-between-landlords-and-two-immigrant-groups,2019-10-24,en,lfpress.com,lfpress.com,2019,False
7d0a273e49c993efc79686e53628f9cdab8891e293ba0415e74456ec65f21e11,Can a landlord ever rerent a unit soon after a personal-use eviction without it being in bad faith?,https://www.thestar.com/news/gta/2019/09/20/can-a-landlord-ever-rerent-a-unit-soon-after-a-personal-use-eviction-without-it-being-in-bad-faith.html,2019-09-20,en,thestar.com,thestar.com,2019,False
078e1f4cf4579ae427007951c7ada19d39270b34f9d5fc0361891512bca94e71,Can a landlord refuse to rent to someone? Understanding Human Rights in housing,https://rabble.ca/columnists/can-a-landlord-refuse-to-rent-to-someone-understanding-human-rights-in-housing/,2025-03-19,en,rabble.ca,rabble.ca,2025,False
db5bc13d95f1c7c92f26e251e9288ad55e3b3db4b0d857a1f324773e6dbb61da,Can landlords ban you from smoking marijuana? It depends on the province,https://www.ctvnews.ca/canada/can-landlords-ban-you-from-smoking-marijuana-it-depends-on-the-province-1.3986964,2018-06-24,en,ctvnews.ca,ctvnews.ca,2018,False
88df9b1a3edc946969698af405a691e525fe73cdb86677218b328d6c797d117c,Can my landlord do this? This lawyer answers 5 questions about renters’ rights in Ontario,https://www.thestar.com/news/gta/can-my-landlord-do-this-this-lawyer-answers-5-questions-about-renters-rights-in-ontario/article_786c99ac-1dd5-11ef-b58a-af7563882b5f.html,2024-05-31,en,thestar.com,thestar.com,2024,False
db428009b04be6ce09c35a5b75572e426910f04cbee6ebf22a1c71baa67c17d9,Can Ont. landlords impose fees post-lease signing?,https://kitchener.ctvnews.ca/video?clipId=2730486,2023-07-20,en,ctvnews.ca,ctvnews.ca,2023,False
c5cfd403acbd2330d2afeaea62c78ef12f4dd9c7d4f292ff601cff3faa653cd9,Can you be evicted for not breaking down cardboard boxes? Longtime renter claims his landlord is using a flurry of forms to push him out,https://www.thestar.com/news/gta/2019/11/11/can-you-be-evicted-for-not-breaking-down-cardboard-boxes-longtime-renter-claims-his-landlord-is-using-a-flurry-of-forms-to-push-him-out.html,2019-11-11,en,thestar.com,thestar.com,2019,False
398feeccf32a2caad30975e65bcf96771e6ff57c3ba36498c9a13c08a1248d23,Can you say bubble? NY landlords cashing out early,http://www.theglobeandmail.com/report-on-business/industry-news/property-report/ny-landlords-see-dollar-signs-sell-early/article26070969/?cmpid=rss1,2015-08-24,en,theglobeandmail.com,theglobeandmail.com,2015,False
ddc3ff276ca074d137861be09ae1423c6a4aed2f001afa87339503add6a4d0be,Canada looks to join the ‘Golden Dome’ + ‘Financial landlords’ affect on Toronto rent prices,https://www.thestar.com/news/morning-digest/canada-looks-to-join-the-golden-dome-financial-landlords-affect-on-toronto-rent-prices/article_c9cb4cda-8fca-4105-abfc-fb9fb4ed522a.html,2025-05-21,en,thestar.com,thestar.com,2025,False
841c2f5af331c5c7543bb6d0afd9291dcc256a9c066a2176ba8a56912be0be5f,"Canada’s commercial landlords should weather Target retreat, analysts say",http://www.theglobeandmail.com/report-on-business/canadas-commercial-landlords-should-weather-target-retreat-analysts-say/article22490536/?cmpid=rss1,2015-01-16,en,theglobeandmail.com,theglobeandmail.com,2015,False
ac3def66447d715987948fdf7d2de2874bf6b1919710f1d048a9697dc6f6e7b4,Canada’s commercial rent relief program begins as pressure mounts on landlords,https://globalnews.ca/news/6982078/coronavirus-canada-commercial-rent-relief/,2020-05-25,en,globalnews.ca,globalnews.ca,2020,False
f85453e3a7ac03df9f3990faeaec2fa12d8e5f24ec8f9aab5e314b5c6419710a,"Canada’s largest private landlord often dramatically increases eviction applications after acquiring buildings, study finds",https://www.thestar.com/real-estate/canada-s-largest-private-landlord-often-dramatically-increases-eviction-applications-after-acquiring-buildings-study-finds/article_0932c444-b463-44be-bef5-d7eccb15e98b.html,2025-08-29,en,thestar.com,thestar.com,2025,False
4e8fd734aa5689f08265fe1fb6a105ffc486b9af004a1b30853a3a007fa8fad4,Canadian mall landlords race to find new tenants for ex-Target stores,http://globalnews.ca/news/1980119/canadian-mall-landlords-race-to-find-new-tenants-for-ex-target-stores,2015-05-05,en,globalnews.ca,globalnews.ca,2015,False
cec1a03fdbc7133fd52f91f14d1b559818be0b0fe33558c69df700ee958afe53,Canadian Renters' Bill of Rights: Some landlords have concerns,https://atlantic.ctvnews.ca/renters-eager-to-see-new-canadian-renters-bill-of-rights-while-some-landlords-have-concerns-1.6826433,2024-03-28,en,ctvnews.ca,ctvnews.ca,2024,False
0968d2e37d00b340cc2c707893e8602224a4d16166c860890940845dadcc8002,"Cannabis club facing eviction after 20 years on Johnson Street; landlord warned of fines, jail",https://www.timescolonist.com/news/local/cannabis-club-facing-eviction-after-20-years-on-johnson-street-landlord-warned-of-fines-jail-1.24283608,2021-02-18,en,timescolonist.com,timescolonist.com,2021,False
bf597374aab60ab45299ca62ec6ff0cec9b30c667b62ad8280242f74c2d5325a,Cannabis hearings: Landlords lobby for right to change leases,https://montreal.ctvnews.ca/cannabis-hearings-landlords-lobby-for-right-to-change-leases-1.3763928,2018-01-17,en,ctvnews.ca,ctvnews.ca,2018,False
83b589b7ced43328ec3841e6d8c82124f671b238269773cb59dd6d8b1f67d87f,Can’t pay rent? Pros share tips for finding a solution with your landlord,https://www.thestar.com/business/2020/07/02/cant-pay-rent-pros-share-tips-for-finding-a-solution-with-your-landlord.html,2020-07-02,en,thestar.com,thestar.com,2020,True
859033e62564b7d8c864e7ee1e0e91c0b63e75fe226f06f7a66f13fed0c75d5f,Cape Breton landlords on the hook to clean up squalid apartment,https://atlantic.ctvnews.ca/cape-breton-landlords-on-the-hook-to-clean-up-squalid-apartment-1.4771374,2020-01-16,en,ctvnews.ca,ctvnews.ca,2020,False
fbbcfe907543223a3bfc144f8f10519839b817e8a810c617de02b032132bb280,"Cape Breton news: Father of late student sues landlords, tenants",https://atlantic.ctvnews.ca/father-of-n-s-student-who-died-in-cape-breton-house-fire-sues-landlords-tenants-1.6787696,2024-02-28,en,ctvnews.ca,ctvnews.ca,2024,False
03d11b3f6cffc648b768181f5dc222264174ed788b44cd1d4ac59cad218ded42,Caplansky deli and landlord come to a settlement after month-long dispute,https://www.thestar.com/news/gta/2016/07/18/caplansky-deli-and-landlord-come-to-a-settlement-after-month-long-dispute.html,2016-07-18,en,thestar.com,thestar.com,2016,False
0c64d02286505ff78e4d882aeef4fd6de5a1a4576e28a10a374d9b1667856782,"Caplansky's Deli shut down, for now, by 'outrageous' landlord action",http://www.cbc.ca/news/canada/toronto/caplansky-deli-locked-out-1.3620720?cmp=rss,2016-06-10,en,cbc.ca,cbc.ca,2016,False
a6529808e4c39a61f9d39b5d91bbd876dfa8a23bc118e17bdcd28e22d6a13366,Caplansky’s Deli locked out by landlord,https://www.thestar.com/news/gta/2016/06/07/caplanskys-deli-locked-out-by-landlord.html,2016-06-07,en,thestar.com,thestar.com,2016,False
e22667ebaa3fa61b19911417448359529b9c73da7052bf8928aec51b51c6c644,Caplansky’s Deli reaches ‘amicable’ settlement with landlord in lease battle,http://globalnews.ca/news/2833509/caplanskys-deli-reaches-amicable-settlement-with-landlord-in-lease-battle,2016-07-19,en,globalnews.ca,globalnews.ca,2016,False
78d32a1e5aef22200df30c26f84ff6dd4a5cfffe94751f427bec5e502b863aa1,Caplansky’s Deli shuttered in dispute with landlord,http://www.torontosun.com/2016/06/07/caplanskys-deli-vows-fight-after-being-locked-out,2016-06-07,en,torontosun.com,torontosun.com,2016,False
1c82b1f7b09543e3f17d6cd38828a71b5c62b882b19f337a884c5fd1f13e5328,"Caplansky’s Deli suddenly shut by landlord, owner not sure why",http://globalnews.ca/news/2746823/caplanskys-deli-suddenly-shut-by-landlord-owner-not-sure-why,2016-06-07,en,globalnews.ca,globalnews.ca,2016,False
4558cfe7a6a9a84fcd3c40504221327d2be644b0279d77f531d69724f51dc82c,Carmichael clients evicted a decade ago finally getting money owed from landlord,https://leaderpost.com/news/local-news/carmichael-clients-evicted-a-decade-ago-finally-getting-money-owed-from-landlord,2019-10-19,en,leaderpost.com,leaderpost.com,2019,False
200247157d35cb9e08ee12a2e3195f414a2638779502f771af13b20e5da9c404,Cash for keys: Some tenants who face eviction demand thousands from landlords amid tribunal delays,https://www.cbc.ca/news/canada/toronto/landlord-tenant-cash-for-keys-1.7050393?cmp=rss,2024-01-15,en,cbc.ca,cbc.ca,2024,False
d417fc8a745457d90947f9a9ae414a0d99d2d862156271d0700e1a51f93152b6,"Caswell Hill residents concerned about absentee landlords, gangs",http://thestarphoenix.com/news/local-news/caswell-hill-community-association-asks-city-police-not-to-forget-about-neighbourhood-crime-during-pandemic,2020-04-06,en,thestarphoenix.com,thestarphoenix.com,2020,False
59fc2e7d34d0c5a9706aed5d85dc02b15ed83bcc82672a4fe0bce7f546b177e4,Caught on camera: Vancouver landlord ignores cops in alleged illegal eviction,https://www.ctvnews.ca/canada/caught-on-camera-vancouver-landlord-ignores-cops-in-alleged-illegal-eviction-1.3941394,2018-05-23,en,ctvnews.ca,ctvnews.ca,2018,False
cac6c0e0726e074eabc3172c0f1fdf687e317f2c1733d01151914668055e6dfd,"Caution urged on COVID-19 vaccine rules for B.C. employers, landlords",https://www.abbynews.com/news/caution-urged-on-covid-19-vaccine-rules-for-b-c-employers-landlords/,2021-07-13,en,abbynews.com,abbynews.com,2021,True
627de9d2976584d812c23fc367dcda5c61a7f2c104ab4a79662cf0ce3a4ed4d0,Centerpoint Mall landlord latest to file eviction notice against Hudson’s Bay,https://www.thestar.com/business/2020/11/23/centerpoint-mall-landlord-latest-to-file-eviction-notice-against-hudsons-bay.html,2020-11-23,en,thestar.com,thestar.com,2020,False
345cc515564811d9b37e379ea8b8124e3770274f8da8280fcbe0fdaa141132d7,Central Edmonton residents lose fight against landlord with criminal history,http://globalnews.ca/news/2152183/central-edmonton-residents-fight-back-against-landlord-with-criminal-history/,2015-08-06,en,globalnews.ca,globalnews.ca,2015,False
c3aaedc6fe4d631568553728439ddf7b8c14f9f046423f571379ebcf4a6131aa,Central Newfoundland landlord expected to plead guilty to alleged rental scam,http://www.cbc.ca/news/canada/newfoundland-labrador/apartment-fraud-charges-newfoundland-delayed-1.4104396?cmp=rss,2015-01-27,en,cbc.ca,cbc.ca,2015,False
c19cc3cdd935991b3dc3e450a79442762bad456ed4703cf0e112d8c6ea73f4fb,Chair of the East Ontario Landlords Organization says new licensing program will mean higher rents,https://ottawacitizen.com/news/local-news/chair-of-the-east-ontario-landlords-organization-says-new-licensing-program-will-mean-higher-rents,2019-08-30,en,ottawacitizen.com,ottawacitizen.com,2019,False
6756c5d509aad46b7ecd936865145443b97fa42002466f8443a05b664d93c090,Challenge of becoming landlord explored in comedy at Port Stanley Festival Theatre,https://lfpress.com/entertainment/theatre/challenge-of-becoming-landlord-explored-in-comedy-at-port-stanley-festival-theatre,2021-09-08,en,lfpress.com,lfpress.com,2021,False
f11bdcdcf922252c9f4088fa190baeab2b0afa1c3cf0b7cedf5b1f97b22740c8,Charges dropped against notorious Edmonton landlord,https://globalnews.ca/news/4202978/charges-dropped-edmonton-landlord-abudullah-shah-carmen-pervez/,2018-05-11,en,globalnews.ca,globalnews.ca,2018,False
941376a24cedd3fd6a382f8d54c97fdaaafc4dda7fcaca6c5c4887e64317e375,"Charlottetown tenants say landlord pressuring them to leave, with big money being offered",https://www.cbc.ca/news/canada/prince-edward-island/pei-university-apartments-tenants-rents-1.7624189?cmp=rss,2025-09-08,en,cbc.ca,cbc.ca,2025,False
0379899f321b466f14b3df7dd0f31633592324ba37032407bed77b32450de681,"Chicago woman convicted of killing, dismembering landlord, hiding some remains in freezer",https://www.thestar.com/news/world/united-states/chicago-woman-convicted-of-killing-dismembering-landlord-hiding-some-remains-in-freezer/article_69bfe82b-409b-53a6-b5a5-a87904d400f6.html,2024-04-23,en,thestar.com,thestar.com,2024,True
e2731fa92db5480031695859263a8b1122b2f1add63d5e0407aeb36656291d98,Chicago woman gets 58-year prison term for killing and dismembering her landlord,https://www.thestar.com/news/world/united-states/chicago-woman-gets-58-year-prison-term-for-killing-and-dismembering-her-landlord/article_d184693f-f193-5ffe-9e38-88f9309c17eb.html,2024-07-10,en,thestar.com,thestar.com,2024,True
7fde81beb6be30ac3b6123d938cc680984cd2d0ec2a0389382b5cec0c992eaf2,Children of 91-year-old multimillionaire landlord seek to have his marriage annulled,https://www.cbc.ca/news/canada/ottawa/multi-millionaire-annulment-lawsuit-1.5456835?cmp=rss,2020-02-07,en,cbc.ca,cbc.ca,2020,False
dd78f89c5154ad5653151dce7874af066f2900d28238ebb26de22b2a24b595a4,Chilliwack fire victim was using candles after landlord cut electricity,https://www.bclocalnews.com/news/chilliwack-fire-victim-was-using-candles-after-landlord-cut-electricity/,2018-06-27,en,bclocalnews.com,bclocalnews.com,2018,False
9d4f090e6444001db7a634130247715581c57b710b75a7f12617fd02f980299c,Chilliwack fire victim was using candles after landlord cut electricity,https://www.bclocalnews.com/news/chilliwack-fire-victim-was-using-candles-after-landlord-cut-electricity-2/,2018-06-28,en,bclocalnews.com,bclocalnews.com,2018,False
bda0178e1555df6bcb6e6cfcd1d72044ffb44e7e95a21485605396c96244ca9d,Chilliwack landlord furious a judge ordered a prolific offender to live in rental unit,http://www.bclocalnews.com/news/chilliwack-landlord-furious-a-judge-ordered-a-prolific-offender-to-live-in-rental-unit/,2020-03-14,en,bclocalnews.com,bclocalnews.com,2020,False
74d51f3d1d9c8232efab1dff73e5eb6ebc75edb19e1ce671b0dc862fca6e5a15,Christmas Fund: Landlord shuts down family’s depanneur,https://montrealgazette.com/news/local-news/christmas-fund-15,2022-12-02,en,montrealgazette.com,montrealgazette.com,2022,False
aa6947d514879ab5c142ac4fdaa1ee258859263407b07fb69eee565f067e0ebe,"Cineworld reaches bankruptcy settlement with landlords, lenders",https://nationalpost.com/pmn/news-pmn/crime-pmn/cineworld-reaches-bankruptcy-settlement-with-landlords-lenders,2022-10-31,en,nationalpost.com,nationalpost.com,2022,False
83764be3540e39b0cd7524bf0cdbc8446e08970c60f0a034925d4d18e39776c0,City backing off push to hold landlords responsible for FOCO costs,https://london.ctvnews.ca/city-backing-off-push-to-hold-landlords-responsible-for-foco-costs-1.4540464,2019-08-07,en,ctvnews.ca,ctvnews.ca,2019,False
3c44120b3cb00e770f92e2253a74bcc471885ce3f61b8b6392ee745b62c3579a,"City blitzes landlords to find 100 rental units for homeless individuals, families",https://ottawacitizen.com/news/local-news/city-blitzes-landlords-to-find-100-rental-units-for-homeless-individuals-families,2020-08-10,en,ottawacitizen.com,ottawacitizen.com,2020,False
65be7355d018c08bd213e963e457df536a30e697ba77445534e809ccd8827308,"City bylaws don’t do enough to hold bad-faith tenants accountable, argues homeless landlord",https://www.thespec.com/news/hamilton-region/city-bylaws-dont-do-enough-to-hold-bad-faith-tenants-accountable-argues-homeless-landlord/article_24dea76f-b9e6-51a1-8ac8-497616aca5e6.html,2024-09-11,en,thespec.com,thespec.com,2024,False
c8e480a230349067c383f3dd7304a198c448e510fc27b6bdee4aaf33f4cb6b9c,City committee approved by-law to help tenants and landlords deal with pests,https://ottawa.ctvnews.ca/city-committee-approved-by-law-to-help-tenants-and-landlords-deal-with-pests-1.5073194,2020-08-20,en,ctvnews.ca,ctvnews.ca,2020,False
19da7179976362b10c53434e418a55680335e57a465510e289cdcfcc38c1b9de,City councillor putting the heat on landlords with push for temperature-control measures,http://www.thestar.com/news/gta/2015/09/10/city-councillor-putting-the-heat-on-landlords-with-push-for-temperature-control-measures.html,2015-09-10,en,thestar.com,thestar.com,2015,False
f850b31b79de55353edd4f20a8e3f47aa2c788106a7ee34ecb123f2b9c1dffc5,City councillors inch ahead on rental licensing pilot despite landlord objections,https://globalnews.ca/news/4752155/hamilton-rental-licensing-pilot-landlords/,2018-12-11,en,globalnews.ca,globalnews.ca,2018,False
d00ac3ad2bacdf397921e2ac1c4121adfdb3478a5b935e95b6a7d7cc85734e4e,City hall asked landlords to help house London's homeless. They all ignored it,https://lfpress.com/news/local-news/city-hall-asked-landlords-to-help-house-londons-homeless-they-all-ignored-it,2020-10-28,en,lfpress.com,lfpress.com,2020,False
987c4a8b8b4d270a8cbd0a30972c16ce6acfc0217110145121daedd6f2d287ad,City Hall considers cracking down on problem landlords,https://london.ctvnews.ca/city-hall-considers-cracking-down-on-problem-landlords-1.5595514,2021-09-22,en,ctvnews.ca,ctvnews.ca,2021,False
d0e08ee14624c8d075ed5abbed5ab4e89ffd5280baa31891c33f7f6a3a0f322c,"City handouts to landlords for renos amount to paying them to raise rents, says tenants' advocate",https://www.cbc.ca/news/canada/montreal/montreal-subsidize-landlords-1.5459082?cmp=rss,2020-02-11,en,cbc.ca,cbc.ca,2020,False
7222db4153368572fa5116a9d1bb8d25cc57f62e90f8ad7ada9b2a5c6de66c42,City in talks with Scarborough landlord to keep shelter open after $29K rent hike,http://www.cbc.ca/news/canada/toronto/birkdale-residence-lease-1.4050549?cmp=rss,2017-03-31,en,cbc.ca,cbc.ca,2017,False
f7a40edd141bcbfb6b64a971471a6c40382e30578bdcc20d729526ed3909348f,City investigating how landlord was left with 'disgusting' rental unit,http://www.cbc.ca/news/canada/ottawa/rental-trashed-housing-first-ottawa-city-hall-reaction-1.4371851?cmp=rss,2017-10-24,en,cbc.ca,cbc.ca,2017,False
763c324a058211b77f07e7c626c1cdfde4d1e0768108545644922929ada80455,"City of Hamilton expected to approve tax deferral, mayor asks landlords to ‘exercise judgment’",https://globalnews.ca/news/6761775/city-of-hamilton-expected-to-approve-tax-deferral-mayor-asks-landlords-to-exercise-judgment/,2020-04-01,en,globalnews.ca,globalnews.ca,2020,False
fe9e7388431ac8171258fdb13276d18001862c8441988d7fee267ecb48346d05,City of London housing blitz aims at helping tenants address issues with landlords,https://london.ctvnews.ca/proactive-enforcement-city-of-london-housing-blitz-aims-at-helping-tenants-address-issues-with-landlords-1.7029375,2024-09-07,en,ctvnews.ca,ctvnews.ca,2024,False
1a1d9de4a5286492cb0670dedcb60c67bd09e1032ad69c1dd6063ca633a150a4,City of Ottawa employee found to be receiving kickbacks from landlords,https://ottawa.ctvnews.ca/city-of-ottawa-s-auditor-general-finds-kickback-scheme-involving-city-employee-and-local-landlords-1.7130612,2024-12-02,en,ctvnews.ca,ctvnews.ca,2024,False
3ea432b3ec3004cbeff2922ebb1229e4c951565dc4b81eeb8a00cdabc4a03324,City of Seattle officials are dismantling property rights of landlords,https://thepostmillennial.com/city-of-seattle-officials-are-dismantling-property-rights-of-landlords,2020-02-11,en,thepostmillennial.com,thepostmillennial.com,2020,False
79b33457aa72fb3008b42f30a97bccd8296ec345d5791244dd22ae65479c2a1c,City of Seattle officials are dismantling property rights of landlords,https://www.thepostmillennial.com/city-of-seattle-officials-are-dismantling-property-rights-of-landlords/,2020-02-12,en,thepostmillennial.com,thepostmillennial.com,2020,False
9eb79b4d31ec94288f38d4682dbc4662fe7ba5687dc2c1ee3cb9789cbba50720,City of Toronto proposes framework for licensing landlords,http://globalnews.ca/news/2692564/city-of-toronto-proposes-framework-for-licensing-landlords,2016-05-10,en,globalnews.ca,globalnews.ca,2016,False
4a4f4b7b40409e37f6fa58950f080170a6b48d6066790e89613dc313cd343894,City of Vancouver denies licence appeal for pot shop allegedly tied to Balmoral landlords,http://globalnews.ca/news/3595122/vancouver-pot-shop-sahota-family/,2017-07-13,en,globalnews.ca,globalnews.ca,2017,False
511abfd9d74d20906b98191cb027b3907b4a5f2e36343e36f1eb78d0a0b87f23,City of Vancouver will become a developer and landlord of for-profit rentals in bid to ease housing crisis,https://www.theglobeandmail.com/canada/article-city-of-vancouver-becomes-its-own-developer-for-for-profit-housing/,2025-02-07,en,theglobeandmail.com,theglobeandmail.com,2025,False
3d42dde83766bad74092b7e981f905777a50dcfbe3474ea39440fe1d2cab1a73,City of Victoria might sue landlords that rent to defiant pot shops,http://www.timescolonist.com/news/local/city-of-victoria-might-sue-landlords-that-rent-to-defiant-pot-shops-1.23150525,2018-01-21,en,timescolonist.com,timescolonist.com,2018,False
9dcaece193e807aa08c8153183f82166ad084d220a1e216e75990eb4ac1f7d31,"City of Windsor asking homeowners, landlords to offer space for Syrian refugees",http://www.cbc.ca/news/canada/windsor/syrian-refugees-housing-windsor-1.3351043?cmp=rss,2015-12-02,en,cbc.ca,cbc.ca,2015,False
d524705cc9d89e08714414276d491a99fcd5f631d51495a7e47adec70c494aa7,"City offering forgivable loans to landlords to renovate units, keep them affordable and house homeless families",https://ottawacitizen.com/news/local-news/city-offering-forgivable-loans-to-landlords-to-renovate-units-keep-them-affordable-and-house-homeless-families,2021-11-14,en,ottawacitizen.com,ottawacitizen.com,2021,False
7cc1b5562a43f59fb69b4e403f8f93ee36b81f7648346411cc38332634daa1cb,City puts bad landlords in its sights with new apartment bylaw,http://www.cbc.ca/news/canada/toronto/apartment-bylaws-approved-1.4045835?cmp=rss,2017-03-29,en,cbc.ca,cbc.ca,2017,False
99dccb1ed319ec3aaaac4a00473351376aa1bc167b3e6a74978eb3b682218cb6,City report on St. James Town electrical failures recommends tighter oversight on landlords,https://www.cbc.ca/news/canada/toronto/landlords-should-keep-better-tabs-on-electrical-systems-st-james-town-report-says-1.5108354?cmp=rss,2019-01-23,en,cbc.ca,cbc.ca,2019,False
f80ddcb0a9d8c42e966c42b25a0c3527e81ad95b3dcfe0d5c30684757154c6fe,City report on St. Jamestown electrical failures recommends tighter oversight on landlords,https://www.cbc.ca/news/canada/toronto/landlords-should-keep-better-tabs-on-electrical-systems-st-jamestown-report-says-1.5108354?cmp=rss,2019-01-23,en,cbc.ca,cbc.ca,2019,False
5e515cb71e8a33262e5b4f157264b1a4db1438702cac65ba4ee6edd74aacb7a2,City takes landlord to court for blocking shortcut,http://www.cbc.ca/news/canada/prince-edward-island/pei-city-lawsuit-path-upei-1.3306747?cmp=rss,2015-11-06,en,cbc.ca,cbc.ca,2015,False
a57ddc66bcf045207529a3dfd6757ff7b1f6b81e18d51c5dc0d3d07b04c34cf1,City welcomes donations and asks landlords for help with displaced Ouellette apartment residents,https://windsor.ctvnews.ca/city-welcomes-donations-and-asks-landlords-for-help-with-displaced-ouellette-apartment-residents-1.6168690,2022-11-25,en,ctvnews.ca,ctvnews.ca,2022,False
2390563764497cc653ad49f73fd46a137c8fb621ec3c3bc151dee26ccd53b6d3,City's first 'landlord liaison' to help break cycle of homelessness,https://tj.news/telegraph-journal/101752646?ref=rss,2021-12-27,en,tj.news,tj.news,2021,False
d701ad7c89e2f3cbd05faf25383a07369456c53541f32e817cd52c27e20a27f9,"City, landlord kick around blame on trash heaps",https://www.winnipegfreepress.com/breakingnews/2025/03/20/spring-cleaning-cant-come-soon-enough-residents-say,2025-03-20,en,winnipegfreepress.com,winnipegfreepress.com,2025,False
191f2a7b3167a7c20e769879c0fd056539201f8f81a46eaa379c9ac17a537a37,Clark warns of unintended consequences as Saskatoon rejects licenses for landlords,https://saskatoon.ctvnews.ca/clark-warns-of-unintended-consequences-as-saskatoon-rejects-licenses-for-landlords-1.4785965,2020-01-27,en,ctvnews.ca,ctvnews.ca,2020,False
bc651325055247f92304bbd195f269ad067aeb308c9f0a35c02ee60b7392f025,CLARK: A message to Ontario renters and landlords,https://torontosun.com/opinion/columnists/clark-a-message-to-ontario-renters-and-landlords,2020-03-27,en,torontosun.com,torontosun.com,2020,False
8423d995b6f8adbeb8851b21e6e8bbddce148649946a3ca450c39cdeefd15c4e,"Climate groups, tenants accuse Toronto landlord of ‘greenwashing’ rent hikes",https://www.nationalobserver.com/2023/07/28/news/climate-groups-tenants-accuse-toronto-landlord-greenwashing-rent-hikes,2023-07-28,en,nationalobserver.com,nationalobserver.com,2023,False
c19e740f4433968dccf28996fadd4bc6231a0535f65865542af6a4441ca56ced,Clothing for fire victims taken to dump by landlord: Yellowknife woman,http://www.cbc.ca/news/canada/north/clothing-for-fire-victims-taken-to-dump-by-landlord-yellowknife-woman-1.3135433?cmp=rss,2015-07-02,en,cbc.ca,cbc.ca,2015,False
e10fd3e66fd907d86f6f197fdbcbf14cc9ec9df3bd9ae0d2827e5b2a0ddf535e,"Co-op gives 50 tenants rent relief for two months, urges landlords to follow",https://ottawacitizen.com/news/local-news/co-op-gives-50-tenants-rent-relief-for-two-months-urges-landlords-to-follow,2020-03-27,en,ottawacitizen.com,ottawacitizen.com,2020,False
bc90e68000781b6234dc36cbcd54f6f2028d03858c06eb433a5b9a889b804b0b,"Cobalt Cabaret stops booking shows, fears landlords won't complete city-mandated repairs",http://www.cbc.ca/news/canada/british-columbia/cobalt-cabaret-stops-booking-shows-fears-landlords-won-t-complete-city-mandated-repairs-1.4589334?cmp=rss,2018-03-23,en,cbc.ca,cbc.ca,2018,False
432973e492b652e9c39fec81dc03235887684a3e97100ad27a8a52ec8ad520f1,"Commercial evictions ban proposed in new bill, landlords and renters to cooperate on repayment",https://edmonton.ctvnews.ca/commercial-evictions-ban-proposed-in-new-bill-landlords-and-renters-to-cooperate-on-repayment-1.4986865,2020-06-16,en,ctvnews.ca,ctvnews.ca,2020,False
0639c8bae2b626b16746375b4aa52e905cdf5262f24cd35138cec6619e2fee53,Commercial landlords and big retailers work together to pitch rent relief plan to Ottawa,https://www.theglobeandmail.com/business/article-commercial-landlords-and-big-retailers-work-together-to-pitch-rent/,2020-04-30,en,theglobeandmail.com,theglobeandmail.com,2020,False
cbcfc21637ecf7ae939d6ba46938bd5fa6a1713c8e85c97e9599a25d31559609,Commercial landlords blast city over possible end to tax rebate,http://ottawacitizen.com/news/local-news/commercial-landlords-blast-city-over-possible-end-to-tax-rebate,2017-03-10,en,ottawacitizen.com,ottawacitizen.com,2017,False
cb940413655e5fd113bb7c83b4953884cd01688f8e0a1bb36bc1db6b3008ec54,Commercial landlords brace for May to be worst yet as tenants grapple with rent,https://www.thestar.com/business/2020/04/30/commercial-landlords-brace-for-may-to-be-worst-yet-as-tenants-grapple-with-rent.html,2020-04-30,en,thestar.com,thestar.com,2020,True
292a123b878459d1fc00f38fad3c2aa61c5c47c69341e4dbf24797262e33a536,Commercial landlords now required to apply for relief before threatening eviction,https://calgary.ctvnews.ca/commercial-landlords-now-required-to-apply-for-relief-before-threatening-eviction-1.4971681,2020-06-05,en,ctvnews.ca,ctvnews.ca,2020,False
f221bf14a8b3eaf8edef71a448d5369f7dd1773a067ee161c3f3fe506f72821f,Commercial landlords offer rent deferrals as coronavirus shutters stores,https://globalnews.ca/news/6786919/rent-deferral-businesses-coronavirus/,2020-04-06,en,globalnews.ca,globalnews.ca,2020,False
f4a339273a0d0a8644de13fe2c1caa53db6fe9e8520ee2a37cc7d963326441ae,Commercial landlords offering rent deferrals as economy hit by pandemic,https://www.thestar.com/business/2020/04/06/choice-reit-offers-rent-deferrals-for-businesses-on-case-by-case-basis.html,2020-04-06,en,thestar.com,thestar.com,2020,True
7d431776b341c4497272657f9f66adcb4f5d6850ebe16df31b8b08114a6b61fe,Commercial landlords on White Rock’s beach ‘push it’ with high rents: real-estate agent,http://www.bclocalnews.com/business/commercial-landlords-on-white-rocks-beach-push-it-with-high-rents-real-estate-agent/,2020-03-08,en,bclocalnews.com,bclocalnews.com,2020,False
337cf65b56834d3cd6b37adce2dcc482d36e65bd07ebe5c212e6e6e71fadcd4d,"Commercial landlords say rent relief program not suitable, or necessary, for all",http://lfpress.com/business/local-business/commercial-landlords-say-rent-relief-program-not-suitable-or-necessary-for-all,2020-05-27,en,lfpress.com,lfpress.com,2020,False
aad77128090bbc3c67540aec52deb8d13abd1a335712ab36f7ac383fecae369f,Commercial property landlords push back against rent relief requests from big firms,https://www.theglobeandmail.com/business/article-commercial-property-landlords-push-back-against-rent-relief-requests/,2020-03-31,en,theglobeandmail.com,theglobeandmail.com,2020,False
e2af33755522cd38ab57d54ee703b27182bc16eb08fa7cc06113326ed35f127f,Commercial real estate: How landlords should adapt to the green building wave,http://vancouversun.com/business/commercial-real-estate/commercial-real-estate-how-landlords-should-adapt-to-the-green-building-wave,2016-06-14,en,vancouversun.com,vancouversun.com,2016,False
0ca6be043ac198bbb6dfa9412799ccdfe6d9c7b4ca066dc801b7abf461ef7609,Commercial rent relief applications open as feds encourage landlords to apply,https://www.abbynews.com/news/commercial-rent-relief-applications-open-as-feds-encourage-landlords-to-apply/,2020-05-25,en,abbynews.com,abbynews.com,2020,True
ac47ac8112f0e428546b2bc0ad92ccac12ee277f4a439db2f2a28d68ad05046d,"Commercial rent relief plan gave businesses hope, but landlords reluctant to participate",https://globalnews.ca/news/6954343/landlords-reluctant-commercial-rent-relief/,2020-05-17,en,globalnews.ca,globalnews.ca,2020,False
acb585ef5f2477d0c9fd19e010eb7ec9daa2f757948299c0b9a5b8a33a311452,Community landlords step up to offer space to advocacy organization,https://www.bclocalnews.com/news/community-landlords-step-up-to-offer-space-to-advocacy-organization/,2020-12-10,en,bclocalnews.com,bclocalnews.com,2020,False
2f825716ae09c904ae47cf783b95552526f86faa35392393143a2d194de5c264,Community rallies around new Calgary landlords with house left in filth,https://globalnews.ca/news/9637649/community-rallies-around-calgary-landlords/,2023-04-19,en,globalnews.ca,globalnews.ca,2023,False
a32c24ea91ed5693aff350070c5a8210c4f1837cd0513311102856499e7d1ca9,Community-care workers upset by higher rates paid to private landlords for fewer services,http://www.cbc.ca/news/canada/newfoundland-labrador/community-care-workers-conception-bay-south-1.4701333?cmp=rss,2018-06-12,en,cbc.ca,cbc.ca,2018,False
5def623b7c5ccd11a80a7a2b85cad40c918529c40938b79799a462f8f452ad90,Competition among condo landlords helped to slow Toronto-area rent growth in 2024: CMHC,https://www.thestar.com/real-estate/competition-among-condo-landlords-helped-to-slow-toronto-area-rent-growth-in-2024-cmhc/article_99482b1a-bc8f-11ef-94bf-f3cedff27c4c.html,2024-12-17,en,thestar.com,thestar.com,2024,False
d98e2edb100e836812ec8866fb7811c69cb58696267e6d9514ff83b5ffa2814d,Competition Bureau says it's probing whether landlords are using AI to set rents,https://www.winnipegfreepress.com/arts-and-life/life/sci-tech/2025/02/17/competition-bureau-says-its-probing-whether-landlords-are-using-ai-to-set-rents,2025-02-17,en,winnipegfreepress.com,winnipegfreepress.com,2025,True
9844668a8d8975342b3ce00832418bfd0fd2d836cfc92a85db53be9024e07cbf,Competition Bureau says it’s probing whether landlords are using AI to set rents,https://www.thestar.com/business/competition-bureau-says-its-probing-whether-landlords-are-using-ai-to-set-rents/article_2b612f0c-384d-58fc-bafe-efd999c98108.html,2025-02-17,en,thestar.com,thestar.com,2025,True
616ab2dd279e58d3404b580f931ba3ea11fda78ebc7929784f9f201685d46ec7,Competition Bureau says it’s probing whether landlords are using AI to set rents,https://www.theglobeandmail.com/business/article-competition-bureau-says-its-probing-whether-landlords-are-using-ai-to/,2025-02-18,en,theglobeandmail.com,theglobeandmail.com,2025,False
6b01a843737bd80b2a46cdcc4aa270cede321d7f5f7d3ef5b332bd16071af084,Competition Bureau urges retailers and landlords to drop property controls,https://www.thestar.com/politics/federal/competition-bureau-urges-retailers-and-landlords-to-drop-property-controls/article_755f0467-f0c9-5f4d-af1e-34a8ad9c2879.html,2025-06-04,en,thestar.com,thestar.com,2025,True
46f748478357fd9ec2f476b67a160e1319444ddfd2181a5cab52467ae851deb5,Complaints about nosy landlords on the rise,https://www.thestar.com/news/gta/2018/06/05/complaints-about-nosy-landlords-on-the-rise.html,2018-06-05,en,thestar.com,thestar.com,2018,False
fe653f9153580d275020b56fa29d8551edaabad892fee2b7e4a5f86f6fc29857,Concern is growing that landlords are using ‘above guideline increases’ to raise rents far above the yearly cap,https://www.thestar.com/business/2022/09/02/agis-further-threaten-affordable-housing-in-toronto-say-critics.html,2022-09-02,en,thestar.com,thestar.com,2022,False
b0e5da71540f752e0f84927e0936e15b5b75aac48ebc4787f8502253d61b0818,Concerns over ruling that let B.C. landlord hike rent 27%,https://bc.ctvnews.ca/tenant-advocate-decries-ruling-that-let-b-c-landlord-hike-rent-27-after-interest-rates-rose-1.7003267,2024-08-16,en,ctvnews.ca,ctvnews.ca,2024,False
30b6b4a53845709e64a8dbc4b55f8b19ad1f862ac57a26dae825f8b9bd0e1827,Concerns raised over landlord participation in rent-relief program,https://www.nationalobserver.com/2020/04/24/news/concerns-raised-over-landlord-participation-rent-relief-program,2020-04-24,en,nationalobserver.com,nationalobserver.com,2020,False
73f93f6a97e25112347e1e34a406f51e05b29964193ce165917f6dd9636b9b57,Condo crash forces Toronto’s public landlord to move ahead on huge North York redevelopment on its own,https://www.thestar.com/real-estate/condo-crash-forces-torontos-public-landlord-to-move-ahead-on-huge-north-york-redevelopment-on/article_06564470-142e-4949-bd84-b7661c0d1d97.html,2025-12-04,en,thestar.com,thestar.com,2025,False
5b3b6f0561740707eff7394107e2f6f7328a584fb5de7a649916429e7f8b59c2,"Confusion in Watson Lake, Yukon, after landlord of subsidized housing walks back possible eviction notices",https://www.cbc.ca/news/canada/north/cmhc-stops-deloitte-from-selling-subsidized-homes-in-watson-lake-yukon-evicting-tenants-9.6955838?cmp=rss,2025-10-28,en,cbc.ca,cbc.ca,2025,False
2b8a8badb638e7a14e2eb13c46eef9f84dc85a3afca7078a9dfef54507610763,Conn. landlord arrested for allegedly sniffing tenants’ underwear,https://www.torontosun.com/news/crime/connecticut-landlord-arrested-for-allegedly-sniffing-tenants-underwear,2021-07-27,en,torontosun.com,torontosun.com,2021,False
363162a5ab31e8784de9f58af494cf8476673a02924f4d49fed01e110303eff1,"Connecticut landlord to pay $400,000 for tenant harassment",https://www.thestar.com/news/world/us/2023/04/20/connecticut-landlord-to-pay-400000-for-tenant-harassment.html,2023-04-20,en,thestar.com,thestar.com,2023,True
57292ebb8129272bbe97196180b42346d70caa6ba7efebc2c88da6a40343f9a5,"Conservancy, landlord headed to mediation amid ongoing rent dispute for historic ocean liner",https://www.thestar.com/news/world/united-states/conservancy-landlord-headed-to-mediation-amid-ongoing-rent-dispute-for-historic-ocean-liner/article_6e1fc56a-52a7-56bf-9d71-21ca3e44626b.html,2024-09-13,en,thestar.com,thestar.com,2024,True
6791933ea53485d2e6c0720d3f3aa95861345990504dabce4f831963be582526,Conservatives empowered corporate landlords to raise rents,https://rabble.ca/economy/conservatives-empowered-corporate-landlords-to-raise-rents/,2025-06-23,en,rabble.ca,rabble.ca,2025,False
6aa62f978cccf283db692ea7e17a5f51ca56f8caccde171257250fad18a1e222,Controversial Downtown Eastside landlords involved in pot shop bid,http://bc.ctvnews.ca/controversial-downtown-eastside-landlords-involved-in-pot-shop-bid-1.3500030,2017-07-12,en,ctvnews.ca,ctvnews.ca,2017,True
f23b8cac852392009a478df6fadc05d68b71fda11502e27fadf541c3b93322bc,"Controversial Edmonton landlord in critical, but stable condition after being shot in the head",https://edmontonjournal.com/news/local-news/controversial-edmonton-landlord-in-critical-but-stable-condition-after-being-shot-in-the-head,2021-08-15,en,edmontonjournal.com,edmontonjournal.com,2021,False
a82c4e23dbe316f7f7b38c94e9a60ef94933645e1e7510e0f6bd505304d7eced,"Controversial Edmonton landlord, 2 others face charges after nearly 2 pounds of meth seized",http://globalnews.ca/news/2610906/infamous-edmonton-landlord-2-others-face-charges-after-nearly-2-pounds-of-meth-seized/,2016-03-31,en,globalnews.ca,globalnews.ca,2016,False
899b012a898932ec6dc3e0579481ef265d61f220f46eab0368d066a7e34547a3,Controversial landlord continues to challenge police 'harassment',https://edmontonjournal.com/news/local-news/controversial-landlord-continues-to-challenge-police-harassment,2019-09-21,en,edmontonjournal.com,edmontonjournal.com,2019,False
48a25f2ae5f70f94fda2ff1eef88e90cde095db393412643ee646ae5b5371c8b,Controversial landlord wants out of business after fire ravages rental property,http://thestarphoenix.com/news/local-news/controversial-landlord-wants-out-of-business-after-fire-ravages-rental-property,2017-11-07,en,thestarphoenix.com,thestarphoenix.com,2017,False
53585e1b88d231e6a4195a54fdd68163111aba12f8154d4e041ad5d7046e7f2f,Convicted Edmonton landlord Abdullah Shah shot dead Sunday,https://edmonton.ctvnews.ca/convicted-edmonton-landlord-abdullah-shah-shot-dead-sunday-1.5818052,2022-03-14,en,ctvnews.ca,ctvnews.ca,2022,False
c991c8e79a61ba5805263bc268e4d6f5046b7d095472e5e6682b4e93293866d2,"Coquitlam landlord loses bid to overturn $36,000 order to former tenants",https://www.thespec.com/news/canada/coquitlam-landlord-loses-bid-to-overturn-36-000-order-to-former-tenants/article_909fe353-a1e6-5400-a4a9-6f1541a16c30.html,2025-06-17,en,thespec.com,thespec.com,2025,True
697309d56e8184322c11e61e019c976a7682aade15a54e16ae3f17858ea6c49b,"Coquitlam landlords’ attempt to overturn $12,000 tenant award fails in B.C. Supreme Court",https://www.thespec.com/news/canada/coquitlam-landlords-attempt-to-overturn-12-000-tenant-award-fails-in-b-c-supreme-court/article_9577badb-b85e-524f-a0bd-2799f0871fec.html,2025-07-18,en,thespec.com,thespec.com,2025,True
0a27a17ab63963d184777b1441f62d5374b656f8f0c07b0dbd4f8211e2ed9bb6,Cornwall landlord frustrated COVID-19 measures being abused,https://www.standard-freeholder.com/news/local-news/cornwall-landlord-frustrated-covid-19-measures-being-abused,2020-03-31,en,standard-freeholder.com,standard-freeholder.com,2020,False
df3a354402068dcec272458cd1dbd320f69fe7c9b6c089350dcfa3f0150fcd6c,"Cornwall to consult with tenants, landlords on licensing",https://www.standard-freeholder.com/news/local-news/cornwall-to-consult-with-tenants-landlords-on-licensing,2020-06-10,en,standard-freeholder.com,standard-freeholder.com,2020,False
1b0e633a48d1742ed92354353b7edd948e47bf0bc81f04b88e4ff64ddf87aad5,"Coronavirus crisis rules favour delinquent tenants, Kingston, Ont. landlord says",https://globalnews.ca/news/6860203/coronavirus-crisis-rules-favour-delinquent-tenants-kingston-ont-landlord-says/,2020-04-23,en,globalnews.ca,globalnews.ca,2020,False
a2fe7b394468b3fddcdb78ea5a6e50f48b01b7ea6b1b70188cb2c8216b072d1c,"Coronavirus outbreak: Ontario to provide assistance to small businesses, landlords amid COVID-19 pandemic",https://globalnews.ca/video/6864252/coronavirus-outbreak-ontario-to-provide-assistance-to-small-businesses-landlords-amid-covid-19-pandemic/,2020-04-24,en,globalnews.ca,globalnews.ca,2020,False
d21381cfac846cd9ccdd2b47ed2390cb0e2f5f37b303f721a75d494703cc461c,"Coronavirus: HBC sues landlord of Yorkdale, Square One alleging failure to run ‘first class’ malls",https://globalnews.ca/news/7426627/coronavirus-hudsons-bay-yorkdale-square-one-oxford/,2020-10-27,en,globalnews.ca,globalnews.ca,2020,False
cd20b1b52f8eeee06040b16dd3896c09fd78a025cbcf5fb0471d9acd893c3222,"Coronavirus: Markham, Ont., landlord in eviction fight with real estate agent",https://globalnews.ca/news/6976025/coronavirus-markham-landlord-real-estate-agent/,2020-05-22,en,globalnews.ca,globalnews.ca,2020,False
0695d3a7436bf213ffb5bc541e10ebdb4ff00bc13ee8b78c9f216db09e9a970c,"Coronavirus: Ontario announces urgent rent relief funding for small businesses, landlords",https://globalnews.ca/news/6863868/ontario-rent-relief-program-small-businesses-landlords-coronavirus/,2020-04-24,en,globalnews.ca,globalnews.ca,2020,False
82a8f59235ba8d1b757e80355b1bd3169c18569a901d8348fec7c0a8cb2313f3,"Coronavirus: Rent relief is coming for commercial landlords, but some may not apply",https://globalnews.ca/news/6910277/coronavirus-commercial-rent-cecra/?utm_medium=Facebook&utm_source=GlobalHalifax,2020-05-07,en,globalnews.ca,globalnews.ca,2020,False
baa812debe49aed714a5aefbad6f8208a2ef1d8498c12b5ff27b229fbcdf4a0a,"Coronavirus: Struggling London, Ont., small business owner says landlord reluctant to apply for rent relief plan",https://globalnews.ca/news/7009029/coronavirus-cecra-program-small-businesses-london/?utm_source=AM980London&utm_medium=Facebook,2020-05-31,en,globalnews.ca,globalnews.ca,2020,False
8ecf9cba8fd5b1c110b97d03a61653051b089a57b6abf723e445056522df69af,Coronavirus: Tenants and landlords concerned as rent payments due in Manitoba,https://globalnews.ca/news/6757118/coronavirus-manitoba-rent-payments-tenants-landlords/,2020-03-31,en,globalnews.ca,globalnews.ca,2020,False
77fb1a26bf79520643ac59f9621c2e5c08a5149e30ceb995c5a035e960fcb78a,"Coronavirus: Tenants call on landlords and province to step up, offer rent relief programs",https://globalnews.ca/news/7504542/coronavirus-toronto-ontario-landlords-tenants-relief/,2020-12-05,en,globalnews.ca,globalnews.ca,2020,False
8b09c0ab7b39ede43b477c46e976bc5775485b23f9d9d69a641b3699e156191d,"Corporate landlords may not be the only drivers of unaffordable housing, but they are a contributing force",https://www.thestar.com/opinion/letters-to-the-editor/corporate-landlords-may-not-be-the-only-drivers-of-unaffordable-housing-but-they-are-a/article_9a919a48-a668-401f-b1fb-38e79a41db77.html,2025-06-20,en,thestar.com,thestar.com,2025,False
2c43c9a46281c44e686f01c8f0b7f17f9d28b0368ccb1423093af1942890a54c,Cost of living crisis: what are your rights if your landlord wants to increase your rent?,https://theconversation.com/cost-of-living-crisis-what-are-your-rights-if-your-landlord-wants-to-increase-your-rent-189089,2022-08-25,en,theconversation.com,theconversation.com,2022,False
eb6a5c46a236bd54c9a22a0d3b4550d57bf609cedc873dcac00b26b842844195,"Council approves new Airbnb, landlord rules",https://www.cbc.ca/news/canada/ottawa/airbnb-regulations-city-council-approval-1.5375164?cmp=rss,2019-11-16,en,cbc.ca,cbc.ca,2019,False
628a31c9856b1d116976a8226d127201716f443fe44bbb7c3471c0a0797957d4,Council approves next step towards landlord licensing,https://www.thestar.com/news/city_hall/2016/06/08/council-approves-next-step-towards-landlord-licensing.html,2016-06-08,en,thestar.com,thestar.com,2016,False
9fd703e128bfbfc8caacf0906352436b5c49257ee072fa19962a22041766c7d4,Council passes first two readings of new property tax bylaw despite concerns from landlords and non-profit housing groups,https://paherald.sk.ca/2021/04/13/council-passes-first-two-readings-of-new-property-tax-bylaw-despite-concerns-from-landlords-and-non-profit-housing-groups/,2021-04-13,en,paherald.sk.ca,paherald.sk.ca,2021,False
50db15853afded29b7f4fd2467dd572a551f45715f3170fb6405414704e8ae4b,Council votes in favour of bylaw aimed at cracking down on bad landlords,http://toronto.ctvnews.ca/council-votes-in-favour-of-bylaw-aimed-at-cracking-down-on-bad-landlords-1.3346517,2017-03-29,en,ctvnews.ca,ctvnews.ca,2017,False
14f35754398afc7679cd0083862855bcebd4a7c2d9a4b5ca7f0146222f6070a9,Councillor finds it 'prudent' landlords have proper fire insurance,https://torontosun.com/news/local-news/councillor-finds-it-prudent-landlords-have-proper-fire-insurance,2019-12-15,en,torontosun.com,torontosun.com,2019,False
c1d8d183f4d1eea6934eb391ed4853ce1555b2e26f354e6c37e1b0ac27b3e8b7,Councillors back two-year landlord licensing pilot in areas of Hamilton,https://www.thespec.com/news/council/2021/08/11/hamilton-landlord-license.html,2021-08-11,en,thespec.com,thespec.com,2021,False
6a9997f498147b52c89beb3187dee4fb3fff4b26e70711b5dc4da9d94132d514,Councillors to landlords: Keep the air conditioning on,https://www.thestar.com/news/city_hall/2017/09/20/councillors-to-landlords-keep-the-air-conditioning-on.html,2017-09-20,en,thestar.com,thestar.com,2017,False
9007109b54bf02b292f039976ec3ecf0dd44053cf3b4fc356383f812c2d18c5c,Couple in dispute with landlord over basement mould before killing: Hamilton police,https://globalnews.ca/news/9738929/mould-dispute-tenants-killed-landlord-dispute-hamilton/,2023-06-01,en,globalnews.ca,globalnews.ca,2023,False
64d8b7215576d53facc488a05141d6ce9cdab5dc14f55c1e125e4edbd14d2632,Couple says landlords won't help with mouse infestation,http://atlantic.ctvnews.ca/couple-says-landlords-won-t-help-with-mouse-infestation-1.2182705,2015-01-10,en,ctvnews.ca,ctvnews.ca,2015,False
3c378c99adb0c87075fe91566f8fd02ea9d3dbeca3b96cc3147856b5c26984d3,Couple told they are too young to rent will take landlord to Ontario Human Rights Tribunal,http://www.cbc.ca/news/canada/toronto/couple-in-early-20s-denied-toronto-condo-rental-due-to-their-age-1.3953905?cmp=rss,2017-01-30,en,cbc.ca,cbc.ca,2017,False
0e3e8c632e64d7c1d0acba0b0279ce245b2102199a53b2933962b48b24975f63,Couple who lost hundreds to landlord says Tenancies Act is unfair,http://www.cbc.ca/news/canada/nova-scotia/residential-tenancies-act-tenant-landlord-rent-fee-hearing-1.4141560?cmp=rss,2017-06-02,en,cbc.ca,cbc.ca,2017,False
181ad89f50472f41f5737596eb0407e79eabcbd2a198fdef35356cf4d5d25f90,"Court denies class-action lawsuit against Sahota family, landlords of decrepit hotels",https://www.cbc.ca/news/canada/british-columbia/court-denies-class-action-lawsuit-against-sahota-family-landlords-of-decrepit-hotels-1.4861576?cmp=rss,2018-10-12,en,cbc.ca,cbc.ca,2018,False
bbf7e768f5263019c0879bb887362baf283cbf3becca104dbf6ba51bb29fbc79,"Court documents reveal Hudson’s Bay owes $950 million to landlords, fashion brands, banks and government",https://www.thestar.com/business/court-documents-reveal-hudsons-bay-owes-950-million-to-landlords-fashion-brands-banks-and-government/article_aee2d69a-0033-11f0-a354-3b59b96b85f3.html,2025-03-13,en,thestar.com,thestar.com,2025,True
c02f17c896630adcda5d3869f80f27172271d89a1955670d9ca5ce3f90720938,Court order closes third building from St. Stephen landlord,https://www.thespec.com/news/canada/court-order-closes-third-building-from-st-stephen-landlord/article_74e46d1b-d302-5db3-aafe-9cb2bb9a9346.html,2025-03-10,en,thespec.com,thespec.com,2025,True
fdcc943d8eb46d6b5ba58c2c4c85a92b46c8a54c0972f979c4ff906c78027398,Court rules Target Canada used insolvency laws to avoid landlord losses,http://www.theglobeandmail.com/report-on-business/international-business/us-business/court-rules-target-canada-used-insolvency-laws-to-avoid-landlord-losses/article28228910/?cmpid=rss1,2016-01-15,en,theglobeandmail.com,theglobeandmail.com,2016,False
5ee7d8e8f5d8b951dd93c1ad577168c526778df10f1a181128d03f4cb0ec5bb8,"Court rules that Gap owes Kingston landlord more than $200,000 in unpaid rent",https://globalnews.ca/news/8248230/court-rules-gap-owes-kingston-landlord-unpaid-rent/,2021-10-06,en,globalnews.ca,globalnews.ca,2021,False
e0bdc78e851e40a3dbbc49559e88bf16bb1a52bfbbae2c6093df79e022c66703,Court takes aim at landlord who tried to evict tenant for loud Call of Duty playing,http://www.cbc.ca/news/canada/nova-scotia/call-of-duty-tenant-landlord-eviction-1.3820683?cmp=rss,2016-07-23,en,cbc.ca,cbc.ca,2016,False
9fbb36d86420ac859b6e5ff7d1b0d2dba3d7049adb6219d6755ca0563470d223,Court: Landlords can be liable for racially harassed tenants,https://www.thestar.com/news/world/us/2019/12/06/court-landlords-can-be-liable-for-racially-harassed-tenants.html,2019-12-06,en,thestar.com,thestar.com,2019,False
c25b6fe1e39fec34f90154c2b1c62b2f540d8d8bd39cb4d5f8d005fdd2d364d8,Courtenay council provides landlord with ultimatum,http://www.bclocalnews.com/news/courtenay-council-provides-landlord-with-ultimatum/,2021-06-22,en,bclocalnews.com,bclocalnews.com,2021,False
fe86f8ad2d6e28c6a6ab864952ad96436779d732b594ea4e7d3ba232507f2fbb,Courtenay landlord challenged by maximum allowable rent increase,http://www.bclocalnews.com/news/courtenay-landlord-challenged-by-maximum-allowable-rent-increase/,2019-10-31,en,bclocalnews.com,bclocalnews.com,2019,False
6d00a22955f895b4a54e88130237b1a083939ea627a33d8c1080da8c9c314388,Courtenay renter accuses landlord of wrongful eviction,http://www.bclocalnews.com/news/courtenay-renter-accuses-landlord-of-wrongful-eviction/,2021-05-30,en,bclocalnews.com,bclocalnews.com,2021,False
c2cd33d384f98767e4bff572d7dd84545a580fc227e0a6d6d296cb46de5d27d8,"COVID rent freeze expires, landlords can raise",https://northernontario.ctvnews.ca/video?clipId=2353780,2022-01-04,en,ctvnews.ca,ctvnews.ca,2022,False
6b4bd692540761809c75b0872e7940eb3ce36c6700e2141dd476ef3d7c55e9aa,"COVID-19 anxiety sparks friction between New Westminster testing clinic, landlords",https://globalnews.ca/news/6777842/covid-19-anxiety-sparks-friction-between-new-westminster-testing-clinic-landlords/,2020-04-03,en,globalnews.ca,globalnews.ca,2020,False
ea088b4639e09396ec2a628ab31dfacb82864c738d33c2296514fde594332d8b,COVID-19 eviction ban keeps landlords out of their home,https://bc.ctvnews.ca/covid-19-eviction-ban-keeps-landlords-out-of-their-home-1.4946021,2020-05-19,en,ctvnews.ca,ctvnews.ca,2020,False
aab2367ea483c14519b7ad07d073a7c760f6ebb5358b3490a1059670a26217b1,COVID-19 eviction freeze leaves Shuswap landlords cold,http://www.bclocalnews.com/news/covid-19-eviction-freeze-leaves-shuswap-landlords-cold/,2020-11-14,en,bclocalnews.com,bclocalnews.com,2020,False
178bb4e3b980043130b114b29dc9371257a6d5f4b4f280dc2e7d80995714bb9a,COVID-19 eviction freeze leaves Shuswap landlords cold,http://www.bclocalnews.com/news/covid-19-eviction-freeze-leaves-shuswap-landlords-cold-2/,2020-11-17,en,bclocalnews.com,bclocalnews.com,2020,False
682eb717d37822927c4153305908954e81ef1671f39ef399b9454ec0a542cb2c,"COVID-19 rent aid for businesses, landlords to cost $520 million, PBO says",https://www.ctvnews.ca/politics/covid-19-rent-aid-for-businesses-landlords-to-cost-520-million-pbo-says-1.4956662,2020-05-27,en,ctvnews.ca,ctvnews.ca,2020,True
6ab70c697d0bfc215a312be3c59d49b001ae42cd6c6e8a46cc1e953655689073,"COVID-19 rent aid for businesses, landlords to cost $520 million: PBO",https://canoe.com/news/national/covid-19-rent-aid-for-businesses-landlords-to-cost-520-million-pbo,2020-05-27,en,canoe.com,canoe.com,2020,False
bc1e6109d625281e5741d80eb05f0fe1ea3871138c80fc7adab403e9e9719c86,COVID-19 rent relief to help commercial landlord weather pandemic,https://www.intelligencer.ca/news/local-news/covid-19-rent-relief-to-help-commercial-landlord-weather-pandemic,2020-04-27,en,intelligencer.ca,intelligencer.ca,2020,False
f9af4e18780bf90e9caf9f0f679f5ead2fdc67bb290388cb65409f2470e63871,COVID-19: B.C. landlords can’t evict if they decline rent assistance,https://www.abbynews.com/business/covid-19-b-c-landlords-cant-evict-if-they-decline-rent-assistance/,2020-06-01,en,abbynews.com,abbynews.com,2020,True
329a70dd3aef524d3194ee5059f03ecea4e0a26e2ae7de29859da7da86e7976a,"COVID-19: Dust settling on chaotic April 1 rent day, Alberta landlord association says",https://edmontonjournal.com/news/local-news/covid-19-dust-settling-on-chaotic-april-1-rent-day-alberta-landlord-association-says,2020-04-03,en,edmontonjournal.com,edmontonjournal.com,2020,False
b3611fb34ae15d96d036cc238a70450fbc3a5ae3aeac2c1eb85d84ee4dff28d0,COVID-19: Edmonton landlord asks Kenney to give renters emergency subsidies,https://edmontonjournal.com/news/local-news/covid-19-edmonton-landlord-asks-kenney-to-give-renters-emergency-subsidies,2020-03-27,en,edmontonjournal.com,edmontonjournal.com,2020,False
9e18bfd7b9f34b3b586e70d254ed7eb7a56c13c555a2c986544b021366197cac,"COVID-19: Post-secondary plans have student renters hesitating, London landlords say",https://lfpress.com/news/local-news/covid-19-post-secondary-plans-have-student-renters-hesitating-london-landlords-say,2020-05-24,en,lfpress.com,lfpress.com,2020,False
5392dd6bddf99c38524d2d7c69d5314850f81978dc288508b10055700ce30973,"Crack pipes and beer cans': Renters trash Lloydminster house, leave landlord down in the dumps",http://www.cbc.ca/news/canada/edmonton/alberta-lloydminster-rental-house-landlord-damage-1.4503542?cmp=rss,2018-01-25,en,cbc.ca,cbc.ca,2018,False
c64cb491b6d65ce1952abfec44ee9a694d96e14e2040fb47a4787ccd38e7fb9b,Creepy Kansas landlord accused of evicting female tenants who wouldn’t have sex with him,http://torontosun.com/news/world/creepy-kansas-landlord-accused-of-evicting-female-tenants-who-wouldnt-have-sex-with-him,2017-12-20,en,torontosun.com,torontosun.com,2017,False
5c9e7b986d95c1a4fe4cc7f004bd588b5689db7b32e64fb3aeed8bb860c6daa7,Crisis? What crisis? One of Canada’s largest landlords is having a profitable 2020,https://www.nationalobserver.com/2020/11/20/opinion/canada-2020-housing-rent-covid-pandemic-landlord-profits,2020-11-20,en,nationalobserver.com,nationalobserver.com,2020,True
1bfcb1028ca120f0252040d5183d2de13dd89c4bb050addb8b8ab14e819e02f1,Crossing the line: Côte Saint-Luc landlord up in arms over city’s request to remove fence,https://globalnews.ca/news/9948847/cote-saint-luc-fence-dispute-city-regulations/,2023-09-08,en,globalnews.ca,globalnews.ca,2023,False
6844997aabbd8a3d3eb6057d4d1e148b80c11bc39b86f66e313d6fc61564de68,"Crown says GTA landlord ‘knowingly and intentionally’ let tenant run massive carfentanil operation, store dozens of illegal guns",https://www.thestar.com/news/gta/2021/03/15/crown-says-gta-landlord-knowingly-and-intentionally-let-tenant-run-massive-carfentanil-operation-store-dozens-of-illegal-guns.html,2021-03-15,en,thestar.com,thestar.com,2021,False
c35867055229cc9405595aee929097bce2a89e0f004620fcc2eeae72390bd296,Crown seeks 12 years for Saint John man who killed landlord,https://tj.news/greater-saint-john/101912040?ref=rss,2022-07-04,en,tj.news,tj.news,2022,False
9f139613ef0cf5f27ee6632fd3fdedb731f7de8971d5fcf47dcea92f752b3ae8,Crown wants two years for man who assaulted landlord,https://tj.news/greater-saint-john/101933452?ref=rss,2022-08-02,en,tj.news,tj.news,2022,False
1bcbc8b84c6559ea878a960d402164ac16627fa5bf1e8e80177cc83d918d342a,DA: Landlord in tenant shooting handled eviction 'his way',https://www.winnipegfreepress.com/world/da-landlord-in-tenant-shooting-handled-eviction-his-way-575078782.html,2021-08-11,en,winnipegfreepress.com,winnipegfreepress.com,2021,True
fdc41b7116299cd44af330550dd76659020f8cd1a48324e08439d2bb9a56039b,DA: Landlord in tenant shooting handled eviction ‘his way’,https://www.thestar.com/news/world/us/2021/08/11/da-landlord-in-tenant-shooting-handled-eviction-his-way.html,2021-08-11,en,thestar.com,thestar.com,2021,False
aecc9a5ac533fe08615aab819c986e20f87d00b4ef4469b54920f4023e5c86f3,Daily Poll: Do you support Surrey or the Clayton Height landlords?,http://vancouversun.com/news/local-news/daily-poll-do-you-support-surrey-or-the-clayton-height-landlords,2017-10-24,en,vancouversun.com,vancouversun.com,2017,False
c1e750245eca4ffdde96ec6a580a7ae5ada88c22a871dd7e115bb670fb8d97a5,"Dan Fumano: As city struggles to build housing for middle-income families, landlords pitch an idea",https://vancouversun.com/news/local-news/dan-fumano-as-city-struggles-to-build-housing-for-middle-income-families-landlords-pitch-an-idea,2019-04-02,en,vancouversun.com,vancouversun.com,2019,False
867234fa84ca995c5dd840d8a2318cd6c7f072d62cf5c02c50db250fd7d6b86a,"Dan Fumano: Minister 'monitors' Vancouver rental challenges, landlords want action",https://vancouversun.com/news/local-news/dan-fumano-wednesday-city,2019-03-01,en,vancouversun.com,vancouversun.com,2019,False
436960b8224b0cfb5e686c252b40e07f5be39bc876d8f88805f7c6659f1264f4,Dangerous offender who beat landlord into 'waking coma' denied parole,https://edmontonjournal.com/news/crime/dangerous-offender-who-beat-landlord-into-waking-coma-denied-parole,2018-07-14,en,edmontonjournal.com,edmontonjournal.com,2018,False
b5897027755bb81f6c47cbf411a1be0a1a0bea516bc9852b901439fe7c727601,Daphne Bramham: B.C. landlords' systemic invasion of renters' privacy has to stop,http://vancouversun.com/opinion/columnists/daphne-bramham-b-c-landlords-systemic-invasion-of-renters-privacy-has-to-stop,2018-03-23,en,vancouversun.com,vancouversun.com,2018,False
ff19815b45d09a547d7b81f548a8b2bce6eb5c309e1a3ce162bf3814f19a24a9,"Daphne Bramham: No pot shop for slum landlords, but city needs to do more",http://vancouversun.com/opinion/columnists/daphne-bramham-no-pot-shop-for-slum-landlords-but-city-needs-to-do-more,2017-07-14,en,vancouversun.com,vancouversun.com,2017,False
4e37cec16961bd491aa059ea3e5f2284bb4d018a24dd2ab9b3c0cc9cd0150e6b,Dartmouth woman unhappy with landlord after leak forces her from apartment,http://www.cbc.ca/news/canada/nova-scotia/metcap-living-apartment-unsafe-after-ceiling-leak-1.2966804?cmp=rss,2015-02-22,en,cbc.ca,cbc.ca,2015,False
e6d0d7e2b422f8f459db6dbb46311624fe1bacf0c1952979f301284cc43ab8dd,Data shows how often some Ontario landlords applied for 'above guideline' rent hikes,https://www.cbc.ca/news/investigates/ontario-above-guideline-rent-increases-2022-data-1.7175254?cmp=rss,2024-04-16,en,cbc.ca,cbc.ca,2024,False
2620f9b28167903dfe05c656b650d3d129256ed10ca751b0172a65ef473da7e9,DavidsTea files for bankruptcy protection while negotiating with landlords,https://globalnews.ca/news/7152097/davidstea-bankruptcy-protection-while-negotiating-with-landlords/,2020-07-08,en,globalnews.ca,globalnews.ca,2020,False
0724b2aaab6da9294330eec9c0426fc6cca7b90096297dbe368dff73fddd8c36,DavidsTea granted court protection while it negotiates with landlords,https://www.thestar.com/business/2020/07/08/davidstea-requests-court-protection-while-it-negotiates-with-landlords.html,2020-07-08,en,thestar.com,thestar.com,2020,True
730a2aff5a22ae8fdb1c95d3e78f21e280430f57fce5037346497b29421c2588,DavidsTea requests court protection while it negotiates with landlords,http://www.timescolonist.com/davidstea-requests-court-protection-while-it-negotiates-with-landlords-1.24166700,2020-07-08,en,timescolonist.com,timescolonist.com,2020,True
4d06aef34acb3db2c6e8beb50d283dfcde3a92c68b24ea3793e77c3850116309,Deadline looming for landlords wanting to ban smoking cannabis on their properties,https://www.cbc.ca/news/canada/montreal/deadline-cannabis-smoke-landlords-1.4963824?cmp=rss,2019-01-03,en,cbc.ca,cbc.ca,2019,False
598d4ccb24049298b12e9a281c136bbe13872a22ea7da0ccb6e624a08aed9b2b,Deadly warehouse fire suspect says landlord also responsible,http://nationalpost.com/pmn/news-pmn/deadly-warehouse-fire-suspect-says-landlord-also-responsible,2017-11-06,en,nationalpost.com,nationalpost.com,2017,False
38c8d326ec0fa2eee2fb77ad91bbdd5c3c8cda7a95752665ba27e8a74002fe07,Deal would make Calgary-based real estate trust one of Canadas largest landlords,http://www.canadastandard.com/index.php/sid/235635401/scat/71df8d33cd2a30df,2017-05-18,en,canadastandard.com,canadastandard.com,2017,False
b5a47e534ce2f9269970a057b9c0a1b7f8bf383d86cd23fe461909fe25250d08,"Dear Mr. Landlord, please don’t make me leave my Toronto home",https://www.theglobeandmail.com/life/facts-and-arguments/dear-mr-landlord-please-dont-make-me-leave-my-torontohome/article34988780/?cmpid=rss1,2017-05-15,en,theglobeandmail.com,theglobeandmail.com,2017,False
175c4547cc52d71ffc22e070e88fc6ea6d904996c84f673e7363a377ae126ed7,Debunking the myth of the ‘mom-and-pop’ landlord,https://canadiandimension.com/articles/view/debunking-the-myth-of-the-mom-and-pop-landlord,2023-04-30,en,canadiandimension.com,canadiandimension.com,2023,False
bb2dd32b0d67c11e0d8d3938e7183737c49cf7623e42c7de1408ceb7578b02bd,Decision to allow known Edmonton landlord to build a basement suite could have been avoided: lawyer,http://globalnews.ca/news/2154181/decision-to-allow-known-edmonton-landlord-to-build-a-basement-suite-could-have-been-avoided-lawyer/,2015-08-07,en,globalnews.ca,globalnews.ca,2015,False
a0f18542fb9ac712001ddbc9294fa83f555af662848c455c3efa66f9900b1a89,Delays at Landlord and Tenant Board cost couple thousands to evict 'nightmare' tenant,https://www.cbc.ca/news/canada/toronto/delays-at-landlord-and-tenant-board-cause-nightmare-for-couple-1.5194635?cmp=rss,2019-06-28,en,cbc.ca,cbc.ca,2019,False
38f1f4b945c0a7c8492c2a3bee52488c8da59afac33c6da6e7ea690c452bf1f9,Delays at Landlord and Tenant Board prompts investigation,https://www.nugget.ca/news/local-news/delays-at-landlord-and-tenant-board-prompts-investigation,2020-01-09,en,nugget.ca,nugget.ca,2020,False
8822cf52868a2c2845ae167bf1fadcd3e79bf97e63db9bb44b079985071396e0,"Delays, complications expected if landlord tenant hearings rely on phones, legal group says",https://www.cbc.ca/news/canada/sudbury/ontario-ombudsman-sudbury-landlords-1.5426136?cmp=rss,2020-01-14,en,cbc.ca,cbc.ca,2020,False
4d12cd73fe9300471fbc7392be263d0a7fcb1baa61ac3c5c89fe5004194aaa4d,Delta tenants burned out in fire lose in court against landlord who didn't install smoke alarms,http://vancouversun.com/news/local-news/delta-tenants-burned-out-in-fire-lose-in-court-against-landlord-who-didnt-install-smoke-alarms,2016-06-09,en,vancouversun.com,vancouversun.com,2016,False
86b6c4fc8c6c9e26503f2f91a941f73791400d79d622be706143022cfe816bec,Demise of Toys “R” Us will have wide ripple effects — from toymakers to consumers to landlords,https://www.thestar.com/business/2018/03/15/demise-of-toys-r-us-will-have-wide-ripple-effect-from-toymakers-to-consumers-to-landlords.html,2018-03-15,en,thestar.com,thestar.com,2018,False
5808fbab8ad403a6e75fee1bd15f461510b300c0f9f676f75419b41a925cf328,Denise Richards sues landlords of home she allegedly trashed for leaking private info,https://canoe.com/entertainment/celebrity/denise-richards-sues-landlords-of-home-she-allegedly-trashed-for-leaking-private-info,2020-03-25,en,canoe.com,canoe.com,2020,False
1ec983d2517dec5ab2d374524983db7ad54eb6fda14188ae9b2b032c34db1737,"Despite $135k Coquitlam cleanup, medical pot users' needs trump landlord rights: Health Canada",http://vancouversun.com/news/local-news/despite-135k-coquitlam-cleanup-medical-pot-users-needs-trump-landlord-rights-health-canada,2016-09-03,en,vancouversun.com,vancouversun.com,2016,False
926c0c9604b4bc78216bb0ea56da0074cca62e73aa139c5a34ad5cf795f6ca0d,Detroit-area landlord to pay $190K to settle claims of sexual harassment against women,https://www.thestar.com/news/world/united-states/detroit-area-landlord-to-pay-190k-to-settle-claims-of-sexual-harassment-against-women/article_8b569486-4f5b-5bfc-acf2-df134111cf73.html,2024-04-08,en,thestar.com,thestar.com,2024,True
b86048fb93c9b4933993b6a2b521ce7c41499c472d6f3f91711461481ba050f7,Did not like each other': Disciplinary charge against EPS officer who stopped controversial landlord dismissed,https://edmontonjournal.com/news/crime/did-not-like-each-other-disciplinary-charge-against-eps-officer-who-stopped-controversial-landlord-dismissed,2020-12-20,en,edmontonjournal.com,edmontonjournal.com,2020,False
c6c832db2ed4cf866ea8f36e2137fc01ea1bfcba3d594d8625fee42f54b25662,"Digital tool for landlords measures potential tenants' kindness, cleanliness",https://www.ctvnews.ca/business/digital-tool-for-landlords-measures-potential-tenants-kindness-cleanliness-1.3837486,2018-03-10,en,ctvnews.ca,ctvnews.ca,2018,False
fb7a1e2eec818beff03fea8a15306f4361930ea723b8c2424d0ff4dd181ec305,"Displaced business owners filing class-action lawsuit against landlords, crane operators",https://atlantic.ctvnews.ca/displaced-business-owners-filing-class-action-lawsuit-against-landlords-crane-operators-1.4656585,2019-10-25,en,ctvnews.ca,ctvnews.ca,2019,False
b26da6f8beb611c380e4b2be7c8b3baaac0cf15c49e0e6abc86e513d8a2c6a2b,Displaced residents of 650 Parliament St. protest lack of landlord help 10 days after fire,https://globalnews.ca/news/4421847/650-parliament-street-fire-protest/,2018-08-31,en,globalnews.ca,globalnews.ca,2018,False
ad1c6b468d08c1da7d2d4f09df81a2972b949bbc2e74f510d8cec80822759c80,"Dispute between tenant and landlord leads to assault in Penticton, B.C.",https://globalnews.ca/news/7627661/tenant-landlord-dispute-assault-penticton/,2021-02-08,en,globalnews.ca,globalnews.ca,2021,False
c6dcfd548c2ecdde628eb957b4db022fac258397dc9ee98c75e96576d6145b5e,Dispute with landlords left Waterloo international student feeling ‘slandered and humiliated’,https://www.therecord.com/news/waterloo-region/dispute-with-landlords-left-waterloo-international-student-feeling-slandered-and-humiliated/article_554241a7-5d84-5768-90d3-b44f45caee54.html,2025-01-09,en,therecord.com,therecord.com,2025,False
ec5a20875dd20af9d222539f286a1ada9b6a229645cecd4e60eb6ff1e2f72d9d,Do Good Landlords Even Exist?,https://thewalrus.ca/do-good-landlords-even-exist/,2020-04-21,en,thewalrus.ca,thewalrus.ca,2020,False
fcd7dee0beccc08a904df0938f701307fb6d60c8cafaddfd525d86d630a03c81,"Do tenancy reforms to protect renters cause landlords to exit the market? No, but maybe they should",https://theconversation.com/do-tenancy-reforms-to-protect-renters-cause-landlords-to-exit-the-market-no-but-maybe-they-should-194900,2022-11-27,en,theconversation.com,theconversation.com,2022,False
1b97766c26670ca9c470dc33c5e1b90054f607751044eacbade95a8183737a56,Does a pooch-poop snooping landlord have a legal leg to stand on?,http://www.cbc.ca/news/canada/british-columbia/can-dog-owners-be-evicted-for-not-supplying-dog-poop-samples-1.3061949?cmp=rss,2015-05-05,en,cbc.ca,cbc.ca,2015,True
2012d3c8c62a7645b4a3fabb8298d8f7315d2b1780296bd9dc7522b5a46ccd6a,Domestic abuse prevention group teaches landlords to know the signs,https://www.cbc.ca/news/canada/calgary/landlords-workshop-abuse-sagesse-domestic-violence-calgary-1.4936560?cmp=rss,2018-12-07,en,cbc.ca,cbc.ca,2018,False
7ae403770aafafececf320ddfe59121d4d1df0c9410e940619994cf9bcae395a,Don’t delay Hamilton landlord licensing pilot: councillors,https://www.thespec.com/news/council/2021/08/07/hamilton-landlord-license.html,2021-08-07,en,thespec.com,thespec.com,2021,False
5e8c46b295dcaad6c108288dea234d92e9a754a58febb2fffb024da8bc4e8be6,Double discount' set to end for London commercial landlords in 2019,https://www.cbc.ca/news/canada/london/vacancy-rebate-london-1.4956457?cmp=rss,2015-11-20,en,cbc.ca,cbc.ca,2015,False
09d1a5de0c8a7211a8b158e4b93107c9b50084866338cff1460489df34939d06,"Double homicide in east Hamilton connected with landlord, tenants",https://globalnews.ca/news/9728444/double-homicide-east-hamilton-landlord-tenant/,2023-05-28,en,globalnews.ca,globalnews.ca,2023,False
067092f08506aa6b07af755c54025a478c82744dff3dbd98f3861c76bb17a4e9,Doug Ford has made lives miserable for landlords and tenants. Here’s how he needs to fix that,https://www.thestar.com/politics/political-opinion/2023/05/11/doug-ford-has-made-lives-miserable-for-landlords-and-tenants-heres-how-he-needs-to-fix-that.html,2023-05-11,en,thestar.com,thestar.com,2023,False
a6e5aea54ddd47f19137be1bf158fd30a6691f37ae9a7400f9046b3839886001,Doug Ford is consolidating the power of landlords during a time of crisis,https://canadiandimension.com/articles/view/doug-ford-is-consolidating-the-power-of-landlords-during-a-time-of-crisis,2020-08-21,en,canadiandimension.com,canadiandimension.com,2020,False
1c2079b754ab921d3a3cf43090acbbbb273e30930bd50b80085c9d16b2d1c83a,Doug Ford’s blunders have made victims of landlords and tenants alike,https://www.thestar.com/politics/political-opinion/2023/05/09/doug-fords-blunders-have-made-victims-of-landlords-and-tenants-alike.html,2023-05-09,en,thestar.com,thestar.com,2023,False
33df33f05f9b402c93ddf2344dd64607b03274d2172061c150eb90ae8db06cb4,"Dougald Miller, Edmonton landlord brutally attacked in 2000, dies in hospital",http://globalnews.ca/news/2958658/dougald-miller-edmonton-landlord-brutally-attacked-in-2000-dies-in-hospital/,2016-09-25,en,globalnews.ca,globalnews.ca,2016,False
4b2d0baef2da9ab98cdcf69074dcef6409463b78b3856733451f02850d694eb6,Downtown Eastside residents sue landlord for $70K,http://www.cbc.ca/news/canada/british-columbia/west-hotel-tenants-launch-historic-70k-lawsuit-against-vancouver-landlord-1.3190005?cmp=rss,2015-08-13,en,cbc.ca,cbc.ca,2015,False
47881bdc9495ab15c36981359c40ecbfd49d76b30a5264e469712e193bf5155a,Downtown landlord charged in pot raids now eyes legal marijuana retailer,https://lfpress.com/news/local-news/downtown-shop-repeatedly-raided-by-police-now-plans-legal-marijuana-retail-store,2019-03-05,en,lfpress.com,lfpress.com,2019,False
a4b62ca73cdbbae4b13631ab2e95be3def0981414d319aa3cb90e4beb246e44c,Downtown landlord says 'people need a place to live' as former shelter gets new life,https://www.cbc.ca/news/canada/sudbury/landlord-shelter-downtown-1.5262467?cmp=rss,2019-08-28,en,cbc.ca,cbc.ca,2019,False
c156e9f660143b6dd8e9148e4ea8974df01bb21e1aa74761f2ac3b1839ff1050,Downtown tech start-up Rentify partners with Quinte Region Landlords Association,https://www.intelligencer.ca/news/local-news/downtown-tech-start-up-rentify-partners-with-quinte-region-landlords-association,2020-02-28,en,intelligencer.ca,intelligencer.ca,2020,False
709eb5ad351927511f81bca6c0465f747d4aff35c5b6df4c32b7f17ffd52191e,Draconian laws vilify landlords,https://www.timescolonist.com/opinion/letters/draconian-laws-vilify-landlords-1.23555275,2018-12-22,en,timescolonist.com,timescolonist.com,2018,False
181d810b7d99c726d87bc9f947d0e955d3b706efac3f71c7f9a135918bae319d,Drake's Pick 6ix Sports restaurant closed amid dispute with landlord,https://toronto.ctvnews.ca/drake-s-pick-6ix-sports-restaurant-closed-amid-dispute-with-landlord-1.4697697,2019-11-22,en,ctvnews.ca,ctvnews.ca,2019,False
b9575c2c1356b7257f2fb73036f37d44809cf6773d2207670d1d99dca2e9bef2,"Drake’s Pick 6ix restaurant closed: Management says flooding, landlord says unpaid rent",https://globalnews.ca/news/6204532/drake-pick-6ix-closed/,2019-11-22,en,globalnews.ca,globalnews.ca,2019,False
099a387c4152d47f882e6e2288898545fb9c087870134bbb3e461bcc66d37f6a,Drop the talk about 'mum and dad' landlords. It lets property investors off the hook,https://theconversation.com/drop-the-talk-about-mum-and-dad-landlords-it-lets-property-investors-off-the-hook-212958,2023-09-14,en,theconversation.com,theconversation.com,2023,False
b20699f11cf5c2bee813e8564b236a2e60b315e0d3902c9799d0b37034f61ab3,Drop-In Centre asks landlords for affordable housing amid COVID-19,https://calgaryherald.com/news/drop-in-centre-asks-calgary-landlords-for-affordable-housing-amid-covid-19-pandemic,2020-04-22,en,calgaryherald.com,calgaryherald.com,2020,True
80630dd22903c77c0d2aead1db9f0d1cabc559cabc2ec757412f4fe858849421,Drug charges against controversial landlord dropped,http://www.cbc.ca/news/canada/edmonton/drug-charges-against-controversial-landlord-dropped-1.4660072?cmp=rss,2018-05-11,en,cbc.ca,cbc.ca,2018,False
93af98d72383a50471c90b614595b03c5fc21eb7fb243a02789730d89075a6c8,Drug charges withdrawn against well-known Edmonton landlord,http://edmontonjournal.com/news/local-news/drug-charges-withdrawn-against-well-known-edmonton-landlord,2018-05-12,en,edmontonjournal.com,edmontonjournal.com,2018,False
4a02f008bf3a23b3eb2b50d9fdd29fd4cc6537ec8e9e198dab8cc330f896e27d,Drug-sniffing dogs are being used by Vancouver landlords to keep buildings free of narcotics,http://www.cbc.ca/news/canada/british-columbia/drug-sniffing-dogs-are-being-used-by-vancouver-landlords-to-keep-buildings-free-of-narcotics-1.4267755?cmp=rss,2017-08-29,en,cbc.ca,cbc.ca,2017,False
40fdc66f69d5840b1a2e9781ce8054c5e6a0a1f34a4705f1c88be3bd4bbb50f9,DTES tenant’s court case shines light on practices of Sahota landlords,http://theprovince.com/news/local-news/they-thought-i-was-going-to-back-down-and-leave-dtes-tenants-court-case-shines-light-on-practices-of-sahota-landlords,2016-07-10,en,theprovince.com,theprovince.com,2016,False
d5bb3e39592bf1b93501d1dc7aa3f71678cbbaf63d914d01df999e7886eaa5a3,East York tenants accusing landlord of not keeping heat high enough,https://www.thestar.com/news/gta/2018/01/08/east-york-tenants-accusing-landlord-of-not-keeping-heat-high-enough.html,2018-01-08,en,thestar.com,thestar.com,2018,False
0b81f73f6c2f845affbedd95b96d45125c863a9b663f2e249d0497330745c628,"Eastern Ontario's Landlord and Tenant Board in crisis, say both landlords and tenants",https://www.cbc.ca/news/canada/ottawa/landlord-tenant-board-ontario-1.5482471?cmp=rss,2020-03-03,en,cbc.ca,cbc.ca,2020,False
f4be844a9b93514f16e46854acc8bc83bc8d8e4b7e1b26942140e4348d9c613a,"Economic downturn, slow rental market pushes Saskatchewan landlord to creditor protection",http://www.cbc.ca/news/canada/saskatoon/creditor-protection-saskatchewan-landlord-1.3914933?cmp=rss,2016-12-29,en,cbc.ca,cbc.ca,2016,False
758b5ce2f4586187147a9ed3c19283b529164a49a5632d9e62278d5422379e61,Editorial: Finding a balance between tenant and landlord rights in Quebec,http://montrealgazette.com/opinion/editorials/editorial-finding-a-balance-between-tenant-and-landlord-rights-in-quebec,2016-04-29,en,montrealgazette.com,montrealgazette.com,2016,False
e4f6b0951a847ca0f1224cf73d382d9d391271b8df2f0980e9f82dff66d355fc,Editorial: Give landlord some credit for helping Heron Gate,https://ottawacitizen.com/opinion/editorials/editorial-give-landlord-some-credit-for-helping-heron-gate,2018-08-18,en,ottawacitizen.com,ottawacitizen.com,2018,False
a04481e42bfb30f409aa642912e3d0b93e5c8dbc0dd82ffc4aa73e0113e34146,Edmonton commercial landlords concerned over feds' rent relief program,http://edmontonjournal.com/business/commercial-real-estate/edmonton-commercial-landlords-say-federal-rent-relief-program-wont-help-small-businesses,2020-04-30,en,edmontonjournal.com,edmontonjournal.com,2020,True
4662cc06f5d9ac342933a190bdb2c59e294c67589606c3ff9d4f9f7762626609,Edmonton landlord Abdullah Shah gets house arrest for ordering unsuccessful jailhouse 'hit',https://edmontonjournal.com/news/local-news/edmonton-landlord-abdullah-shah-gets-house-arrest-for-ordering-unsuccessful-jailhouse-hit,2020-12-14,en,edmontonjournal.com,edmontonjournal.com,2020,False
0d9172449bb0f33f9fe4d2184a53ce52d5246c06396cd9351f52a98afb21964e,Edmonton landlord Abdullah Shah killed in southwest shooting Sunday,https://edmontonjournal.com/news/crime/edmonton-landlord-abdullah-shah-killed-in-southwest-shooting-sunday-night-police,2022-03-14,en,edmontonjournal.com,edmontonjournal.com,2022,False
5fb8d98470308df0ebcf99bc2d6576c0a2fe3e8f45b8568e0180279fb807e8ee,Edmonton landlord faces drug charges,http://cnews.canoe.com/CNEWS/Crime/2015/12/27/22587340.html?cid=rssnewscrime,2015-12-27,en,canoe.com,canoe.com,2015,False
0127b075684820c2bfa3eb3f74bb5be2f62c80a0cee3ca509c1b9ae4a241d45b,Edmonton landlord faces new charges for possession for the purpose of drug trafficking,http://www.cbc.ca/news/canada/edmonton/well-known-edmonton-landlord-arrested-again-on-drug-charges-1.3514973?cmp=rss,2016-03-31,en,cbc.ca,cbc.ca,2016,False
d7e1a9f4e77ec36952bc3ad439350a9614542eb1caf5839ab7bcedf819473c39,Edmonton landlord ordered to pay $10K after retaliatory rent increase,https://edmontonjournal.com/news/local-news/edmonton-landlord-ordered-to-pay-10k-after-retaliatory-rent-increase,2023-01-15,en,edmontonjournal.com,edmontonjournal.com,2023,False
b69917b0cbaec1442b161746f4fa5936bd88f8d02598f3cfa0f57ec12c3bf000,Edmonton landlord released from hospital after shooting,https://edmontonjournal.com/news/local-news/edmonton-landlord-released-from-hospital-after-shooting,2021-08-23,en,edmontonjournal.com,edmontonjournal.com,2021,False
afddd480c5317437b777fc2fdfb3f317ba1414b65a3f441d53adc4459d964701,Edmonton landlord with criminal past facing list of drug charges,http://globalnews.ca/news/2426409/edmonton-landlord-with-criminal-past-facing-list-of-drug-charges/,2015-12-30,en,globalnews.ca,globalnews.ca,2015,False
61e3c8188939fd661447f2ef1ec74fd45515fdc84994b93da6e13989700eab3d,Edmonton landlord with lengthy criminal history remains in custody,https://www.cbc.ca/news/canada/edmonton/shah-pervez-bail-denied-1.5039527?cmp=rss,2019-03-01,en,cbc.ca,cbc.ca,2019,True
7a0e4cc9d244dc541b4ea13c70b387de33932f17d118c46eec4f992a58a01958,"Edmonton landlord, associates awarded $250 each over disclosure issue",https://edmontonjournal.com/news/local-news/edmonton-landlord-associates-awarded-250-each-from-police-chief-over-disclosure-issue,2021-08-02,en,edmontonjournal.com,edmontonjournal.com,2021,False
b90743e2cf76c421c02148c59289c6e7d09b2ad3facf8bd3f06086ed55b0e9c0,"Edmonton landlord, convicted criminal Abdullah Shah killed Sunday",https://edmonton.ctvnews.ca/edmonton-landlord-convicted-criminal-abdullah-shah-killed-sunday-1.5818052,2022-03-14,en,ctvnews.ca,ctvnews.ca,2022,False
3847747bd04a968602114b38ef653b3c6e87a7be2fa0ac0c3ebac8265332b36b,Edmonton landlords run 'do not rent' list in private Facebook group,https://edmontonjournal.com/news/local-news/edmonton-landlords-run-do-not-rent-list-with-hundreds-of-tenants-in-private-facebook-group,2022-06-21,en,edmontonjournal.com,edmontonjournal.com,2022,False
14573653f37e7dac8c93cba5d3f4ff80a107dea334798cf4a085e337c227bb67,Edmonton man convicted of attempted murder after shooting his landlord with a modified flare gun,http://cnews.canoe.com/CNEWS/Crime/2016/03/11/22612612.html?cid=rssnewscrime,2016-03-11,en,canoe.com,canoe.com,2016,False
24f2d4af321267bb325a84c23f5f839300bec4cbfdf1fa3d0dcde80310a4731f,"Edmonton police quit paying suspended detective who made corruption allegations against police brass, landlord",https://edmontonjournal.com/news/local-news/edmonton-police-suspended-detective-corruption-allegations,2021-11-26,en,edmontonjournal.com,edmontonjournal.com,2021,False
7a1665cb2031a2573230d5435562bf0353f1ed8bd6c629dad62ca72d0a724f22,"Edmonton renters upset as more ""bad tenant"" lists from landlords found",https://edmontonjournal.com/news/local-news/edmonton-landlords-blacklist-hundreds-more-tenants-renter-listed-twice-says-shes-changed-her-life-around,2022-07-04,en,edmontonjournal.com,edmontonjournal.com,2022,False
313e18df7d42837479b26ca2980fd317c5542df297a412936c99b6156006890a,Edmonton shoe store wants to leave after landlord opts out of federal rent relief program,https://globalnews.ca/news/7138008/edmonton-shoe-store-federal-rent-relief-program/,2020-07-03,en,globalnews.ca,globalnews.ca,2020,False
1f2c63f1ef719f05a6c46603ecb7597e46e9250b2744e581cac081de8c5c1427,Edmonton to consider more aggressive approach to slum landlords,http://globalnews.ca/news/6099805/edmonton-fighting-slum-landlords/,2019-10-29,en,globalnews.ca,globalnews.ca,2019,False
da7c1da6f1e82c09eeeceee0d923e55c976fe084e476493f43a514e636d1d897,"Education, enforcement aimed at B.C. landlord, tenant infractions",https://www.abbynews.com/news/education-enforcement-aimed-at-b-c-landlord-tenant-infractions/,2019-05-08,en,abbynews.com,abbynews.com,2019,True
11612bde7b4b2aa478771623ec90af07d12bb14d063cc23b6114e7fc3f42b1b4,"Egan: No job, rent is late? Landlords say negotiate: relief in the time of COVID",https://ottawacitizen.com/news/local-news/egan-no-job-rent-is-late-landlords-say-negotiate-relief-in-the-time-of-covid,2020-03-31,en,ottawacitizen.com,ottawacitizen.com,2020,False
9d58968c6139188be7409ee9db6415803a38267d789533400193257039c75b4e,Egan: Police plan B on pot raids: invite landlords to turn narc,http://ottawacitizen.com/opinion/columnists/egan-police-plan-b-on-pot-raids-invite-landlords-to-turn-narc,2016-10-30,en,ottawacitizen.com,ottawacitizen.com,2016,False
6862c066440619ef99b5640bdc3c14ec85c6e6e805a091852dbee46b9938205f,"Egan: Village landlord, 72, is handed 300-page book, mandatory exams on well water",http://ottawacitizen.com/news/local-news/egan-village-landlord-72-is-handed-300-page-book-mandatory-exams-on-well-water,2015-02-13,en,ottawacitizen.com,ottawacitizen.com,2015,False
c47ac41b0b2b56cfa6e3cd614447843698d9f112bb857a5149494df71af1a55a,Emergency repairs or 'renoviction?' Tenants face off against Mississauga landlord,https://www.cbc.ca/news/canada/toronto/mississauga-apartment-repairs-1.4786413?cmp=rss,2018-08-16,en,cbc.ca,cbc.ca,2018,True
ed8564fb5a9d5ddc33a24f21386e4ebf431ecafb6149be7b13e14d1544cc808c,Empty storefronts no more? Canada’s largest commercial landlords see growing demand for retail space,https://www.thestar.com/business/2022/05/11/empty-storefronts-no-more-canadas-largest-commercial-landlords-see-growing-demand-for-retail-space.html,2022-05-11,en,thestar.com,thestar.com,2022,False
5121f43ca793f95bbc10a01e2e31130d6a2f2712b6c012653e846ce5bb5f5072,"End to New Brunswick rent cap draws mixed reaction from tenants, landlords",https://globalnews.ca/news/9305839/end-new-brunswick-rent-cap-mixed-reaction-stakeholders/,2022-11-25,en,globalnews.ca,globalnews.ca,2022,False
64fb4f02a023bd54d2076dcad6093bfb9905719e2705266c20e60312e1fa7203,Engaged couple dead after landlord dispute near Hamilton,https://toronto.ctvnews.ca/engaged-couple-shot-dead-fleeing-landlord-after-house-dispute-near-hamilton-police-say-1.6416439,2023-05-28,en,ctvnews.ca,ctvnews.ca,2023,True
0a6baadaa47756a2816932be7e40902c0366defe25851ef9df85277e57fdac80,Engaged couple shot dead by landlord in Hamilton,https://www.ctvnews.ca/video?clipId=2696115,2023-05-28,en,ctvnews.ca,ctvnews.ca,2023,False
d26daced7d11b66219d8b462ad39d560c5d1422a53354f889ad6d752427fbdfc,Engaged couple shot dead in landlord-tenant row days away from moving out: families,https://www.kelownadailycourier.ca/news/national_news/quebec/article_871af353-220a-5f13-9d3e-082a535aa5f4.html,2023-06-01,en,kelownadailycourier.ca,kelownadailycourier.ca,2023,True
3a1f2b57c2d7b4ca5019ac63061d41bc29bca21a1671b5227cf26311c99a5921,Engaged couple were shot dead in landlord-tenant row days away from moving out: families,https://www.thestar.com/news/canada/2023/06/01/engaged-couple-shot-dead-in-landlord-tenant-row-days-away-from-moving-out-families.html,2023-06-01,en,thestar.com,thestar.com,2023,False
be384354071c2254b1b34e07ddedb9e07d39c1a2a2b5de8fe2ca4fb940338d3a,English pub payment plan draws scorn from landlords,https://nationalpost.com/pmn/health-pmn/english-pub-payment-plan-draws-scorn-from-landlords,2020-12-01,en,nationalpost.com,nationalpost.com,2020,False
781068e36fb996524b16d2441da531ed71e50a5a4ca6fcb4d2b3c09c24942105,Enlist landlord to turn down neighbours’ volume,https://www.winnipegfreepress.com/arts-and-life/diversions/miss-lonelyhearts/enlist-landlord-to-turn-down-neighbours-volume-576409672.html,2022-04-19,en,winnipegfreepress.com,winnipegfreepress.com,2022,False
c2334a494bc659b6f432a8f4e2c3362e8b845b020a029549cd55509a903b717d,Even the landlord admits his building on The Ridgeway is 'pretty rough',https://www.cbc.ca/news/canada/london/ridgeway-rental-1.5102062?cmp=rss,2019-04-17,en,cbc.ca,cbc.ca,2019,False
1c19ac677adbee62be5f8e2c5f85e65de609f78b5c1b997a76fd186674441c95,Even Toronto's worst condos arent's as bad as Prairie Heights in Saskatoon: Sask. Landlord Association,https://saskatoon.ctvnews.ca/even-toronto-s-worst-condos-arent-s-as-bad-as-prairie-heights-in-saskatoon-sask-landlord-association-1.5340429,2021-03-09,en,ctvnews.ca,ctvnews.ca,2021,False
83f1d4e3798723b0cddd45042b8e5add391e7c7b730f89217d7a97eeb814ef9e,Even Toronto's worst condos not as bad as Saskatoon building: landlord association,https://saskatoon.ctvnews.ca/even-toronto-s-worst-condos-not-as-bad-as-saskatoon-building-landlord-association-1.5340429,2021-03-09,en,ctvnews.ca,ctvnews.ca,2021,False
039b47e908cf6e3e7d3f4041f1f197b8604e999a14fcb9bbaef2151a00a60cae,"Even with the eviction moratorium, landlords continued to find ways to kick renters out",https://theconversation.com/even-with-the-eviction-moratorium-landlords-continued-to-find-ways-to-kick-renters-out-166810,2021-08-31,en,theconversation.com,theconversation.com,2021,False
2893515c10028a834860d58e23df397bf4e6091ecb6a12d3ee5836700447e601,Evicted for an Airbnb: Landlords fight short-term rentals at Régie,http://montrealgazette.com/business/evicted-for-an-airbnb-landlords-fight-short-term-rentals-at-regie,2017-10-01,en,montrealgazette.com,montrealgazette.com,2017,False
f15892e6e75e0761fc11388dd93bb7a3aa50c2f4f76bde10d051c8980213ce39,Evicted man threatened to put bullet in landlord,https://tj.news/greater-saint-john/101677580?ref=rss,2021-09-29,en,tj.news,tj.news,2021,False
249e6d5979ced659aeea8dc52d13d58af1c284b122de17bc08fa0ca12c3ae932,Evictions: Landlords call on province to speed up process for unpaid rent,https://ottawa.ctvnews.ca/landlords-call-on-province-to-speed-up-eviction-process-for-unpaid-rent-1.6820382,2024-03-24,en,ctvnews.ca,ctvnews.ca,2024,False
fcb14a6a0ba108931fc943d41cb86e23e34cd8dfff43b6b242a9fe8e579945d2,"Ex-landlords acknowledge slurs, settle discrimination suit",https://www.thestar.com/news/world/us/2020/02/13/ex-landlords-acknowledge-slurs-settle-discrimination-suit.html,2020-02-13,en,thestar.com,thestar.com,2020,False
d34af28bb25c8b1dae1c216291f1da3f3ef96d58ce1aa5f6993ce13a917624cc,Ex-workers say U.S. military landlord falsified records to get bonuses,https://nationalpost.com/pmn/news-pmn/politics-news-pmn/ex-workers-say-u-s-military-landlord-falsified-records-to-get-bonuses,2019-11-20,en,nationalpost.com,nationalpost.com,2019,False
39e94c4b052f997485f726434486ebe574773a078fc2fe558dfbdc7fa286f0fd,EXCLUSIVE: Deadbeat tenants owe landlords thousands as WA courts struggle with eviction backlog,http://thepostmillennial.com/exclusive-deadbeat-tenants-owe-landlords-thousands-as-wa-courts-struggle-with-eviction-backlog,2023-11-15,en,thepostmillennial.com,thepostmillennial.com,2023,False
3ee56d1037fa39dc81c6c6c24ee543fee1dd9e665c797e54e26d28bbdd1290d4,"Facing huge losses thanks to LTB delays, landlord pens plea to Ontario premier",https://toronto.ctvnews.ca/facing-huge-losses-thanks-to-ltb-delays-landlord-pens-plea-to-ontario-premier-1.6140000,2022-11-04,en,ctvnews.ca,ctvnews.ca,2022,False
e7062804b2a827d0005e51272fe674a22bef07599e20a6f24e5a40af05b57c0f,Failed B.C. tenancy system leaves landlord helpless,https://www.timescolonist.com/real-estate/rob-shaw-weak-tenancy-laws-do-little-to-help-bc-landlords-battle-cuckooing-criminals-9250827,2024-07-22,en,timescolonist.com,timescolonist.com,2024,False
79cb07cbaf35227dcf80e25bdfc2cf34225c40c745e6668be0ebb097c56d34a6,"Family fears for safety after brick hurled through window, complaints to landlord ignored, mother says",http://www.cbc.ca/news/canada/manitoba/family-fears-brick-landlord-neighbour-dispute-1.4432786?cmp=rss,2017-12-05,en,cbc.ca,cbc.ca,2017,False
ebbad699b69e80c338d535baac59524c7237f6b6c79c149825f58d39fe92a57f,Family in Halifax says landlords won’t rent to them because they have a child,https://globalnews.ca/news/6511340/family-in-halifax-says-landlords-wont-rent-to-them-because-they-have-a-child/,2020-02-05,en,globalnews.ca,globalnews.ca,2020,False
96e577c4ff5a09ad72cebab1474bc1cc52f9fcacaae1761bac331cf82b0a9127,Family of Sask. landlord shot after contentious eviction says system failed him,https://www.cbc.ca/news/canada/saskatchewan/landlord-shot-tenant-prince-albert-family-speaking-out-1.7580937?cmp=rss,2025-07-10,en,cbc.ca,cbc.ca,2025,False
9096d8e11b7d1b9fa7403c05d3779fa1a3d78729a8363b1f738034fb808a9e31,Family struggling to find housing after landlord evicts them for family members,https://www.wellandtribune.ca/news/niagara-region/2023/04/24/family-struggling-to-find-housing-after-landlord-evicts-them-for-family-members.html,2023-04-24,en,wellandtribune.ca,wellandtribune.ca,2023,False
b0f6caf3a9c56c5745b783120e4c958141c2ddee28fdd6f2da899f53e9c08080,"Famous chefs, New York restaurants to push landlords for rent breaks during coronavirus crisis",https://nationalpost.com/pmn/health-pmn/famous-chefs-new-york-restaurants-to-push-landlords-for-rent-breaks-during-coronavirus-crisis,2020-03-25,en,nationalpost.com,nationalpost.com,2020,False
87bd60dfc353413473ab26e834791080d506f4d32308c609927105731aef16e2,"Famous chefs, NY restaurants to push landlords for rent breaks",https://nationalpost.com/pmn/health-pmn/famous-chefs-ny-restaurants-to-push-landlords-for-rent-breaks,2020-03-25,en,nationalpost.com,nationalpost.com,2020,False
bdf6b8b3526c8dec8b0efbc542172a7a38565bafefdfb99780bf06270dd29947,Fate of Canada's oldest independent cinema up in the air over tensions with landlord,https://www.cbc.ca/news/canada/toronto/revue-cinema-lease-closure-1.7249685?cmp=rss,2024-06-28,en,cbc.ca,cbc.ca,2024,False
41fbb08c50d9e35b2c476a0994b931887ed02983f01a7ee2d10b61a0f02f2e08,"Father of N.S. student who died in Cape Breton house fire sues landlords, tenants",https://globalnews.ca/news/10323369/cape-breton-university-student-house-fire-father-suing-landlords/,2024-02-28,en,globalnews.ca,globalnews.ca,2024,True
d55dd682e23c94b9a92b212c850433878cb9fa64c258cfa4bc1e36e6d7d6b9d8,"Feces, urine, mould: After 1-year eviction fight, Hamilton landlord gets back home needing $100K in fixes",https://www.cbc.ca/news/canada/hamilton/ltb-eviction-ontario-landlord-home-damage-1.7496291?cmp=rss,2025-03-31,en,cbc.ca,cbc.ca,2025,False
de05d4850153c066f5dbecb2f2c6c0aea7d303aeb03c9e35f9ee5ee1b845f64f,Federal and B.C. privacy commissioners investigate firm that does background checks for landlords,https://www.theglobeandmail.com/politics/article-privacy-commissioners-investigate-bc-firm-that-does-background-checks/,2024-06-04,en,theglobeandmail.com,theglobeandmail.com,2024,False
ae3d95af2e4f24539a044998a8f68c30fb572794a5957eed5d2af249a889b15f,Federal rent aid flaws delaying applications: BC commercial landlords,http://vancouversun.com/news/local-news/federal-rent-aid-program-flaws-delaying-applications-b-c-commercial-landlords,2020-06-05,en,vancouversun.com,vancouversun.com,2020,False
f1116f023b6b97e574edc07b99d22eb9eb40a482d0ce799b14fe9e53babd8219,Feds audit landlords who received coronavirus rent aid as new program faces scrutiny,https://globalnews.ca/news/7628838/coronavirus-rent-commercial-program-audits/,2021-02-08,en,globalnews.ca,globalnews.ca,2021,False
bff32582e4ff256ec5e81dd2c7f1416da179a01ed221bba840856b4db51dd30b,Feds audit landlords who used rent aid,https://www.winnipegfreepress.com/canada/as-feds-audit-landlords-over-rent-aid-businesses-fall-through-cracks-of-new-program-573750652.html,2021-02-08,en,winnipegfreepress.com,winnipegfreepress.com,2021,False
4c10aaff45c2a613c8d1e3517504f111c89fc835d139e107089606f9d23ca77c,Few small businesses have applied for Ottawa's rent subsidy. Are landlords an unnecessary obstacle?,https://www.thestar.com/politics/federal/2020/06/03/few-small-businesses-have-applied-for-ottawas-rent-subsidy-are-landlords-an-unnecessary-obstacle.html,2020-06-03,en,thestar.com,thestar.com,2020,False
74505889e554d5daf577e972e6f7c1bcc1c0711e6d2ff752fd8656efb5fc5c6f,"Financial firms file for eviction more than any other Toronto landlord, new research finds",https://www.thestar.com/real-estate/financial-firms-file-for-eviction-more-than-any-other-toronto-landlord-new-research-finds/article_5fcf1c06-70ed-455e-bf8e-e0219742afa5.html,2025-08-14,en,thestar.com,thestar.com,2025,False
a7e0ab0ce637578ae8b6a07a9df9784c7696edcdab2de0fa4a283bba679774e6,Find a pot-friendly landlord: province's advice to Sask. marijuana users,http://www.cbc.ca/news/canada/saskatchewan/sask-pot-rentals-1.4434392?cmp=rss,2017-12-05,en,cbc.ca,cbc.ca,2017,False
cc9053dd85b6c2eff53457bf91f9ae732f79c0135ce6dd18b8b40a5766a22aed,Finding good tenants dependant on being good landlords,https://vancouversun.com/business/real-estate/finding-good-tenants-dependant-on-being-good-landlords,2019-09-03,en,vancouversun.com,vancouversun.com,2019,False
daf4a2c3473930f388d41b36a7d700cfc165293cd715cb3d795ef08d35cc4f26,Fine structure for snow removal 'unreasonable:' Landlords Association,https://regina.ctvnews.ca/fine-structure-for-snow-removal-unreasonable-landlords-association-1.6194923,2022-12-14,en,ctvnews.ca,ctvnews.ca,2022,False
4aa7d224cde022ec7c795e82cf46871bef6036a61ba3572c179ea3efba4a0207,Fines against Saskatoon landlord Jack Grover reduced on appeal,https://globalnews.ca/news/5945707/property-fines-jack-grover-holdings-saskatoon/,2019-09-24,en,globalnews.ca,globalnews.ca,2019,False
b5ee7c36548f8b19c14df95fcb56d1b10c7ed2dea6544ba4ac702ad93961d3a1,Fines for ‘renovictions’ are merely a minor irritant for landlords,https://www.thestar.com/opinion/letters_to_the_editors/2019/05/31/fines-for-renovictions-are-merely-a-minor-irritant-for-landlords.html,2019-05-31,en,thestar.com,thestar.com,2019,False
0e4141ec654356450e534a28a033e25b8da1138b6ca3c96ac5d50ed1cdd98dcb,Fire chief touts secondary suite program but says some landlords need to open their doors,https://medicinehatnews.com/news/local-news/2018/06/27/fire-chief-touts-secondary-suite-program-but-says-some-landlords-need-to-open-their-doors/,2018-06-27,en,medicinehatnews.com,medicinehatnews.com,2018,False
53e6830fd2a307d43f20f6ee296cca428e5f9895b264b55049124aa264badcd9,First month free: Landlords offering pretty perks to attract renters,https://www.cbc.ca/news/canada/british-columbia/first-month-free-landlords-offering-pretty-perks-to-attract-renters-1.5128773?cmp=rss,2019-05-09,en,cbc.ca,cbc.ca,2019,False
4e26b537a660d495bc92be2d3765507b8f17c73fb7867007e64c52c15195cbbc,Five ways landlords unfairly control people's lives,http://theconversation.com/five-ways-landlords-unfairly-control-peoples-lives-129511,2020-01-27,en,theconversation.com,theconversation.com,2020,False
b17afbe3cd757e66bf473299569ed92750cf280ef9ebc19b486309ea1c712548,Flemingdon Park tenants set to stage rent strike after landlord demands 4.8% hike,https://www.cbc.ca/news/canada/toronto/flemingdon-park-tenants-set-to-stage-rent-strike-after-landlord-demands-4-8-hike-1.4769195?cmp=rss,2018-07-31,en,cbc.ca,cbc.ca,2018,False
a9ea452da07be81725c3efb58327365a607cba9a0ce1f2bc857e3572e8c8f4d2,Flooded Rebecca St. building landlord offers tenants more money,http://www.cbc.ca/news/canada/hamilton/news/flooded-rebecca-st-building-landlord-increases-money-offer-to-tenants-1.3419005?cmp=rss,2016-01-10,en,cbc.ca,cbc.ca,2016,True
486849cde192974f70c5b67e21b787eb44ed8df0aa1b154e57827dd5ab727614,"Florida couple killed landlord, lived with her body for 2 weeks: Cops",http://www.torontosun.com/2017/02/21/florida-couple-killed-landlord-lived-with-her-body-for-2-weeks-cops,2017-02-21,en,torontosun.com,torontosun.com,2017,True
52e1846c4b4f35e7860195688c28411bc6b7bdd9fa4c6cb923904eeac22c4120,Florida woman accused of throwing human feces at landlord,https://www.ctvnews.ca/world/florida-woman-accused-of-throwing-human-feces-at-landlord-1.4756674,2020-01-07,en,ctvnews.ca,ctvnews.ca,2020,True
bffddcce553440ca3409fa6fc759194d36f09613e0c49a8709ad7208bf402297,"For shady landlords in Ontario, the punishment must fit the crime",https://www.thestar.com/opinion/editorials/for-shady-landlords-in-ontario-the-punishment-must-fit-the-crime/article_43321262-dfe1-11ee-8cce-e7aaf3f0c753.html,2024-03-12,en,thestar.com,thestar.com,2024,False
29b2715a553baba29196f6e167f661d290b074e73288df6d97bb5765cb91bf4f,"Forced to check out of hotels, displaced Parliament Street tenants demand action from landlord",https://www.cbc.ca/news/canada/toronto/parliament-street-residents-protest-demand-action-1.4807596?cmp=rss,2018-08-31,en,cbc.ca,cbc.ca,2018,False
248f9c466ef9650b3e173b12927d4901a344743973cfd88eee066f1e665850c4,Ford declines to pause commercial evictions but tells landlords: have a heart,http://www.pentictonherald.ca/news/national_news/article_635dfacb-2546-53bf-96d5-4b5c5bd57902.html,2020-05-15,en,pentictonherald.ca,pentictonherald.ca,2020,True
beda324bb5eac74789d249c95f61d0c59bd36272c7a493b2c097567042d2f5d2,Ford government to tackle ‘renovictions’ and beef up Landlord and Tenant Board,https://www.thestar.com/politics/provincial/2023/04/05/ford-government-to-tackle-renovictions-and-beef-up-landlord-and-tenant-board.html,2023-04-05,en,thestar.com,thestar.com,2023,False
298bfd5228204759c2c1d03ae84f27d78cb4b65ccb976805e02ec80c49ae5937,"Ford government’s Bill 60 would ‘whittle down’ tenant rights at the Landlord and Tenant Board, advocates say",https://www.thestar.com/real-estate/ford-governments-bill-60-would-whittle-down-tenant-rights-at-the-landlord-and-tenant-board/article_2147f0d7-cee3-4c50-bdc1-e6cf9693e04f.html,2025-10-27,en,thestar.com,thestar.com,2025,False
254f04b646b409b5fa6cfa3e91469b4290312c8a30a2dd1d7d7e7b9f8191667d,Ford issues warning to commercial landlords,https://torontosun.com/news/provincial/ford-issues-warning-to-commercial-landlords,2020-05-25,en,torontosun.com,torontosun.com,2020,False
9ede955979680d9484692203485e10e1979d2ef2340043800d5395ac0a276272,"Foreign landlord fails to pay taxes, CRA goes after tenant",https://www.theglobeandmail.com/real-estate/article-foreign-landlord-fails-to-pay-taxes-cra-goes-after-tenant/,2024-04-12,en,theglobeandmail.com,theglobeandmail.com,2024,True
af161788b3d914faae4410f289e3dc243def1e680c075bd338ce0ef3e74f9eb5,"Foreign student cap has some landlords feeling the squeeze, the Home of the Week and more top real estate stories",https://www.theglobeandmail.com/business/article-real-estate-housing-news-oct-17/,2025-10-17,en,theglobeandmail.com,theglobeandmail.com,2025,False
a4e13155ea62e2a4c2e7f57610aee99e8809092494df6e13f5dd3b20be789866,Foreign students face a wave of rental ripoffs — as landlords illegally demand up to six months’ rent upfront,https://www.thestar.com/business/2022/09/24/foreign-students-face-a-wave-of-rental-ripoffs-as-landlords-illegally-demand-up-to-six-months-rent-upfront.html,2022-09-24,en,thestar.com,thestar.com,2022,False
666299f4d8e5e7c18f79980490a5f2df67c00624f8d4697b036ea9808fd5224a,Former employee pleads guilty to threatening Edmonton landlord Abdullah Shah,https://edmontonjournal.com/news/local-news/former-employee-pleads-guilty-to-threatening-edmonton-landlord-abdullah-shah,2021-12-21,en,edmontonjournal.com,edmontonjournal.com,2021,False
3be4fcad25b1855b9769caa4830d35ec5fed234f38d034d296a378a3165bcd03,Former landlords push Target Canada on details of RioCan settlement,http://www.theglobeandmail.com/report-on-business/former-landlords-push-target-canada-on-details-of-riocan-settlement/article27752383/?cmpid=rss1,2015-12-14,en,theglobeandmail.com,theglobeandmail.com,2015,False
6017680ac6519a8fec13c89f50e2c96cc6ba8b941c0a15ec567da514cf96840a,Former Oasis Hostel renters accuse landlord of exaggerating damage claims,https://globalnews.ca/news/4373309/oasis-hostel-renters-accuse-landlord-exaggerated-damage-claims/,2018-08-06,en,globalnews.ca,globalnews.ca,2018,False
dd2fd80f32cd66c92baa25b15b37f6361d8007fca2c956717474f9383258902c,Former tenant says landlord wanted $200 to move her out of allegedly abusive situation,https://www.cbc.ca/news/canada/london/london-ontario-apartment-ann-street-the-marq-1.5312061?cmp=rss,2019-10-07,en,cbc.ca,cbc.ca,2019,False
f902ef3b7283ebe6faaa6c4bf85214fc76694b840d027306fb8f0b2c2b6fabf6,Former tenant teams up with Kingston Solidarity Network to protest move out fees charged by a Kingston landlord,https://globalnews.ca/video/4048830/former-tenant-teams-up-with-kingston-solidarity-network-to-protest-move-out-fees-charged-by-a-kingston-landlord/,2018-02-26,en,globalnews.ca,globalnews.ca,2018,False
14353bc0372ca6ad6e192b0668db88fde1198eb8990811e8648f73ad2fcaf6ca,Former tenants protest ‘move out’ fees charged by Kingston landlord,https://globalnews.ca/news/4043922/former-tenants-protest-move-out-fees-charged-by-kingston-landlord/,2018-02-26,en,globalnews.ca,globalnews.ca,2018,False
6290c9d594aaa192abc8badc8f555950ff743bc2a9b9e267b25312a23c834883,Former ‘worst landlord’ ends up in city’s good books with program to revamp underused amenities spaces,https://www.thestar.com/news/gta/2019/02/08/former-worst-landlord-ends-up-in-citys-good-books-with-program-to-revamp-underused-amenities-spaces.html,2019-02-08,en,thestar.com,thestar.com,2019,False
b0a53c0f9826a5def6af11d76afc3fa5ab5ffe4fdb5610ab895978b576e21819,Fort Nelson man who stabbed landlord to death not criminally responsible,http://vancouversun.com/news/local-news/fort-nelson-man-who-stabbed-landlord-to-death-not-criminally-responsible,2017-07-12,en,vancouversun.com,vancouversun.com,2017,False
1938fc99217028d438cc0b745bc6e91572435902b564b2e6956dae8c149ef89b,Four simple ways landlords and letting agents can make life better for tenants,http://theconversation.com/four-simple-ways-landlords-and-letting-agents-can-make-life-better-for-tenants-115319,2019-04-16,en,theconversation.com,theconversation.com,2019,False
1d9bc2e3313d25b68c97f6f2dde7549d7e20a0d9512626a137067f75e95ec7ba,Four-year sentences upheld by top court in landlord beating death,https://calgaryherald.com/news/crime/four-year-sentences-upheld-by-top-court-in-landlord-beating-death,2021-06-17,en,calgaryherald.com,calgaryherald.com,2021,False
96bbeb6e8208f1df6e6653cb80ced515fd23769873b881c27facb136c117b1bb,"Fraudster landlord pleads guilty to 23 charges, with more to come",https://lfpress.com/news/local-news/fraudster-landlord-pleads-guilty-to-23-charges-with-more-to-come,2020-01-10,en,lfpress.com,lfpress.com,2020,False
e07cf9b1c6fb2eaf3fd8884f9081264b8f65cbedbe698dc66d299ed7e4d9fe0e,"Fredericton landlord buys former jail, lists it for rent at $8,500 a month",https://www.cbc.ca/news/canada/new-brunswick/fredericton-jail-real-estate-sunfield-1.7530154?cmp=rss,2025-05-12,en,cbc.ca,cbc.ca,2025,False
a72892982f3adc793a1dd70262ece2a17bd6d63bac23bde4db9fe355eb4b5833,"Free month’s rent, parking spaces and utilities: Landlords are clamouring to attract tenants",https://www.theglobeandmail.com/investing/personal-finance/article-free-months-rent-parking-spaces-and-utilities-landlords-are-clamouring/,2025-05-15,en,theglobeandmail.com,theglobeandmail.com,2025,False
3bc35952e9543e63541e4b3e7781e4d8682e6a750898861ace16f4216f953067,"Free rent, free Wi-Fi, thousands of dollars in gift cards: How some Toronto landlords are wooing renters",https://www.thestar.com/real-estate/2023/06/16/free-rent-free-wi-fi-thousands-of-dollars-in-gift-cards-how-some-toronto-landlords-are-wooing-renters.html,2023-06-16,en,thestar.com,thestar.com,2023,False
5f5956f8fa9d29b300f51bb7415d517415824c242167790d027e8839ccfa830e,Free-bike social enterprise gets new quarters thanks to generous landlord,https://lfpress.com/news/local-news/free-bike-social-enterprise-gets-new-quarters-thanks-to-generous-landlord,2021-04-29,en,lfpress.com,lfpress.com,2021,False
8c97805bb4aa42875813992f089865ca1c68d56457c3bfa1a1e26b58f67e3057,From broken doors to holes in ceiling: N.S. landlords say tenant left rental in shambles,https://globalnews.ca/news/10946262/yarmouth-ns-landlord-house-trashed/,2025-01-08,en,globalnews.ca,globalnews.ca,2025,False
162552b2d415c3f0c843012a64bbc9d40a1a581b6e07b0e9dc6b416dac26fb3d,"From free wi-fi to rent, Regina landlords try to attract tenants",http://www.cbc.ca/news/canada/saskatchewan/regina-landlords-offer-rent-incentives-as-vacancy-rises-1.3428832?cmp=rss,2018-05-24,en,cbc.ca,cbc.ca,2018,False
65e790aa166a13a11691e8bcc75dfcfa7ac05d2ed616994bd2f06b6f2d8bed1c,"From kids' grades to T4 slips, B.C. landlords collecting too much info: report",https://bc.ctvnews.ca/from-kids-grades-to-t4-slips-b-c-landlords-collecting-too-much-info-report-1.3854688,2018-03-22,en,ctvnews.ca,ctvnews.ca,2018,False
c230ab7b70626f07c94abdb396a929ab8036509399138ee4b2587e207e4087e0,"From leaks to bugs, these North York tenants say they’re waiting months for repairs. The new landlord says they inherited a backlog",https://www.thestar.com/news/gta/from-leaks-to-bugs-these-north-york-tenants-say-theyre-waiting-months-for-repairs-the/article_2b1b76bb-6f69-4fef-8ebd-89ec3b58645e.html,2025-10-24,en,thestar.com,thestar.com,2025,False
088b4a1a5d59ebcd8e5219442f1bbe229b5e7640c2f3f845fcec12e040a6966c,From ‘oasis’ to off-limits: Landlord makes St. Catharines woman dismantle garden behind apartment building,https://www.niagarafallsreview.ca/news/niagara-region/from-oasis-to-off-limits-landlord-makes-st-catharines-woman-dismantle-garden-behind-apartment-building/article_aa75d914-18a7-5d51-a832-0682448814f0.html,2025-06-05,en,niagarafallsreview.ca,niagarafallsreview.ca,2025,True
707c49dc7d7dc9eec51b184ac25c54fa7068d85c4a2caf72170c7b9bd13c4a79,Frustrated Harrison landlord at wits end,https://www.bclocalnews.com/news/frustrated-harrison-landlord-at-wits-end/,2018-06-15,en,bclocalnews.com,bclocalnews.com,2018,False
90b450e5f41450ad40b2d7cca4a9cc5c3b216202d6a685cc4f21c639ec97693c,Fumano: 'Now we have teeth': New unit cracks down on B.C.'s bad landlords,https://vancouversun.com/news/local-news/dan-fumano-new-unit-sinks-teeth-into-enforcement-for-bad-landlords,2020-09-02,en,vancouversun.com,vancouversun.com,2020,False
60ff1ee50e374a7341bd0da0e4f6092d9febc24f4e7fdb83a4ef3ec2b91e064d,Future uncertain for local landlords as COVID-19 pandemic changes Kingston housing situation,https://globalnews.ca/news/7384575/pandemic-kingston-landlords-empty-rooms-houses/,2020-10-08,en,globalnews.ca,globalnews.ca,2020,False
34511d38cb16b096ed0be49db6f2db7f15feb4958d88087e822db3f8c7a5bf64,Gander landlord charged with 6 counts of fraud,http://www.cbc.ca/news/canada/newfoundland-labrador/darlene-wheeler-charged-with-6-counts-of-fraud-1.2933231?cmp=rss,2015-01-27,en,cbc.ca,cbc.ca,2015,False
418df81252db988f24546019f519ef9c0933d2229dfeef5d03ae486000640e91,Gander landlord fraud case delayed as Crown changes offer,http://www.cbc.ca/news/canada/newfoundland-labrador/darlene-wheeler-fraud-case-delayed-as-crown-changes-offer-1.3063645?cmp=rss,2015-01-27,en,cbc.ca,cbc.ca,2015,False
dbe551fe20576b3acfdfd2c39da2686c28cd93f1a8d613d77fcf0c6cbdc30c17,Gatineau landlords want more power to evict deadbeat tenants,https://www.cbc.ca/news/canada/ottawa/landlord-tenants-housing-gatineau-eviction-appeals-abuse-1.5146786?cmp=rss,2019-05-27,en,cbc.ca,cbc.ca,2019,False
753ddba44a1733e2dcc9b692c369301e8d905b2aac280ac7ca9cbdafeda5e16f,Gay tenant outed at work by landlord,https://www.bclocalnews.com/news/gay-tenant-outed-at-work-by-landlord/,2018-10-19,en,bclocalnews.com,bclocalnews.com,2018,False
9c1a0f10eaa130033f7fb88783ef0abd22154576dd28e602ba121d28143732fc,German court: naked landlord doesn't justify lower rent,https://www.winnipegfreepress.com/world/2023/04/26/german-court-naked-landlord-doesnt-justify-lower-rent,2023-04-26,en,winnipegfreepress.com,winnipegfreepress.com,2023,False
eaa0881691feaa02c43bf9539f41990ed366eb1c21945bccbae4d782fff0eced,German court: naked landlord doesn’t justify lower rent,https://www.thestar.com/news/world/europe/2023/04/26/german-court-naked-landlord-doesnt-justify-lower-rent.html,2023-04-26,en,thestar.com,thestar.com,2023,False
32f0d9e78b28d5adbcc489b31690136a0616f99bce2bd385285e0fd2f7384fad,Get out of my pub!' Landlord challenges Labour's Starmer over UK COVID rules,https://nationalpost.com/pmn/health-pmn/get-out-of-my-pub-landlord-challenges-labours-starmer-over-uk-covid-rules,2021-04-19,en,nationalpost.com,nationalpost.com,2021,False
8d4d31d6660236e14af95255ddba037368b60d26f92b0f59445d70302f6ee018,"Get rid of them,' landlord told tenant after 911 call",https://www.torontosun.com/news/local-news/get-rid-of-emergency-crews-landlord-told-tenant-after-911-call,2021-03-22,en,torontosun.com,torontosun.com,2021,False
c0e5e0ea60d9b4e791af6bb4ce41097d168ed8648beb99d6542a89fecad5e597,Goderich landlord charged after tenant injured in physical dispute: Huron OPP,https://globalnews.ca/news/6884035/goderich-landlord-tenant-assault/,2020-04-29,en,globalnews.ca,globalnews.ca,2020,False
d38671c79ee0d39a3915822976f2f85fba8deb8f3b4c9a54aab7ac6a11b200a0,Good Samaritan landlords have their garden pillaged by mystery woman,http://www.cbc.ca/news/canada/hamilton/news/pielechaty-flower-theft-1.3668402?cmp=rss,2016-07-10,en,cbc.ca,cbc.ca,2016,False
0980d3f06e4a5eeca1aad0ad9c29a86c121483ca68bc9b75ac1e711510713ef5,Got a rental board file? Prospective landlords want to know,https://www.cbc.ca/player/play/video/9.6460496,2024-07-27,en,cbc.ca,cbc.ca,2024,False
127d7b220c8ae85edcb1891cd93694932c2b94fa7fb4844f12bca9d6fe054eb9,Gottingen Street landlord to appear before tenancy board,http://www.cbc.ca/news/canada/nova-scotia/gottingen-street-landlord-to-appear-before-tenancy-board-1.2981135?cmp=rss,2015-03-04,en,cbc.ca,cbc.ca,2015,False
1fcb82b4dd038b3e4b6b64a79d9f4e1619eb43606ac7c8744482947c74223b66,Government's rent caps won't solve N.S. affordable housing shortfall: landlords,https://atlantic.ctvnews.ca/government-s-rent-caps-won-t-solve-n-s-affordable-housing-shortfall-landlords-1.5205913,2020-11-26,en,ctvnews.ca,ctvnews.ca,2020,True
0a419b7b660c6aaf5590bf246277d879fe5cbf65170e103e0406ae79690b0788,Government’s rent caps won’t solve N.S. affordable housing shortfall: landlords,https://globalnews.ca/news/7486224/governments-rent-caps-wont-solve-n-s-affordable-housing-shortfall-landlords/,2020-11-26,en,globalnews.ca,globalnews.ca,2020,True
d8519dbe2fd350c76eea72a3c0d887301e7a6db42908d1710c30a9f215f0cf74,Greedy landlords make moving within Toronto too expensive,https://www.thestar.com/opinion/contributors/2023/02/05/greedy-landlords-make-moving-within-toronto-too-expensive.html,2023-02-05,en,thestar.com,thestar.com,2023,False
4b8bd666dae7704858d3db5e4ed260e8f509549611cf73898c2e43a162603e5e,Green program expands to help landlords reduce carbon footprint,http://www.cbc.ca/news/canada/sudbury/landlords-going-green-1.3735903?cmp=rss,2016-08-25,en,cbc.ca,cbc.ca,2016,False
ed302e516d110912ccf2785543a918cafa7ab754ac0cc6efb32a0de9de99b7d3,Gretchen Whitmer faces backlash after offering landlords $500 to rent to illegal immigrant ‘newcomers’,https://thepostmillennial.com/gretchen-whitmer-faces-backlash-after-offering-landlords-500-to-rent-to-illegal-immigrant-newcomers,2024-03-28,en,thepostmillennial.com,thepostmillennial.com,2024,False
4f1d5c3f3fd92706bd67a9e3a6ee88e067ad1124400980bf9013bf4fc5f292ed,Greystar and other landlords agree to a $141M deal to settle a rent-setting lawsuit,https://www.winnipegfreepress.com/business/2025/10/03/greystar-and-other-landlords-agree-to-a-141m-deal-to-settle-a-rent-setting-lawsuit,2025-10-03,en,winnipegfreepress.com,winnipegfreepress.com,2025,False
c115f0dad83b9ba7a7b5e7e727ee8d9faa9f1c47405050f86cbb935863eb2082,Group agrees to voluntary landlord registry - after its chair threatens to leave,http://www.cbc.ca/news/canada/hamilton/voluntary-rental-licensing-1.3960214?cmp=rss,2015-07-30,en,cbc.ca,cbc.ca,2015,False
d7708a3619df53d32e94628a6963bbfde67985601e58a46e9426aaca6d9e091a,"Guelph landlord, wife charged with assault in dispute with tenant: police",https://globalnews.ca/news/7809548/guelph-landlord-assault-tenant-police/,2021-04-26,en,globalnews.ca,globalnews.ca,2021,False
cefa0e2491ad60000207646b62a6c8880dc3c313f6e536a6ced863eb1ae262f0,"Guelph landlords report ‘harassing behaviour’ by tenant, charges laid",https://www.therecord.com/news/crime/guelph-landlords-report-harassing-behaviour-by-tenant-charges-laid/article_52cc1d34-7cbd-5b6b-8f20-c032df1f8fb9.html,2025-10-29,en,therecord.com,therecord.com,2025,False
6c13d95e1740d4811a01c7e81f815a8668b1c4db8ce3c280d5bcc53e74d74da9,Guelph shelter asks landlords to help end homelessness,https://kitchener.ctvnews.ca/guelph-shelter-asks-landlords-to-help-end-homelessness-1.5678236,2021-11-23,en,ctvnews.ca,ctvnews.ca,2021,False
886eb119c454a2d1b9d13227a5bce708e5e875c41925b7345859ff9317e379da,GUNTER: Landlords have too little protection under Alberta’s laws,https://edmontonsun.com/opinion/columnists/gunter-landlords-have-too-little-protection-under-albertas-laws,2022-07-07,en,edmontonsun.com,edmontonsun.com,2022,False
92ef653263e43534a0ce40a574341dfaa511035bc1780976340a36d50eba2d3f,"Half of Australian landlords sell their investments after 2 years, adding to renters’ insecurity",https://theconversation.com/half-of-australian-landlords-sell-their-investments-after-2-years-adding-to-renters-insecurity-254578,2025-04-16,en,theconversation.com,theconversation.com,2025,False
b327777bc6a0d3047d1d05dbe3342750b501cf44dfa6b73288a68011cc6ed8cd,Halifax council moves ahead with rental-unit registry despite landlord group’s call for a pause,https://www.thestar.com/halifax/2019/04/30/halifax-council-moves-ahead-with-rental-unit-registry-despite-landlord-groups-call-for-a-pause.html,2019-04-30,en,thestar.com,thestar.com,2019,False
b4d9f5fbdd69e068061af371d4140d9533f53aeb36b607df2e729ad9d093490a,Halifax landlord fails to appear before tenancy board after evictions,http://www.cbc.ca/news/canada/nova-scotia/gottingen-street-landlord-skips-tenancy-board-hearing-after-evictions-1.2981135?cmp=rss,2015-03-05,en,cbc.ca,cbc.ca,2015,False
0e7a9d2e6468b4b3c1ea31341acc8a6aade9b31bf17d1a74ac0cc5e835d1bb6d,Halifax landlord must pay up for ‘renovicting’ tenant during former provincewide ban,https://globalnews.ca/news/10419695/halifax-renoviction-small-claims-appeal-dismissed/,2024-04-12,en,globalnews.ca,globalnews.ca,2024,False
0181a13f3d6e5f5098151141350a13f42013008918ff16cb543337109ebcf239,"Halifax landlord of international students will reduce bedrooms, comply with bylaw",http://www.cbc.ca/news/canada/nova-scotia/halifax-payzant-avenue-rooming-house-dalhousie-university-chinese-students-1.3495939?cmp=rss,2016-03-14,en,cbc.ca,cbc.ca,2016,False
a1bbfa4175b66c524b734eb189dc738aa096fa258b0bdaf8848a971779cbf4c9,Halifax landlord sends notice declaring apartments pot-free zones,https://atlantic.ctvnews.ca/halifax-landlord-sends-notice-declaring-apartments-pot-free-zones-1.4038883,2018-08-02,en,ctvnews.ca,ctvnews.ca,2018,False
4ce61e6a18e90886847b3ad5cb65ab1a05d6cdd794afe9f2bdd3441cde9cf35a,Halifax landlords defend use of fixed-term leases,https://atlantic.ctvnews.ca/rent-cap-loophole-halifax-area-landlords-defend-use-of-fixed-term-leases-1.7039907,2024-09-16,en,ctvnews.ca,ctvnews.ca,2024,False
80056749b6c8a5c33922f8c30e363b07549bdca587b5858eb2654aa804c25dac,Halifax landlords who refuse to rent to families with children get warning,https://www.cbc.ca/news/canada/nova-scotia/human-right-commission-discrimination-families-1.5163291?cmp=rss,2016-03-11,en,cbc.ca,cbc.ca,2016,False
f0c3ca087a57f9d7e3342713033d180f385633e47c98919035885d57b36cb729,Halifax residents protest landlords handling of bed bugs,http://www.cbc.ca/news/halifax-residents-protest-landlords-handling-of-bed-bugs-1.3238178?cmp=rss,2015-09-22,en,cbc.ca,cbc.ca,2015,False
56cebafc7de9ac53608319f5bff09d691c2e17e50f042a4ad1de3dcc870901fe,"Halifax tenant blindsided after lease isn’t renewed, landlord cites ‘business strategy’",https://globalnews.ca/news/10402677/halifax-fixed-term-lease-landlord-business-strategy/,2024-04-09,en,globalnews.ca,globalnews.ca,2024,False
b4fc56dce9e29d6e280dcdab6922098669e930bbef2b0cf61911d1cba6247a8b,Halifax tenant fighting to have security deposit returned by Nova Scotia landlord,https://globalnews.ca/news/9118314/ns-tenant-security-deposit-landlord/,2022-09-09,en,globalnews.ca,globalnews.ca,2022,False
aafa97c992580a861cd32eb55d9153f70c857ad179ebe0d82eba6e708b0bf40e,Halifax tenant locked out of apartment after fighting landlord eviction,https://globalnews.ca/news/10922775/halifax-tenant-locked-out-of-apartment-after-fighting-landlord-eviction/,2024-12-18,en,globalnews.ca,globalnews.ca,2024,False
631bccd968d4c49ffd2cec8fd4b91916a4907c040683ec610fd89352f95ad0ec,Halifax tenants fighting landlords over cold apartments have law on their side,http://www.cbc.ca/news/canada/nova-scotia/cold-apartments-halifax-tenant-landlord-bylaw-1.4502341?cmp=rss,2018-01-24,en,cbc.ca,cbc.ca,2018,False
d44d5466787ec90b679450a4df88b3d7d180e02a4cd4dc085bbe1ed3c3f37ac9,Halifax tenants scrambling to find new housing after landlord serves termination letter,https://globalnews.ca/news/4059238/halifax-landlord-serves-termination-letter/,2018-03-02,en,globalnews.ca,globalnews.ca,2018,False
c3151bd1ffa91cb9a9086adda2cd6416943e0407e600f783d4d57cb108376ac5,Halifax woman wins legal fight against her landlord over pending eviction,https://globalnews.ca/news/9122864/stacey-gomez-residential-tenancies-decision/,2022-09-12,en,globalnews.ca,globalnews.ca,2022,False
0eb7b460980689a763f9bc7a85c261bbd3801007c047ede5690b32e23b5025ff,Halifax-based landlord calls for better renting laws in N.B.,http://www.cbc.ca/news/canada/nova-scotia/halifax-landlord-renting-laws-1.4611632?cmp=rss,2018-04-10,en,cbc.ca,cbc.ca,2018,False
13ac977728a70818c5de5d9b705c7d88079be757eac83652181e1628a44a5c16,Hamilton city politicians back permanent rental housing licensing despite landlord pushback,https://www.thespec.com/news/council/hamilton-city-politicians-back-permanent-rental-housing-licensing-despite-landlord-pushback/article_4a5f076c-f254-5b72-9d3c-2b231593b176.html,2025-12-03,en,thespec.com,thespec.com,2025,False
0901903f5ef0d64da3f6077545c92a8a83a06422a3d9e5ec6e7f5b2510d192bb,Hamilton landlord backs off $20-a-load laundry,https://www.thespec.com/news/hamilton-region/2021/05/12/hamilton-landlord-backs-off-20-a-load-laundry.html,2021-05-12,en,thespec.com,thespec.com,2021,False
21ad9df1ea77ae2db86205ada81274b146238b75f84c1ca00c0637fd679db94d,"Hamilton landlord fined $100K for illegal renovictions that had 'devastating' impacts on tenants, court hears",https://www.cbc.ca/news/canada/hamilton/landlord-charge-fine-1.7544931?cmp=rss,2025-05-28,en,cbc.ca,cbc.ca,2025,False
090a88dd048e56a044faac0cee024508eeda6bc4dc4661900be20a3e80b2b6ed,Hamilton landlord fined $100K for not allowing tenants back after renovations,https://www.thespec.com/news/hamilton-region/hamilton-landlord-fined-100k-for-not-allowing-tenants-back-after-renovations/article_34bac3f9-1871-53c2-a9fa-411bb175534c.html,2025-05-16,en,thespec.com,thespec.com,2025,False
1bb1d1341d9931088968ef69d31cc27069371b8bc941223552dbf74c74e7546c,Hamilton landlord InterRent refuses meeting with striking tenants over coming rent hike,https://www.theglobeandmail.com/canada/toronto/article-hamilton-landlord-interrent-refuses-meeting-with-striking-tenants-over/,2018-08-14,en,theglobeandmail.com,theglobeandmail.com,2018,False
ee49c981e61d55926bcf01c53cccdee1c85efca8317d1f1fc93c6eaa24e15b0c,Hamilton landlord loses control of troubled building where tenants went without water for months,https://www.thespec.com/business/hamilton-landlord-loses-control-of-troubled-building-where-tenants-went-without-water-for-months/article_18728f84-7381-52bc-b070-97a1be7de827.html,2025-03-19,en,thespec.com,thespec.com,2025,False
431f20e35dcea829694e88027110727642d973a9847945b47df7bfdb7b3a7fd3,Hamilton landlord ‘really glad’ tenant dispute that left realtor beaten and robbed is over,https://www.wellandtribune.ca/news/hamilton-region/hamilton-landlord-really-glad-tenant-dispute-that-left-realtor-beaten-and-robbed-is-over/article_93d8d2c6-4059-51a0-a5df-ecbf71e4220d.html,2024-08-28,en,wellandtribune.ca,wellandtribune.ca,2024,False
0667a776994fd26115b9c7b846f5f8d5f3bb777405261ef73e8a0254a76e541f,"Hamilton landlords claim they’re owed $11,000 by tenant who refuses to move out",https://www.thespec.com/news/hamilton-region/2022/11/14/hamilton-landlords-claim-theyre-owed-11000-by-tenant-who-refuses-to-move-out.html,2022-11-14,en,thespec.com,thespec.com,2022,False
a7ea83ff916cb6f6247d063408750e6b9bef0d89902993921ad4135c1d616ee6,"Hamilton landlords claim they’re owed $11,000 by tenant who refuses to move out",https://www.thespec.com/news/hamilton-region/2022/11/16/hamilton-landlords-claim-theyre-owed-11000-by-tenant-who-refuses-to-move-out.html,2022-11-16,en,thespec.com,thespec.com,2022,False
af41ac09794d437d465c4a78063d28254161e0f1eac4ba610805708e546eed51,Hamilton landlords say they warned police about anti-gentrification activists months ago,http://www.cbc.ca/news/canada/hamilton/barton-locke-street-vandalism-1.4562711,2018-03-05,en,cbc.ca,cbc.ca,2018,False
48143380ad01c285b6c86bd2b80901367333d0bf4df0fbca3e9bb98698624205,Hamilton man charged after allegedly threatening landlord with gun,https://globalnews.ca/news/5411674/hamilton-man-threatening-landlord-gun/,2019-06-20,en,globalnews.ca,globalnews.ca,2019,False
844d35acd71a19b7cb093233e37342e5f39036ac103517233911997f88b04e05,Hamilton man furious after landlord Vrancor cuts off gas without notice,https://www.thespec.com/news/hamilton-region/2021/07/10/hamilton-man-furious-after-landlord-vrancor-cuts-off-gas-without-notice.html,2021-07-10,en,thespec.com,thespec.com,2021,False
710d0fba91eeab539b733242004e8e91e8e68dc59914318f44dbe03c65499c5a,Hamilton students furious after landlord installs two cameras inside their home,https://www.thespec.com/news/hamilton-region/2022/09/15/landlord-henry-hoang-installs-surveillance-cameras-in-student-housing.html,2022-09-15,en,thespec.com,thespec.com,2022,False
56069901b211f883fb47115a4bdf830d0e3b69408f76ac79e3180e78b6f49820,Hamilton tenants furious after landlord hikes laundry price to $20 per load,https://www.thespec.com/news/hamilton-region/2021/05/07/hamilton-tenants-renovation-evictions.html,2021-05-07,en,thespec.com,thespec.com,2021,False
b5917d3c5c92647784816378bc99b5bf6ad0cdedefdda5830c9f982cf863dbac,Hamilton-area Today: Bizarre landlord-tenant dispute takes another turn + Roadways decay as LRT project delays continue,https://www.thespec.com/news/hamilton-region/hamilton-area-today-bizarre-landlord-tenant-dispute-takes-another-turn-roadways-decay-as-lrt-project/article_2dbccaef-bf48-5062-8f03-4646c682b3c2.html,2024-09-24,en,thespec.com,thespec.com,2024,False
798092a59a89d9ef2fc626233b6405cc4fb5bb83833bdb8d1472302bc5791e64,Hamilton-area Today: Five injured in shootings at two city bars + another landlord-tenant dispute turns ugly,https://www.thespec.com/news/hamilton-region/hamilton-area-today-five-injured-in-shootings-at-two-city-bars-another-landlord-tenant-dispute/article_7d0ccbe8-a982-59f7-90c1-ec2c231b4e50.html,2024-08-26,en,thespec.com,thespec.com,2024,False
f249cc7a83d75e7ff5f9075a182aa193647e5b4d68eb182d89eb57c973e95973,Hamilton-area Today: Graduation requirements change for first time in 25 years + Landlord tenant dispute that turned violent is now over,https://www.thespec.com/news/hamilton-region/hamilton-area-today-graduation-requirements-change-for-first-time-in-25-years-landlord-tenant-dispute/article_923f994a-9082-5048-8c30-fe6093fa4a10.html,2024-08-28,en,thespec.com,thespec.com,2024,False
dcb71c448beb90ae450126d3993d7ce1747e344dd124314d5aea7b5fefeace1d,Hamilton-area Today: HCA denounces ‘unauthorized’ trails to dismay of mountain bikers + Landlords are unhappy with these city politicians,https://www.thespec.com/news/hamilton-region/hamilton-morning-news-traffic/article_7d034685-fc05-5ddb-96c1-b0124902934f.html,2025-12-03,en,thespec.com,thespec.com,2025,False
d4422fc6ad9c21cb229fd2e4bab419ebbdfe520efbf3c00e70d71a854469f5a8,Hamilton-area Today: Housing market turning owners into ‘accidental landlords’ + Hamilton’s $400-million airport deal,https://www.thespec.com/news/hamilton-region/hamilton-area-today-housing-market-turning-owners-into-accidental-landlords-hamiltons-400-million-airport-deal/article_b1e65b01-fe8f-59b5-92e8-544fc63c94db.html,2024-09-25,en,thespec.com,thespec.com,2024,False
fdaa87559d57044fc2c7969a9515b58bb1d7133392dd25e90cf91de1025cf3b2,Hamilton-area Today: Landlord fined $100K + State of local libraries + Were you exposed to measles?,https://www.thespec.com/news/hamilton-region/hamilton-area-today-landlord-fined-100k-state-of-local-libraries-were-you-exposed-to-measles/article_cb9f5f04-ce25-536e-82cd-5e26fb9c2249.html,2025-05-16,en,thespec.com,thespec.com,2025,False
f45c1d51b126ee9684b4c0777b4058222b154b79d68653b0b58331d79ff74707,Hamilton-area Today: Landlord of formerly derelict building owes $27 million + Is it finally time to do something about lower-city grime?,https://www.thespec.com/news/hamilton-region/hamilton-area-today-landlord-of-formerly-derelict-building-owes-27-million-is-it-finally-time/article_adc918ea-4b34-5c7e-9bbc-7e41f34f6682.html,2025-03-19,en,thespec.com,thespec.com,2025,False
9317e48f578a176c8a2805411b4c2ee9fc193c8116f89241214b51c7e40d2e15,Hamilton-area Today: Tiny Shelters ‘resilient’ + Backyard buildings in the mix + Landlord-tenant squabbles were hot reads in 2024,https://www.thespec.com/news/hamilton-region/hamilton-area-today-tiny-shelters-resilient-backyard-buildings-in-the-mix-landlord-tenant-squabbles-were/article_e2add62d-d85f-5461-8eec-9fbb351bd95c.html,2024-12-31,en,thespec.com,thespec.com,2024,False
8534cd60f9a0a7703dea77406da86cb52f28cfb3e2af377843b825bff1ce739e,Have your say: Should corporate landlords buy up homes to use as rentals?,https://www.thestar.com/news/canada/2022/06/27/have-your-say-should-corporate-landlords-buy-up-homes-to-use-as-rentals.html,2022-06-27,en,thestar.com,thestar.com,2022,False
5cddfb87ab41ff10e15270ee7bc5c3599db1b7f938f25287be947169fc0be90b,Have your say: Should Ontario stop allowing landlords to raise rent without restriction between tenants?,https://www.thestar.com/news/gta/2022/07/17/have-your-say-should-ontario-stop-allowing-landlords-raise-rents-without-restriction-between-tenants.html,2022-07-17,en,thestar.com,thestar.com,2022,False
ca2d8a74716d6a36703b3fb44afe8f34130ce705005f579038653fcb9efffc9c,Have your say: Would you like to see Toronto expropriate vacant housing from corporate landlords to create more affordable housing?,https://www.thestar.com/news/gta/2021/12/06/have-your-say-would-you-like-to-see-toronto-expropriate-vacant-housing-from-corporate-landlords-to-create-more-affordable-housing.html,2021-12-06,en,thestar.com,thestar.com,2021,False
42cd3a917450e896079cf5574fc68b2b116802baa62fba1b7c19d98a4ade50da,HBC sues landlord alleging breach of lease,https://www.winnipegfreepress.com/business/hbc-sues-landlord-of-yorkdale-square-one-claiming-failure-to-run-first-class-malls-572888831.html,2020-10-27,en,winnipegfreepress.com,winnipegfreepress.com,2020,False
428ddd7e1d33c381844818a93e98f79fb65387284374dd5f81ce0c39bfdaa3ff,"HBC sues landlord of Yorkdale, Square One claiming failure to run 'first class' malls",https://toronto.ctvnews.ca/hbc-sues-landlord-of-yorkdale-square-one-claiming-failure-to-run-first-class-malls-1.5163283,2020-10-27,en,ctvnews.ca,ctvnews.ca,2020,True
a7384c754d01bbe13b52dff37a48ee9d4dd6626f9e71464a62b589bdf38a67d8,"HBC sues landlord of Yorkdale, Square One claiming failure to run ‘first class’ malls",https://www.thestar.com/business/2020/10/27/hbc-sues-landlord-of-yorkdale-square-one-claiming-failure-to-run-first-class-malls.html,2020-10-27,en,thestar.com,thestar.com,2020,True
22b7779509f79c7964e603da6b787997c743c74feff2cad745bc69d42e3d5127,"HBC sues landlord, alleging breach of lease",https://www.brandonsun.com/business/breaking-news/hbc-sues-landlord-of-yorkdale-square-one-claiming-failure-to-run-first-class-malls-572888831.html,2020-10-27,en,brandonsun.com,brandonsun.com,2020,False
7759acdac5d58d21c2cfc642353867e65e660948c2d53fa45cd27fea376c22c1,He was evicted after his landlord was accused of running a pot shop. Now he's fighting back,https://www.cbc.ca/news/canada/toronto/pot-eviction-jeffrey-brodie-legal-1.5224202?cmp=rss,2019-07-24,en,cbc.ca,cbc.ca,2019,False
68ca0b938f2e33df180223d79f72444d4f9dbe40d31150ed279eb4e51950ae07,"He was evicted and his home was later listed on Airbnb. Meanwhile, his landlord hosted a charity event to end homelessness",https://www.thestar.com/real-estate/he-was-evicted-and-his-home-was-later-listed-on-airbnb-meanwhile-his-landlord-hosted/article_72c86bde-e162-11ee-b6d0-e3e7190ad965.html,2024-05-12,en,thestar.com,thestar.com,2024,True
00092fcc9da3baf287f474fe9eabb84a38713e75ca726dc45db666cec48f4e79,He was wrongfully kicked out of his apartment. Why hasn't his landlord been fined?,https://www.cbc.ca/news/canada/newfoundland-labrador/nl-residential-tenancies-fines-allan-kitonsa-1.7029102?cmp=rss,2023-11-15,en,cbc.ca,cbc.ca,2023,False
0da292d4f21b42de9d5c1bcabc483cd5869c5d437124a16422287ff36fbf80a1,Health officials order Banff landlord to clean up rental home with dozens of tenants,https://calgary.ctvnews.ca/health-officials-order-banff-landlord-to-clean-up-rental-home-with-dozens-of-tenants-1.6019446,2022-08-08,en,ctvnews.ca,ctvnews.ca,2022,False
3243bc030203564810f4125ca4b308a76e859f938e08eb58f9c69c24f312bf89,Health unit still searching for supervised injection site landlord,https://windsorstar.com/news/local-news/health-unit-still-searching-for-supervised-injection-site-landlord,2020-08-24,en,windsorstar.com,windsorstar.com,2020,False
0e744723bc4fb01f104916f91612de53cdbbb700e50d4afb81f01356deff321e,"Hearings to begin in landlords’ appeal over Toronto rules for Airbnb, other short-term rentals",https://www.thestar.com/news/gta/2019/08/26/hearings-set-to-begin-in-landlords-appeal-over-toronto-rules-for-airbnb-other-short-term-rentals.html,2019-08-26,en,thestar.com,thestar.com,2019,False
7baf512e4f4f87edee5666d889403105efc2fd264e24c5c2ec62f51737a7cac6,"Heat wave creates AC ‘guessing game’ for Winnipeg landlords, tenants",https://globalnews.ca/news/11177404/winnipeg-heat-apartments-air-conditioning/,2025-05-13,en,globalnews.ca,globalnews.ca,2025,False
13663bd8003dacaa2ea6b937b7e659dcfb8735e9dcedb497428d56be5f76d5dc,Her landlord didn’t tell her the home she rented had lead pipes — and he didn’t have to,https://www.thestar.com/news/investigations/2019/11/04/her-landlord-didnt-tell-her-the-home-she-rented-had-lead-pipes-and-he-didnt-have-to.html,2019-11-04,en,thestar.com,thestar.com,2019,False
4d1840456495c39963c97ba24cee8b854c95e53667fd52241e5bcbe703d0ef0c,Her landlord didn’t tell her the home she rented had lead pipes — and he didn’t have to,http://globalnews.ca/news/6145463/landlord-lead-pipes/,2019-11-08,en,globalnews.ca,globalnews.ca,2019,False
76d8f846b353b879f63ff30c274da9f61e2eb8279c61392c1123ddfec237c05a,Here's how much B.C. landlords can increase rent by next year,https://bc.ctvnews.ca/here-s-how-much-b-c-landlords-can-increase-rent-by-next-year-1.5091539,2020-09-03,en,ctvnews.ca,ctvnews.ca,2020,False
b42f81f72e80b833372eb5d8f89cd937dc9195caa98c9ddd86a5efdae297875e,Here's how much B.C. landlords can increase rent by next year,https://bc.ctvnews.ca/here-s-how-much-b-c-landlords-can-increase-rent-by-next-year-1.5577183,2021-09-08,en,ctvnews.ca,ctvnews.ca,2021,False
385743873ccc51e0ee9890fe3b52c2fc35e8a8765bcd165631df900309b884b7,Here's why more tenants should request reference letters from landlords,https://www.ctvnews.ca/canada/here-s-why-more-tenants-should-request-reference-letters-from-landlords-1.5850299,2022-04-06,en,ctvnews.ca,ctvnews.ca,2022,False
852df0ff5ebb015919894aeafa26bf5865d3bb428f2c6625235df7327d884cad,Hidden camera catches landlord demanding cash just for a rental application form,http://www.cbc.ca/news/canada/toronto/landlords-charging-for-application-fee-1.4007281?cmp=rss,2017-03-02,en,cbc.ca,cbc.ca,2017,False
8bd425a03836171bd9784ebecc939c0797a8e06b21034b4bbce4910b3524dd73,"Hidden cameras catch Vancouver landlords asking for sex, not rent",http://bc.ctvnews.ca/hidden-cameras-catch-vancouver-landlords-asking-for-sex-not-rent-1.3091626,2016-09-27,en,ctvnews.ca,ctvnews.ca,2016,False
cbba0137627bfde73d540b5f7d687ffb8b20f3200476977918529d1dc4937d66,High stakes: Manitoba landlord group worried about damage from pot growing,http://www.cbc.ca/news/canada/manitoba/manitoba-landlords-pot-concerns-1.4072598?cmp=rss,2018-11-14,en,cbc.ca,cbc.ca,2018,False
c352e01af5b289647f0dcb8d67a89d0eb266e2097de68c0d4954e2b1f1a49733,Historian: Nazi leader Hitler once had Jewish landlord,http://www.timescolonist.com/historian-nazi-leader-hitler-once-had-jewish-landlord-1.14657240,2017-04-09,en,timescolonist.com,timescolonist.com,2017,True
c02ecf527b022936d03c7455d9e4ee4afac9acd1825a7ca8d2de78f401903591,Hit the road: Alberta landlord wins battle to boot squatter from property,http://nationalpost.com/pmn/news-pmn/canada-news-pmn/hit-the-road-alberta-landlord-wins-battle-to-boot-squatter-from-property,2017-11-07,en,nationalpost.com,nationalpost.com,2017,True
b2efe0ab4b8242c67e63c411201f4e3298b536e73a19a8144651d0d83087113b,Hit the road: Cardston landlord wins battle to boot squatter from property,http://calgaryherald.com/news/local-news/hit-the-road-cardston-landlord-wins-battle-to-boot-squatter-from-property,2017-11-08,en,calgaryherald.com,calgaryherald.com,2017,False
d8ea932e8aea175b75b1427c4b24dfee43a6409da2a2e882aa1512620500f60d,Home to tenants and absentee landlords?,http://www.standard-freeholder.com/2017/10/31/is-cornwall-destined-to-be-a-home-to-tenants-and-absentee-landlords,2017-10-31,en,standard-freeholder.com,standard-freeholder.com,2017,False
42518c6c5e8c52d3ce8851b71dd90b1eb0b86d2a1b865aa7076db45f51053af3,Homeless advocacy groups try to recruit landlords for affordable housing,https://www.cbc.ca/news/canada/new-brunswick/landlords-affordable-housing-fredericton-1.5030193?cmp=rss,2019-02-26,en,cbc.ca,cbc.ca,2019,False
ac4aea6ff6122dd7b63ff08f1482fe892e8311a8b2d70b6b5d1a8828700de161,Homeless landlord finally home as court sheriff evicts problematic tenants,https://www.thestar.com/news/gta/homeless-landlord-finally-home-as-court-sheriff-evicts-problematic-tenants/article_e032d829-acb8-5559-9107-2a242da029b7.html,2024-09-27,en,thestar.com,thestar.com,2024,True
49fe5276b702516233411f39f32de2ca332bc8ff5c95d4ceb0fc37b97741b662,Homeless landlord still dealing with fallout from tenant eviction,https://www.thespec.com/news/hamilton-region/homeless-landlord-still-dealing-with-fallout-from-tenant-eviction/article_a28ddc2f-7ea2-5324-99f9-fff291f6bda4.html,2024-10-21,en,thespec.com,thespec.com,2024,False
776f02a59d1226395e5b9fc9d241c53e5a999f91f89b6b687d1cc9aa05e3102a,Homeless landlord still homeless as tenants ignore tribunal-ordered eviction,https://www.thestar.com/news/gta/homeless-landlord-still-homeless-as-tenants-ignore-tribunal-ordered-eviction/article_0e190cdd-448e-59ae-9d3f-95210380ac91.html,2024-09-21,en,thestar.com,thestar.com,2024,True
2e298889d9e579c7c1976ed22fae1dbf9691c0f46e0b330d91ea697d1e43b477,Homeowner grant for landlords is unfair,http://www.timescolonist.com/opinion/letters/homeowner-grant-for-landlords-is-unfair-1.23139401,2018-01-09,en,timescolonist.com,timescolonist.com,2018,False
4413d7fb367d2fddf7277df9c61454ca97b4f8d45b57d2ab17670c895e747991,"Homophobic Facebook posts, threats against landlords at heart of $18,000 ruling against Quebec City tenants",https://montreal.ctvnews.ca/homophobic-facebook-posts-threats-against-landlords-at-heart-of-18-000-ruling-against-quebec-city-tenants-1.4657548,2019-10-27,en,ctvnews.ca,ctvnews.ca,2019,False
7c945f4c583f8e287efa7cb872b8ac475743b2cce7c722e5118e2227af20bf14,Hong Kong Central’s Biggest Landlord Signs Crypto Firm as Tenant,https://www.bnnbloomberg.ca/hong-kong-central-s-biggest-landlord-signs-crypto-firm-as-tenant-1.1652271,2021-09-14,en,bnnbloomberg.ca,bnnbloomberg.ca,2021,False
42cf4f053098050183c9e8fd2e0c5ddbb31d0ab82a511be00f1896a8fa5ce6bb,Hong Kong Landlord Converts Upscale Office to Co-working Space,https://www.bnnbloomberg.ca/hong-kong-landlord-converts-upscale-office-to-co-working-space-1.1617526,2021-06-15,en,bnnbloomberg.ca,bnnbloomberg.ca,2021,False
662a4580d94079be795832c5b407dc6f8b3f6bb0d77cdcd1d6edad6189db63ba,"Housebound tenants, landlords face dilemma as April 1 rent looms",https://canoe.com/news/national/housebound-tenants-landlords-face-dilemma-as-april-1-rent-looms,2020-03-25,en,canoe.com,canoe.com,2020,False
9bb210735214642ff40c4d8bef832ee3dbe6f5b54236a58a448311049c01abd5,Housing advocates picket outside West Vancouver home of Maple Ridge apartment building landlord,http://www.bclocalnews.com/news/housing-advocates-picket-outside-west-vancouver-home-of-maple-ridge-apartment-building-landlord/,2021-03-02,en,bclocalnews.com,bclocalnews.com,2021,False
3a344868f18c30bc6917aa1f423cd96e0b415c01c456756c5fc013c70a95e09d,Housing advocates rally over ‘fraudulent landlord-use evictions’ in New Westminster,https://globalnews.ca/news/9865519/housing-advocates-rally-over-fraudulent-landlord-use-evictions-in-new-westminster/,2023-07-29,en,globalnews.ca,globalnews.ca,2023,False
480f78e0a25ad41e7c1ef49ebb1f23b7ba5982bb56ffd3a830d4760b54141a53,"Housing advocates, landlords praise loosened rules proposed for secondary suites",https://www.cbc.ca/news/canada/toronto/housing-advocates-landlords-praise-loosened-rules-proposed-for-secondary-suites-1.5060982,2017-04-25,en,cbc.ca,cbc.ca,2017,True
156f8e56ffed9a6c564f6308c0dc0cb58d1e333e227ef99910bceccb265eab18,"Housing first model good for landlords, essential for vulnerable people, homelessness conference hears",http://www.cbc.ca/news/canada/manitoba/housing-first-landlords-1.4371933?cmp=rss,2019-01-22,en,cbc.ca,cbc.ca,2019,False
4565767ad69240d2880fef50e32a84593b124ec95fd4d89d003acc0cbd9c1b1d,Housing group brings renters' troubles with corporate landlords to review panel,https://www.kelownadailycourier.ca/news/national_news/article_11c02820-400f-5055-9d23-71f662adbe10.html,2023-10-30,en,kelownadailycourier.ca,kelownadailycourier.ca,2023,False
2e51a9e6f82e56358fa1dc8a7f083773fc3320d616ddc7fc7985efea4a374308,Housing group brings renters’ troubles with corporate landlords to review panel,https://www.nationalnewswatch.com/2023/10/30/housing-group-brings-renters-troubles-with-corporate-landlords-to-review-panel-2/,2023-10-30,en,nationalnewswatch.com,nationalnewswatch.com,2023,False
49481c6de774ed8f59b8fa5a5b5b2c4601c0b4cfc9b169fea4d98945069f76fd,"Housing group says racial, social discrimination rampant among landlords",https://montreal.ctvnews.ca/housing-group-says-racial-social-discrimination-rampant-among-landlords-1.4465802,2019-06-13,en,ctvnews.ca,ctvnews.ca,2019,False
b90ff0fd6fda8533b69e2fd1ec00f1620294e43fbe577ac5ae14606b57bb8f8f,Housing group wants city to license landlords,https://www.cbc.ca/news/canada/ottawa/ottawa-rental-accommodation-study-survey-1.5261705?cmp=rss,2015-12-03,en,cbc.ca,cbc.ca,2015,False
e8833ee4e1d7f1ecd4b272d91e1a85529c8da21010016eadf93a67dd3ec98df0,"Housing groups sue Facebook for allegedly allowing landlords, real estate companies to discriminate",https://www.thestar.com/news/world/2018/03/28/housing-groups-sue-facebook-for-allegedly-allowing-landlords-real-estate-companies-to-discriminate.html,2018-03-28,en,thestar.com,thestar.com,2018,False
5234b639f86acfd1acb4c480f72a3752a70395c64be88ea3e67e8de734d081ff,"Housing rights groups call for suspension of rents as tenants, landlords work out deals",https://montreal.ctvnews.ca/housing-rights-groups-call-for-suspension-of-rents-as-tenants-landlords-work-out-deals-1.4873434,2020-03-29,en,ctvnews.ca,ctvnews.ca,2020,False
fc605ef2e809c408d4000db2d36f0911a3b138231ce9fd856308d73c9f92e9e4,Housing shortage forcing employers to be landlords,https://tj.news/telegraph-journal/101920225?ref=rss,2022-07-16,en,tj.news,tj.news,2022,False
c47d7ec742a0a5dc02576ae9a9c136067a21a822aa2c8cbbf8b27ebd32f03b44,"Housing strategy not enough: tenants’ advocates, landlords",https://tj.news/telegraph-journal/102133637?ref=rss,2023-06-29,en,tj.news,tj.news,2023,False
441293def430086621bf19805c1f74e57b7b4d504b8e6cb7682dbf58ef4a2308,Housing: The rights and responsibilities of tenants and landlords,https://www.sherbrookerecord.com/housing-the-rights-and-responsibilities-of-tenants-and-landlords/,2025-04-07,en,sherbrookerecord.com,sherbrookerecord.com,2025,False
ec3864b4be09ebbd6c40eb96084f9407f2f3b16a655bc8c7070ae8a245e07cae,How 'financialized' landlords may be contributing to rising rents in Canada,https://www.cbc.ca/news/financialized-landlord-higher-rents-canada-1.7307015?cmp=rss,2024-08-28,en,cbc.ca,cbc.ca,2024,False
c37ab7ed745cd310c7209d69bc23e93277fe42f6d11f61f6235b3fa70cce0371,How 5 key tenancy reforms are affecting renters and landlords around Australia,https://theconversation.com/how-5-key-tenancy-reforms-are-affecting-renters-and-landlords-around-australia-187779,2022-08-24,en,theconversation.com,theconversation.com,2022,False
81fda705c4929ed9ae420cf1f3f78855f19fc7775e3f6376084431310899199e,"How a Hamilton tenant used contempt of court to force landlord to pay $4,000 for 'bad-faith' eviction",https://www.thespec.com/news/hamilton-region/2019/04/10/how-a-hamilton-tenant-used-contempt-of-court-to-force-landlord-to-pay-4-000-for-bad-faith-eviction.html,2019-04-10,en,thespec.com,thespec.com,2019,False
be1883630400fd0bb5c31e697642da453e4b4ba474e6b577aafcd69dab6a17dd,How a Winnipeg landlord beat the idea that rooming houses can never be safe,http://www.cbc.ca/news/canada/manitoba/west-broadway-rooming-house-1.4550684?cmp=rss,2018-02-24,en,cbc.ca,cbc.ca,2018,False
14d39cc3d9173fa8e20d8f5d6f2625024901504bc8c04427dd9efb98956b0719,How can renters and landlords protect themselves from scams?,https://www.thestar.com/news/gta/2019/11/08/how-can-renters-and-landlords-protect-themselves-from-scammers.html,2019-11-08,en,thestar.com,thestar.com,2019,False
f354fb5c0a8fb3d1c28f7ea81f1d71215dd2379df81e18e7f145daa77340b650,How corporate landlords are eroding affordable housing — and prioritizing profits over human rights,https://theconversation.com/how-corporate-landlords-are-eroding-affordable-housing-and-prioritizing-profits-over-human-rights-215582,2023-10-19,en,theconversation.com,theconversation.com,2023,False
8b757a1a14e0b64f40b72c28dd8cd2eaf7f7ce0c913fb45b0572b533a56ac1e1,How German landlord Adler ended up target of raid,https://tj.news/national-post/102133858?ref=rss,2023-06-29,en,tj.news,tj.news,2023,False
24e2ba0ba621b7c0327f7072d34aa5ccbc69acb2b7b5dadc46e97b79e779408b,How landlords handle rent during COVID-19,https://www.ctvnews.ca/video?clipId=1932392,2020-04-01,en,ctvnews.ca,ctvnews.ca,2020,False
35233def552588b51a0cba697385478474600a7b87d24b1844931838e9e59d13,How landlords operate is everyone’s business,https://www.timescolonist.com/opinion/letters/how-landlords-operate-is-everyone-s-business-1.23548995,2018-12-20,en,timescolonist.com,timescolonist.com,2018,False
a58d146b9423307293ffcc72dad3e4c5f8acd14693809f349cb243860df01ae3,How new renters’ rights could drive landlords out of the market,https://theconversation.com/how-new-renters-rights-could-drive-landlords-out-of-the-market-267671,2025-10-24,en,theconversation.com,theconversation.com,2025,False
d8db57cfa8e9bed91b19842cfe80f4c64d51a37582dc9fec83e1c5cc218211c4,How one of Yellowknife’s larger landlords sees the city’s housing market,https://www.thespec.com/news/canada/how-one-of-yellowknifes-larger-landlords-sees-the-citys-housing-market/article_295d822a-3fd8-5af5-a1e2-252c82aae4f5.html,2025-02-18,en,thespec.com,thespec.com,2025,True
f16876eabe018112f0bbaa7847bb7ab45b0e86e059e07e53064d7d8e909850a1,How P.E.I. landlords are preparing for pot to be legal,http://www.cbc.ca/news/canada/prince-edward-island/pei-landlords-marijuana-smoking-policies-1.4565017?cmp=rss,2018-06-19,en,cbc.ca,cbc.ca,2018,False
5d293dad6a8d7714833022c820847758866654a9ec4b4258a02d81db4f47c4f2,How tenants can assert their rights in disputes with landlords,https://www.cbc.ca/news/canada/manitoba/tenants-rights-how-to-1.5078287?cmp=rss,2019-03-30,en,cbc.ca,cbc.ca,2019,False
e1e18de757b905ac43ea51c00495dc3132907d3032a571cc8ada2a239a7c4ad4,How to be a good landlord or tenant in Nelson,http://www.bclocalnews.com/news/how-to-be-a-good-landlord-or-tenant-in-nelson/,2020-11-13,en,bclocalnews.com,bclocalnews.com,2020,False
9a64b6b3200f440c9916aeedcb5eaf6aaca8018ab2032781a90a86634930199f,How to make yourself desirable to a landlord even with past credit trouble,http://theprovince.com/opinion/columnists/how-to-make-yourself-desirable-to-a-landlord-even-with-past-credit-trouble,2018-06-18,en,theprovince.com,theprovince.com,2018,False
5985431720fdff95aa4ba9f105ed77183d8d75455946548ba32d6184ce0bd4bd,How to protect yourself from imposter landlords,http://www.cbc.ca/news/canada/montreal/how-to-protect-yourself-from-imposter-landlords-1.3568973?cmp=rss,2018-12-07,en,cbc.ca,cbc.ca,2018,False
c3b57926fdc76032c4f5271afcbd8109eafa5dae2b238c6c7b9de3b4460f9068,How to sell your landlord on a rental reno,https://www.brandonsun.com/business/breaking-news/rental-renovation-how-to-budget-and-sell-your-landlord-on-apartment-upgrades-567355302.html,2020-01-28,en,brandonsun.com,brandonsun.com,2020,False
51ea4f5d1ffeef31627d7604d6d7a6430c24724bccee1510feb0ebec2aa6b06e,How ‘antagonism and a lot of mistrust’ is driving a wedge between landlords and tenants,https://www.thestar.com/news/gta/2019/09/08/how-antagonism-and-a-lot-of-mistrust-is-driving-a-wedge-between-landlords-and-tenants.html,2019-09-08,en,thestar.com,thestar.com,2019,False
6f7188098475e0bca4346049081ae67ecc0071909cac3f6fd40f8639607d2ded,Hudson's Bay and landlords fighting over rent,https://www.timescolonist.com/business/hudson-s-bay-and-landlords-fighting-over-rent-1.24242649,2020-11-20,en,timescolonist.com,timescolonist.com,2020,False
93bbb56b761ae73061cf20515fc8bb71c86b86b420c59581dc80c7b6833fecb4,Hudson's Bay asks court to force landlords to let B.C. billionaire take over leases,https://www.winnipegfreepress.com/business/2025/07/29/hudsons-bay-asks-court-to-force-landlords-to-let-b-c-billionaire-take-over-leases,2025-07-29,en,winnipegfreepress.com,winnipegfreepress.com,2025,False
26c3078fa5865af431894c2f99b43c6fc7b4b8858d22a7da940a724f1adcfd98,Hudson's Bay landlords back in court arguing that Ruby Liu has insufficient funds,https://www.cbc.ca/news/canada/british-columbia/hudson-s-bay-landlords-claim-ruby-liu-has-insufficient-funds-1.7621186?cmp=rss,2025-08-29,en,cbc.ca,cbc.ca,2025,False
dee67666121e6c5f21e50502837b5f3644670294868c6df32ae92383da7fdde8,"Hudson's Bay landlords don't want Liu to move in, but retailer still has a shot",https://www.winnipegfreepress.com/business/2025/06/28/hudsons-bay-landlords-dont-want-liu-to-move-in-but-retailer-still-has-a-shot,2025-06-28,en,winnipegfreepress.com,winnipegfreepress.com,2025,False
7b6744a040a4720bd078cfd89ff2c52a977cae1196d77d1b2f29338ef06c80d1,"Hudson's Bay landlords don't want Ruby Liu to move in, but B.C. businesswoman still has a shot",https://www.cbc.ca/news/canada/british-columbia/ruby-liu-hudsons-bay-leases-1.7573682?cmp=rss,2025-06-28,en,cbc.ca,cbc.ca,2025,False
fc02b22587f013b0ce1d75ad7e30d3b938910658386d581a24bff0572452b447,"Hudson's Bay store in Coquitlam has defaulted on rent, landlord takes possession",https://bc.ctvnews.ca/hudson-s-bay-store-in-coquitlam-has-defaulted-on-rent-landlord-takes-possession-1.5199603,2020-11-21,en,ctvnews.ca,ctvnews.ca,2020,False
89f6d5c9892bde7cedd646a428d28c22ba25e32ba3eb97fef82077472c31cea4,Hudson's Bay takes landlords to court over billionaire's lease takeover,https://www.cbc.ca/news/canada/edmonton/hudsons-bay-ccaa-leases-1.7597195?cmp=rss,2025-07-30,en,cbc.ca,cbc.ca,2025,False
79652d8a64b590dae14d3381cb0bfc4a340b633768950219159cbcb581f83e9e,"Hudson's Bay wants to sell leases to billionaire to appease lender's cash demands, landlords charge",https://www.cbc.ca/news/canada/british-columbia/hudsons-bay-ruby-liu-1.7618522?cmp=rss,2025-08-26,en,cbc.ca,cbc.ca,2025,False
f9ae4f143b3923a40a1d4e866fdf78e0611681b6a4d5d82704b22fa5b393bc82,Hudson's Bay wants to sell leases to billionaire to appease lender: landlords,https://www.winnipegfreepress.com/business/2025/08/26/hudsons-bay-wants-to-sell-leases-to-billionaire-to-appease-lender-landlords,2025-08-26,en,winnipegfreepress.com,winnipegfreepress.com,2025,False
72363e9076bf8626b08b1c48299727f83450bb20a1e2557b4c931a9c2ae5245c,Hudson's Bay will give properties back to landlords after B.C. billionaire Ruby Liu lost bid,https://www.cbc.ca/news/canada/british-columbia/ruby-liu-hudsons-bay-leases-hudsons-bay-9.6965439?cmp=rss,2025-11-03,en,cbc.ca,cbc.ca,2025,False
3b2d2b2d16702baeaeed7fe9f517a43df17800c785a2a0ce9d803ad71ba6c0a6,"Hudson's Bay, lender say landlords fighting Ruby Liu because of 'ulterior motives'",https://www.winnipegfreepress.com/business/2025/08/22/hudsons-bay-lender-say-landlords-fighting-ruby-liu-because-of-ulterior-motives,2025-08-22,en,winnipegfreepress.com,winnipegfreepress.com,2025,False
88ada34df2b6446726638cde0e5f33b62004b88a8504bcc9c85581f87345fdb7,Hudson’s Bay asks court to force landlords to let B.C. billionaire take over leases,https://www.thestar.com/business/hudsons-bay-asks-court-to-force-landlords-to-let-b-c-billionaire-take-over-leases/article_9360e388-c042-5fdb-8008-f9e4f08471d2.html,2025-07-29,en,thestar.com,thestar.com,2025,True
5d08241517c3c00a4fca70d9383a0d2ca89915943b911212967535ed53d7307d,"Hudson’s Bay heads back to court as talks with landlords, lenders progress",https://www.theglobeandmail.com/business/article-hudsons-bay-company-creditor-protection-court/,2025-03-19,en,theglobeandmail.com,theglobeandmail.com,2025,False
675659e2694019f88ed8e3290465b1cb14f9d62e1a69c2dfd8d1d7c9be999e79,"Hudson’s Bay in Coquitlam shuttered, landlord says it defaulted on rent",https://globalnews.ca/news/7478081/coquitlam-hudsons-bay-closed/,2020-11-22,en,globalnews.ca,globalnews.ca,2020,False
12dff8a2d5b423a576c297fbec49f8f720c874b176bf477474e6782f1473b0dd,"Hudson’s Bay landlord RioCan calls CCAA filing ‘disappointing’, makes plans for any vacated space",https://www.theglobeandmail.com/business/article-hudsons-bay-company-riocan-creditor-protection/,2025-03-19,en,theglobeandmail.com,theglobeandmail.com,2025,False
c0152a5f6a74453eafcbbfc5403a581f5749ae1f562154b67a71127cc2521e0e,"Hudson’s Bay landlords don’t want Liu to move in, but retailer still has a shot",https://www.thestar.com/business/hudsons-bay-landlords-dont-want-liu-to-move-in-but-retailer-still-has-a-shot/article_1315a47f-8494-5a0a-9143-9c31de6b3f25.html,2025-06-28,en,thestar.com,thestar.com,2025,True
260eb2f01c3cf5cda3f8a5fc3a744959b2e37c7493aef0951af93f3dc252e14c,Hudson’s Bay landlords fighting transfer of leases to B.C. billionaire leave court with no decision Friday,https://www.thestar.com/business/hudsons-bay-landlords-fighting-transfer-of-leases-to-b-c-billionaire-leave-court-with-no/article_42c975d5-2cc3-4be6-a5a8-d16a3cf35812.html,2025-08-29,en,thestar.com,thestar.com,2025,True
43e4cd0cb02f16ae76c7d6d8d3777360061dd6c7f78ce1cbbaf592933cbc534a,Hudson’s Bay landlords to get back properties B.C. billionaire wanted: retailer,https://www.thestar.com/business/hudsons-bay-landlords-to-get-back-properties-b-c-billionaire-wanted-retailer/article_ea6d4733-d589-56d0-9df4-bfd96a65471c.html,2025-11-03,en,thestar.com,thestar.com,2025,True
72fdaee1c0379d2a905c3f9209a569cd503b9df67b5a31a94bb56245e44bb9cd,Hudson’s Bay lease sale to Ruby Liu is driven by lender’s push to recover cash: landlords,https://www.theglobeandmail.com/business/article-hudsons-bay-hbc-landlords-ruby-liu-lender/,2025-08-26,en,theglobeandmail.com,theglobeandmail.com,2025,False
6a73b0d8be09cdf54448a20edaabd27941b9a5a292aad611b5882808ac461746,"Hudson’s Bay lenders should not be given control over restructuring, landlords argue",https://www.theglobeandmail.com/business/article-hudsons-bay-lenders-should-not-be-given-control-over-restructuring/,2025-03-27,en,theglobeandmail.com,theglobeandmail.com,2025,False
6277ecc4e3b9c3b919b2630d9f0ff999f7b32d688329b4db01f2706b0186638d,"Hudson’s Bay to change its name, landlords express ‘concern’ over lease deal",https://www.theglobeandmail.com/business/article-hudsons-bay-to-change-its-name-landlords-express-concern-over-lease/,2025-06-18,en,theglobeandmail.com,theglobeandmail.com,2025,False
ae49420451a81464b2b2b9e463709407778315f39464db8fc8fce878e5254c0c,Hudson’s Bay wants to sell leases to billionaire to appease lender: landlords,https://www.thestar.com/business/hudsons-bay-wants-to-sell-leases-to-billionaire-to-appease-lender-landlords/article_1ae4b126-91dc-5982-8517-e55409adad16.html,2025-08-26,en,thestar.com,thestar.com,2025,True
5e75d7c09558926cdd8034650771ae4eb0195efaa693dbac2853bf47b22eb2fe,"Hudson’s Bay, lender say landlords fighting Ruby Liu because of ‘ulterior motives’",https://www.thestar.com/business/hudsons-bay-lender-say-landlords-fighting-ruby-liu-because-of-ulterior-motives/article_cbb55927-686d-5280-b9ee-858c3a9efaaf.html,2025-08-22,en,thestar.com,thestar.com,2025,True
e6981264fc9bce65a61d9213bf5f262e169e6762614c1593fa001dfd25ea92de,"Hudson’s Bay, lender say landlords have ‘ulterior motives’ to fight Ruby Liu’s lease bids",https://www.theglobeandmail.com/business/article-hudsons-bay-pathlight-capital-ruby-liu-leases-landlords/,2025-08-22,en,theglobeandmail.com,theglobeandmail.com,2025,False
39efa6dff23d1856f392eb04234c97753a571927ae5cdf5acc1b28e1b5e83dd6,"HUGS AND SLUGS: Great service, bad landlords",http://www.bclocalnews.com/opinion/hugs-and-slugs-great-service-bad-landlords/,2020-10-31,en,bclocalnews.com,bclocalnews.com,2020,False
4da3db5a60b9869550850c8506146d933045a5dd972da947d23daf27d9d62953,Human rights complaint against landlord,https://vancouverisland.ctvnews.ca/video?clipId=2867604,2024-02-14,en,ctvnews.ca,ctvnews.ca,2024,False
7f19a746c27b58f23259c315099c5b6a382922ce3bf34b26bf5a6d96465e90e6,Human rights complaint against Whitehorse landlord thrown out,http://www.cbc.ca/news/canada/north/yukon-human-rights-commission-landlord-tenant-marijuana-1.4028690?cmp=rss,2015-11-19,en,cbc.ca,cbc.ca,2015,False
b1560df7d838ac8cfda76163075da6cd1c4fa2ff6fd115fa6bbb391d13663375,"Human rights panel orders Winnipeg landlord to pay tenant for racist, sexist remarks",https://winnipeg.ctvnews.ca/human-rights-panel-orders-winnipeg-landlord-to-pay-tenant-for-racist-sexist-remarks-1.5264159,2021-01-12,en,ctvnews.ca,ctvnews.ca,2021,True
e0ce41311bc7e46a338b56b090106f591ca586a9d7074aae1da1de710e99469a,"Human rights panel orders Winnipeg landlord to pay tenant for racist, sexist remarks",https://winnipegsun.com/news/local-news/human-rights-panel-orders-winnipeg-landlord-to-pay-tenant-for-racist-sexist-remarks,2021-01-13,en,winnipegsun.com,winnipegsun.com,2021,False
daa5eb0eb055e3bca4e2a27f77a606dd2f61021b4a5b06bc4b9d24368c8fed34,Human rights tribunal orders landlord pay former tenant $23K,https://bc.ctvnews.ca/human-rights-tribunal-orders-landlord-pay-former-tenant-23k-1.4842859,2020-03-06,en,ctvnews.ca,ctvnews.ca,2020,False
7ec3b3da0dfa0a68b9516fae07f65d114664f23a39b5389656fa5459194eb328,"Human Rights Tribunal rules Brampton landlord must pay Muslim couple $12,000",http://www.torontosun.com/2017/04/26/human-rights-tribunal-rules-brampton-landlord-must-pay-muslim-couple-12000,2017-04-26,en,torontosun.com,torontosun.com,2017,True
24d8ecceb7bbd45be357442c85d329b9a73ee92a6160b3e6040476af94f06896,Humanity Project's landlord prepared to issue vacate order to spur sale,http://www.cbc.ca/news/canada/new-brunswick/mca-building-sale-humanity-project-1.3984775?cmp=rss,2017-02-15,en,cbc.ca,cbc.ca,2017,False
bd03f75d9dec2de6f6956bf78912d7322924b39fab9a40160ec27bb376b83074,"Hunter Biden failed to pay $300K in rent, California landlord reveals after presidential pardon",https://thepostmillennial.com/hunter-biden-failed-to-pay-300k-in-rent-california-landlord-reveals-after-presidential-pardon,2024-12-02,en,thepostmillennial.com,thepostmillennial.com,2024,False
9fd6e5ddaa71b49ad7f88fac46f1fa96b16a94c9c849d44d4a33981c62c49cfe,"Huntsville landlord pleads guilty to failing to install smoke, carbon monoxide alarms",https://globalnews.ca/news/7697417/huntsville-landlord-pleads-guilty-failing-to-install-smoke-carbon-monoxide-alarms/,2021-03-15,en,globalnews.ca,globalnews.ca,2021,False
16c55a4ca7d1c9226a40efcf88fe7fb7e6e6342b2bf91d400c0b9947c1b535c4,I almost passed out when I read it': Landlords hit with big tax hikes,http://www.cbc.ca/news/canada/new-brunswick/tax-assessment-apartment-buildings-1.4030690?cmp=rss,2017-03-17,en,cbc.ca,cbc.ca,2017,False
c6d507b1b5cc86d28b58c54a47b0819a2443a2b779d60a031abd78b6318b45da,"I didn't even know people like her existed,' Toronto-area landlord says of 'nightmare' tenant",https://www.cbc.ca/news/canada/toronto/vaughan-landlord-speaking-out-about-tenant-1.5126515?cmp=rss,2019-05-07,en,cbc.ca,cbc.ca,2019,False
13cc00f431355b214ca25e80188b0d5a99eafa0eb0091d795a701d01e42e5766,"I don't feel safe': This woman's among Ontario tenants accusing landlord of illegally shutting power, threats",https://www.cbc.ca/news/canada/thunder-bay/tenants-accused-landlord-shutting-power-thunder-bay-1.7395779?cmp=rss,2024-12-08,en,cbc.ca,cbc.ca,2024,False
583e9bb7d4d9caffec3c7a978d8a0b29e2029dbf1cf703a7f128360d987a0b40,I don't want anyone to go': Fredericton landlord must evict up to 6 tenants,http://www.cbc.ca/news/canada/new-brunswick/rooming-house-amendment-denied-1.4105805?cmp=rss,2017-04-25,en,cbc.ca,cbc.ca,2017,False
740f8872f5592ce537ebc7bcab9d275ed3189659b7ba27d669c5c50250595a3d,I Rent it Right!' optional landlord registry promises to make renting in B.C. safer,http://www.cbc.ca/news/canada/british-columbia/landlord-registry-coming-to-b-c-but-will-it-help-1.3250630?cmp=rss,2018-05-24,en,cbc.ca,cbc.ca,2018,False
84b1d458822c75b2e3de24746683d6455ffe61cd7ad9f6d61eff729c2727e67c,I want to buy a house that has a tenant but I don’t want to be a landlord: Ask Joe,https://www.thestar.com/life/homes/advice/2018/06/02/get-help-learning-how-to-buy-a-house-that-has-a-tenant-ask-joe.html,2018-06-02,en,thestar.com,thestar.com,2018,False
2bbd91290494657769346d10d45c40dc107ef311ececb312d0d11bf826d74cbd,"I was shocked,' says landlord after mother, 4 kids and friend killed at Ottawa home",https://medicinehatnews.com/news/national-news/2024/03/08/i-was-shocked-says-landlord-after-mother-4-kids-and-friend-killed-at-ottawa-home/,2024-03-08,en,medicinehatnews.com,medicinehatnews.com,2024,False
bc2ab458de0e3cded023a58ee4cffe6570157062821ee8a589aeeb05db1ff028,I'm getting fed up': Trashed home leaves landlord fuming,https://tj.news/miramichi-leader/101850412?ref=rss,2022-04-19,en,tj.news,tj.news,2022,False
efa078648bac0a011ead3661b840299c2881d6ae813967063704207ff15041b4,I'm just stuck': Downtown Windsor landlord says tenant board backlog means evicted client can't be removed,https://www.cbc.ca/news/canada/windsor/landlord-tenant-board-delays-difficult-for-landlords-tenants-1.5440418?cmp=rss,2020-01-25,en,cbc.ca,cbc.ca,2020,False
3cafdfd89289b5efbd575a2ee78300f64f258c87944655cef0eaebc4f0b9ba71,"I'm trying to make up for it,' says man accused by numerous N.S. landlords of evading rent for years",https://www.cbc.ca/news/canada/nova-scotia/cole-harbour-tenant-nadav-even-har-speaks-out-1.5320683?cmp=rss,2019-10-03,en,cbc.ca,cbc.ca,2019,False
a616c4f1b68afb57df84589a2f6ca85f212de85220b81492ac9cc15c358259c8,I-TIP: Look up your landlord,http://www.cbc.ca/news/canada/manitoba/iteam/i-tip-look-up-your-landlord-1.4005096?cmp=rss,2017-03-01,en,cbc.ca,cbc.ca,2017,False
fe0fa2de455f8b09cb9755ad83f1a7692b83a264a3e722c8a88e0cd95a3c7d57,"Identity theft, fraud charges dropped against St. John's landlord Mike O'Dea",https://www.cbc.ca/news/canada/newfoundland-labrador/mike-o-dea-identity-theft-charges-dropped-1.5333270?cmp=rss,2015-06-05,en,cbc.ca,cbc.ca,2015,False
2698df9e3352454ffc293ba84f2ffdcf98360eb11b703d5d1bffe70534b609b1,"If Surrey has illegal suites, landlords want to know why the city collected money on them",https://globalnews.ca/news/3821020/surrey-illegal-suite-fees/,2017-10-23,en,globalnews.ca,globalnews.ca,2017,False
e65982155f27d71b9808b7e752e4c772f10e1d753ec0fe6bb65946158ae6f78c,"If your landlord wants to increase your rent, here are your rights",https://theconversation.com/if-your-landlord-wants-to-increase-your-rent-here-are-your-rights-190126,2022-09-08,en,theconversation.com,theconversation.com,2022,False
faceb8e301c2aea99fff107c71b0969ec51d7c5fd47ec2db63ea15a3a15e4f6b,Illegal Ottawa pot shop takes landlord to court to fight eviction,http://ottawacitizen.com/news/local-news/illegal-ottawa-pot-shop-takes-landlord-to-court-to-fight-eviction,2018-02-11,en,ottawacitizen.com,ottawacitizen.com,2018,False
0c1f4ae928e02afa34309f00ef974c81c3f11e7ec1ad213c7d94b1aebc31d366,Illinois landlord charged with 2023 hate crime and murder of Palestinian American boy set for trial,https://www.winnipegfreepress.com/world/2025/02/24/illinois-landlord-charged-with-2023-hate-crime-and-murder-of-palestinian-american-boy-set-for-trial,2025-02-24,en,winnipegfreepress.com,winnipegfreepress.com,2025,False
caa832e95ae4d4309fd6217c631c639f08d159aab03d0d5df4a320f209ce50c6,Illinois landlord charged with 2023 hate crime and murder of Palestinian American boy set for trial,https://www.thestar.com/news/world/united-states/illinois-landlord-charged-with-2023-hate-crime-and-murder-of-palestinian-american-boy-set-for/article_f86efb94-452d-551f-afe4-8427292a2107.html,2025-02-25,en,thestar.com,thestar.com,2025,True
46f4dc98ccb8739eed7d88ca274850382799594a0e01c17c2f64aa6e3e85f582,"Illinois landlord charged with hate crime after allegedly stabbing Muslim 6-year-old to death, wounding mother",http://thepostmillennial.com/illinois-landlord-charged-with-hate-crime-after-allegedly-stabbing-muslim-6-year-old-to-death-wounding-mother,2023-10-16,en,thepostmillennial.com,thepostmillennial.com,2023,False
c9c603dfd7f17e9cff981501dea52f559d8fab1327c2f2c569cdcb45cb0340d7,Illinois landlord to be sentenced in hate crime that left 6-year-old Palestinian American boy dead,https://www.winnipegfreepress.com/world/2025/05/01/illinois-landlord-to-be-sentenced-in-hate-crime-that-left-6-year-old-palestinian-american-boy-dead,2025-05-01,en,winnipegfreepress.com,winnipegfreepress.com,2025,False
141b06907c359e29a92d00ee4af6da2fd44850ad96531b846f59bb3c2eb9b114,Illinois landlord to be sentenced in hate crime that left 6-year-old Palestinian American boy dead,https://www.thestar.com/news/world/united-states/illinois-landlord-to-be-sentenced-in-hate-crime-that-left-6-year-old-palestinian-american/article_4185bdb2-c56c-5c84-ab37-f16d9a18f12f.html,2025-05-02,en,thestar.com,thestar.com,2025,True
630391f8df35d1ab248d94d86f1180d02ee7b5321c44f21d8a5f2c480561efab,"Immigration agents demand tenant information from landlords, stirring questions and confusion",https://www.thestar.com/news/world/united-states/immigration-agents-demand-tenant-information-from-landlords-stirring-questions-and-confusion/article_1b9061f4-e6b7-5124-8c9e-76e70aa2eed8.html,2025-07-15,en,thestar.com,thestar.com,2025,True
67a66c889a0fe25b1672ae2a8b1bd368ccd4058c6089ec8bf2d2c974436754c8,"In Airbnb-style accommodation case, court dismisses landlords’ bid to appeal short-term rental rules",https://www.thestar.com/business/2020/06/23/in-airbnb-style-accommodation-case-court-dismisses-landlords-bid-to-appeal-short-term-rental-rules.html,2020-06-23,en,thestar.com,thestar.com,2020,False
9da827cd0f304e6584e29c09ce00042a69079ebecb2d58a65036b4112103bdef,"In Canada’s bizarro housing system, there’s nothing more normal than a landlord evicting a tenant while raising money for the homeless",https://www.thestar.com/opinion/contributors/in-canadas-bizarro-housing-system-theres-nothing-more-normal-than-a-landlord-evicting-a-tenant/article_922ae21e-12da-11ef-9f5a-6fb719e25eb5.html,2024-05-16,en,thestar.com,thestar.com,2024,False
d23089dd9787a5c219f5b748ae8e56b9eb9624b397921ae8f63ecbdb3ee776c2,"In Montreal's West Island, tenants say landlord is squeezing them out",https://www.cbc.ca/news/canada/montreal/pierrefonds-tenants-landlord-intimidation-1.7000477?cmp=rss,2023-10-18,en,cbc.ca,cbc.ca,2023,False
ee8e7f6e4e7246ffd0fb279d429382ca56adf08a1b4263dc4e1f19a438b5ff5d,"In the rental market, the landlord is not always the bad guy",https://www.thestar.com/opinion/letters_to_the_editors/2022/11/29/in-the-rental-market-the-landlord-is-not-always-the-bad-guy.html,2022-11-29,en,thestar.com,thestar.com,2022,False
9f6c8232ab2809d28a879a4ec25ea3b9133bd7be1d49beb1de9da5b57d3c48ba,"Incoming Kenora water rate changes for some apartments, condos 'outrageous,' landlord says",https://www.cbc.ca/news/canada/thunder-bay/kenora-water-changes-1.4875252?cmp=rss,2018-01-10,en,cbc.ca,cbc.ca,2018,False
4a52088c0a0e560fb3355d04b8a8588a2a4bf32f178ab7c7a19880b1f056c620,"Independent landlords say government tribunal backlog costly, unfair",https://torontosun.com/news/local-news/independent-landlords-say-government-tribunal-backlog-costly-unfair,2022-10-27,en,torontosun.com,torontosun.com,2022,False
27bb827b60a63a1db679e48fc69aeeb7971e5147e59e94b7ddcb3ede107cd8bb,Indian Act blocks Saskatoon landlord from collecting thousands in rent,http://www.cbc.ca/news/canada/saskatoon/indian-act-blocks-saskatoon-landlord-from-collecting-thousands-in-rent-1.3268776?cmp=rss,2015-10-13,en,cbc.ca,cbc.ca,2015,False
be73ef19b6ba5a5f2fb8daceeccf923b49559ee3664709a372d8c08b15ed1121,Indoor heat can be deadly. Toronto could save lives with a new bylaw for landlords,https://www.thestar.com/opinion/contributors/indoor-heat-can-be-deadly-toronto-could-save-lives-with-a-new-bylaw-for-landlords/article_fd736a66-3b1e-11ef-b061-1f5dc4795594.html,2024-08-02,en,thestar.com,thestar.com,2024,False
9d4f6b99a417d0dbc85027f2bf64eee16a5228d336209fec9ca83342f5d9a32a,Inner city Edmonton landlord charged with fentanyl trafficking,https://edmontonjournal.com/news/crime/inner-city-edmonton-landlord-charged-with-fentanyl-trafficking,2020-08-30,en,edmontonjournal.com,edmontonjournal.com,2020,False
287587b27e97287654c34c7d97b2b38579c243f26b0bbdab22cdfee3ab2b96b7,Insurance for landlords in Canada: Your guide to protecting rental properties,https://www.moneysense.ca/spend/insurance/business-insurance/insurance-for-landlords-in-canada-your-guide-to-protecting-rental-properties/,2024-12-12,en,moneysense.ca,moneysense.ca,2024,False
ccdeffaa4b28f7020bd791b358eccac350c8f2b6dc4dc2b1ad95810d71a6252f,Internet of Things: tech firms have become our digital landlords – but people are starting to fight back,https://theconversation.com/internet-of-things-tech-firms-have-become-our-digital-landlords-but-people-are-starting-to-fight-back-193181,2023-11-08,en,theconversation.com,theconversation.com,2023,False
8035eb560ff8c178e7daa9a80d6b53f212314abd475d114203e53ca418632f63,Invest in Hamilton restaurant history; or you could be the landlord of a local MP,https://www.thespec.com/business/real-estate/2022/03/03/hamilton-commercial-real-estate-roundup.html,2022-03-03,en,thespec.com,thespec.com,2022,False
f43a6a2feb485d350c8f4c18b8eb272065dde38ff611c15d91c7e29b44bd4b6c,"Iowa man gets life for hacking girlfriend, her teen daughter, landlord to death",http://www.edmontonsun.com/2017/04/22/iowa-man-gets-life-for-hacking-girlfriend-her-teen-daughter-landlord-to-death,2017-04-22,en,edmontonsun.com,edmontonsun.com,2017,True
843216ada2023caaeedb62a87481a838cc40bf151fc27514c97c68dc3a54de3c,Is TCHC a ‘slum landlord’?,http://www.thestar.com/opinion/letters_to_the_editors/2015/04/22/is-tchc-a-slum-landlord.html,2015-04-22,en,thestar.com,thestar.com,2015,False
5c959e222d61c62deebcdb6cd91bd32cddc084b0dc394f747f3f12eceeba623c,Is the word ‘landlord’ too negative? One Abbotsford councillor thinks so.,http://www.abbynews.com/news/is-the-word-landlord-too-negative-one-abbotsford-councillor-thinks-so/,2020-01-23,en,abbynews.com,abbynews.com,2020,True
f538c6d78b0cc4150118648aac63a64e2c121e337218502201ae621bd584e6a9,Is Toronto’s Airbnb battle over? Here’s what we do and don’t know about the city and landlords’ next steps,https://www.thestar.com/news/gta/2019/11/23/is-torontos-airbnb-battle-over-heres-what-we-do-and-dont-know-about-the-city-and-landlords-next-steps.html,2019-11-23,en,thestar.com,thestar.com,2019,False
f4b93c80b9df0065f1be574ec050ee7b4deb61f00870286d236a3f35da756e2c,"Is Vancouver's pricey rental market softening? Landlords offering perks, discounts",https://bc.ctvnews.ca/is-vancouver-s-pricey-rental-market-softening-landlords-offering-perks-discounts-1.4406258,2019-05-02,en,ctvnews.ca,ctvnews.ca,2019,False
effe94d980063aafac1be228c229c678b36ee6f091d8d4257442e272b08205d0,Is your Toronto apartment too hot? Here’s what your landlord is legally required to do,https://www.thestar.com/news/gta/is-your-toronto-apartment-too-hot-heres-what-your-landlord-is-legally-required-to-do/article_490dd2a8-2da1-11ef-b66b-e77ebc3cbc99.html,2024-06-18,en,thestar.com,thestar.com,2024,False
d4a595678415b97f51da74d2ae890b102fda40908d883c535b3c537bf6e7dff0,It was just gross': Tenants leave landlord with a mess,http://www.cbc.ca/news/canada/new-brunswick/landlord-david-goodine-calls-renting-a-nightmare-1.3086921?cmp=rss,2015-05-25,en,cbc.ca,cbc.ca,2015,False
174333bed328172e5679a2f8f63005240459b79f5ad124ed8d82c9cfad50ec8c,It's a legislative gap:' N.W.T. landlords don't need property insurance,https://www.cbc.ca/news/canada/north/hay-river-highrise-property-insurance-1.5093181?cmp=rss,2019-03-15,en,cbc.ca,cbc.ca,2019,False
69589cc62504136eb34bbc9616e38b543c8e3cd63fcbf202a7e63b05d543e430,It's a tenant's market right now': Fort McMurray commercial landlords slash rent,http://www.cbc.ca/news/canada/edmonton/it-s-a-tenant-s-market-right-now-fort-mcmurray-commercial-landlords-slash-rent-1.3869246?cmp=rss,2017-02-23,en,cbc.ca,cbc.ca,2017,False
5b0eddea0c3d870602ae05b4147febe4fa8b976fafd864eb550a262a36c709df,Ivanhoe Cambridge buys Blackstone shares in French office landlord,http://montrealgazette.com/business/local-business/ivanhoe-cambridge-buys-blackstone-shares-in-french-office-landlord,2016-01-22,en,montrealgazette.com,montrealgazette.com,2016,False
27f82543465747db5fd9c78eb7e383bcc2211b2e17a4b10e6ae338ad2f4c9898,"I’m thankful for a great landlord and my High Park flat, but it’s time to say goodbye to Toronto",https://www.thestar.com/life/2021/07/22/im-thankful-for-a-great-landlord-and-my-high-park-flat-but-its-time-to-say-goodbye-to-toronto.html,2021-07-22,en,thestar.com,thestar.com,2021,False
ef3eaacc565361aed185a75644a07ea359acad24cbf960444cc84288ae47d9ec,Jagmeet Singh blasts corporate landlords during campaign event,https://globalnews.ca/news/11096983/ndp-leader-jagmeet-singh-takes-aim-corporate-landlords/,2025-03-25,en,globalnews.ca,globalnews.ca,2025,False
de1e41afd5406b48669a44e9b6bf59703c1569dc629236e46839974c9432495b,"James Regan, Toronto’s alleged ‘society crasher,’ is cleared of assault on former landlord",http://nationalpost.com/news/toronto/james-regan-torontos-alleged-society-crasher-is-cleared-of-assault-on-former-landlord,2018-01-21,en,nationalpost.com,nationalpost.com,2018,False
4f671f56933e36499c6e06c80f4d5d116025a254282e7b906151eef84dca2bc4,Jasmine Lovett and Aliyah Sanderson's live-in landlord speaks out following his arrest,https://calgary.ctvnews.ca/jasmine-lovett-and-aliyah-sanderson-s-live-in-landlord-speaks-out-following-his-arrest-1.4396334,2019-04-26,en,ctvnews.ca,ctvnews.ca,2019,False
be89fd8372424a3bb3189c9ee1c66aa4694d3b018c8122951abc944e3711c997,John Lorinc: A glaring hole in the city’s new landlord rating system creates a two-tiered system for renters,https://www.thestar.com/opinion/contributors/a-glaring-hole-in-the-citys-new-landlord-rating-system-creates-a-two-tiered-system/article_641e29f1-c3f5-44f8-ba28-68b10020e685.html,2025-08-02,en,thestar.com,thestar.com,2025,False
79c16a7335be3db54d573c6edb41dc5696682ce0b3b63c5a2e1833e4f8e3a37e,Judge fines landlord 41500 for health safety infractions at rental homes,http://www.canadastandard.com/index.php/sid/235763601/scat/71df8d33cd2a30df,2017-05-17,en,canadastandard.com,canadastandard.com,2017,False
594c33a60fc07a91e46efb249828f283cf2e51bdac3b38bb1a56912a6f0aa1c8,Judge rules landlords can sue tenants but not insurance company after 2009 cannabis resin explosion,http://www.cbc.ca/news/canada/saskatchewan/cannabis-resin-explosion-1.4682126?cmp=rss,2018-05-29,en,cbc.ca,cbc.ca,2018,False
a73b29d14757e6b9a4d48d5d2d5b7d27b5a5943912edcff9a3fa5bb37436450a,Judge slams notorious Penticton landlord,http://www.pentictonherald.ca/news/article_3be5b864-2dc1-11ea-a21a-47eabf18dc25.html,2020-01-02,en,pentictonherald.ca,pentictonherald.ca,2020,False
d20dd444c5b32187daebb3519f85f457b7264eba2becc60f8fe4d52f1c902ebd,Judge stays Public Health Act charges against Edmonton landlords after trial delays,http://edmontonjournal.com/news/local-news/judge-stays-public-health-act-charges-against-edmonton-landlords-over-trial-delay,2018-04-20,en,edmontonjournal.com,edmontonjournal.com,2018,False
d0d336138ab930a105112ad994c503e886b599874f82c4e448e6539c01f786f6,Judge takes landlord Jack Grover to task for 'inexcusable' actions,https://thestarphoenix.com/news/local-news/judge-takes-landlord-jack-grover-to-task-for-inexcusable-actions,2019-09-05,en,thestarphoenix.com,thestarphoenix.com,2019,False
06b1f27484e60fb4a84308bf0131868f6b2c863faa546d7351ed4b6af37a0393,Judge who ruled for N.B. landlord in rent-reduction case owns apartment building,https://www.cbc.ca/news/canada/new-brunswick/judge-landlord-new-brunswick-1.7003137?cmp=rss,2023-10-20,en,cbc.ca,cbc.ca,2023,False
5dd74e4f5ccf0cdc7258a6b3fe75f66760f08b9566f28683d2c21a8decea825e,"June 10: Child deaths after surgery worrisome, don’t stereotype landlords and other letters to the editor",https://www.thespec.com/opinion/letters-to-the-editor/june-10-child-deaths-after-surgery-worrisome-dont-stereotype-landlords-and-other-letters-to-the/article_4c3159b7-48ae-53b9-86ce-aab201590d85.html,2024-06-10,en,thespec.com,thespec.com,2024,False
1a959da0f0b514d73013a6e107554b6ab9c469b9cf770ee91f5054d6490bbbe2,"June 3: Caledonia’s heart, unfair to Pierre, we need a landlord registry and other letters",https://www.thespec.com/opinion/letters-to-the-editors/2023/06/03/june-3-caledonias-heart-unfair-to-pierre-we-need-a-landlord-registry-and-other-letters.html,2023-06-03,en,thespec.com,thespec.com,2023,False
ce03989f3bf416fe51951ec477f73a5420ff7e813cd27362c67ec642f66d59b0,"Jury finds Illinois landlord guilty of murder, hate crime in 2023 attack on Palestinian American boy",https://www.thestar.com/news/world/united-states/jury-finds-illinois-landlord-guilty-of-murder-hate-crime-in-2023-attack-on-palestinian-american/article_858c90f2-23a0-54a6-82ad-b0b2cf682e27.html,2025-02-28,en,thestar.com,thestar.com,2025,True
97e81480157f8b43acfd7375985d82b3c20fa15f9f1a0e5c38cd77148f549641,Jury to deliberate on fate of Montreal man accused of killing his landlord,https://montreal.ctvnews.ca/jury-to-deliberate-on-fate-of-montreal-man-accused-of-killing-his-landlord-1.5326346,2021-02-26,en,ctvnews.ca,ctvnews.ca,2021,False
97a445f3ca05eeafcf35c55bc494d4ddc2bc813b9569bef71fdbaa0dde98aae2,Justin Bieber reportedly forced to stay in hotel after blacklisted by Beverly Hills landlords,http://www.torontosun.com/2017/10/03/justin-bieber-reportedly-forced-to-stay-in-hotel-after-blacklisted-by-beverly-hills-landlords,2017-10-03,en,torontosun.com,torontosun.com,2017,True
41dcc4b36283ead1b66f4781903bddd01ad746a3488c598d308a65822d1a953b,Kal Tire gets new landlord at 7 B.C. shops,https://www.abbynews.com/news/kal-tire-gets-new-landlord-at-7-bc-shops-8182669,2025-08-09,en,abbynews.com,abbynews.com,2025,True
88bb5204507236a056e07948336ca55dcfdcb2ac77e9f854d0ced9a3927739af,Kamala Harris takes on Montreal landlord in bilingual comic book,https://montrealgazette.com/news/local-news/kamala-harris-takes-on-montreal-landlord-in-bilingual-comic-book,2020-10-06,en,montrealgazette.com,montrealgazette.com,2020,True
12d54c6c3c1a3586032cd95ffeefa8318bbce7278fb1d66c63dbdd5038e863e1,Kamloops forum encourages landlords to rent to low-income,http://www.cbc.ca/news/canada/kamloops/kamloops-forum-encourages-landlords-to-rent-to-low-income-1.2953564?cmp=rss,2015-07-16,en,cbc.ca,cbc.ca,2015,False
671713d68ab98cd908d56b45fccc6a6bf4f8e26914f8154b53d232108a12aeab,Kamloops landlord dealing with aftermath of firebombing,https://www.bclocalnews.com/news/kamloops-landlord-dealing-with-aftermath-of-firebombing/,2018-03-22,en,bclocalnews.com,bclocalnews.com,2018,False
e202d1d25bfa8e6b77f8ccbbae1b8ea5457d63d2dc1b84f9fab2e2872718431e,Kelowna AirBNB landlords have summer to legalize,http://www.kelownadailycourier.ca/news/article_0fba14d4-3f0a-11e9-be78-9be0ba6ac8ae.html,2019-03-04,en,kelownadailycourier.ca,kelownadailycourier.ca,2019,False
0600edeca40781debd0ea27ca9e81a2b8c5d645e5ad22c4bad98712d6a7b3abe,Kelowna condo fire victims meet potential new landlords,http://globalnews.ca/news/3605404/kelowna-condo-fire-victims-meet-potential-new-landlords/,2017-07-18,en,globalnews.ca,globalnews.ca,2017,False
6fb4a9e42b361daa98a7ca14f3c57d730d19193b3a5e5e3fd866ec80af174703,Kelowna landlord caught on camera,http://globalnews.ca/news/2750512/kelowna-landlord-caught-on-camera/,2016-06-08,en,globalnews.ca,globalnews.ca,2016,False
5aef5adc73850647c3fdcafe95b4c6e60e6a161963902e13e0bd6a86e3b5f5c3,Kelowna landlord discovers tenant has criminal past,http://globalnews.ca/news/1919901/kelowna-landlord-discovers-tenant-has-criminal-past,2015-04-02,en,globalnews.ca,globalnews.ca,2015,False
6066db7fbf2f39ae803c66ef872c88f0f54e28d5cf39638b6852283b4d59be6a,Kelowna landlord may face more fines,http://globalnews.ca/news/2083170/kelowna-landlord-may-face-more-fines/,2015-06-29,en,globalnews.ca,globalnews.ca,2015,False
0a56004b42ffe52b92b6d60840a91b516b43a59a5235f38efa998e6e0dcbf266,Kelowna medical marijuana user battling landlord,http://globalnews.ca/news/2655210/kelowna-medical-marijuana-user-battling-landlord/,2016-04-21,en,globalnews.ca,globalnews.ca,2016,False
b227b186b12b9ee0fcab8d773be8b0bc7dd196a643b4e1ecd864f8ae50c05444,Kelowna neighbours allege landlord is negligent for not getting rid of drug dealers,https://globalnews.ca/news/4121517/kelowna-neighbours-allege-landlord-is-negligent-for-not-getting-rid-of-drug-dealers/,2018-04-03,en,globalnews.ca,globalnews.ca,2018,False
8553a32820eced49190784f14e1b19c1b68602e54b190d3fc70f1b05d6a3f53f,Kensington Market tenants accuse new landlord of bullying them with rent hike of nearly 50%,http://www.cbc.ca/news/canada/toronto/kensington-market-tenant-dispute-1.3705046?cmp=rss,2016-08-03,en,cbc.ca,cbc.ca,2016,False
000a172ef9e354f80f9ba5fb52284b9942c214daef45331457ec194c14061d75,Kensington Market tenants at odds with landlord over rent hike,https://www.thestar.com/news/gta/2016/08/09/kensington-market-tenants-at-odds-with-landlord-over-rent-hike.html,2016-08-09,en,thestar.com,thestar.com,2016,False
8cd1837b69d5e96bdec25b485085672498ee7c090dc11b3e710523f7cc8a1eca,Killers handed prison terms in fatal beating of their landlord,https://calgarysun.com/news/crime/killers-handed-prison-terms-in-fatal-beating-of-their-landlord,2019-04-04,en,calgarysun.com,calgarysun.com,2019,False
a6f5f45de27ba5fd392ae2f7be66a3d1cf7c53f406b77abf288b19a5d5d7b094,"Killing of West Island landlord 'planned and deliberate,' jury told",https://montrealgazette.com/news/local-news/killing-of-west-island-landlord-planned-and-deliberate-jury-told,2021-02-10,en,montrealgazette.com,montrealgazette.com,2021,False
430567e98ec6cc836cc66da52399296fb2d352e6b62e2399a78d9eb2320c6d85,"King West club, fried chicken shop, locked out by landlord",https://torontosun.com/news/local-news/king-west-club-fried-chicken-shop-locked-out-by-landlord,2020-05-02,en,torontosun.com,torontosun.com,2020,False
d8d11a0eb0b086b2ee9842feef60bc755c07e49272c652b4aac10b117f53f9f8,Kingston cafe owners say they’ve been ‘terrorized’ by landlord,https://globalnews.ca/news/4855033/kingston-cafe-owners-claim-terrorized-by-landlord/,2019-01-16,en,globalnews.ca,globalnews.ca,2019,False
1251c3acf56a5b9cecabac1ab4bac882203dfe64dfcb19b6ef63dba3bd607bbb,Kingston city council considers fining landlords under amended nuisance party bylaw,https://globalnews.ca/news/8610939/kingston-city-council-fine-landlords-nuisance-party-bylaw/,2022-02-10,en,globalnews.ca,globalnews.ca,2022,False
b6ac4e6475b445895d5a3c829396f8e010588ccc3113654d9995abde0be984c9,Kingston city council set to vote on landlord licensing motion,https://globalnews.ca/news/9363844/kingston-city-council-landlord-licensing-motion/,2022-12-20,en,globalnews.ca,globalnews.ca,2022,False
b022ef572281b44ec7fb598c24440b3de3da2e2f55ef7c7f187b81df5487f881,Kingston council defers landlord fines for nuisance parties,https://thewhig.com/news/local-news/kingston-council-defers-landlord-fines-for-nuisance-parties,2022-02-17,en,thewhig.com,thewhig.com,2022,False
dd90135d528ee3bb074384f7cfb625f0b8671c1883246e32223e3b8caab7c8b0,Kingston landlord charged after allegedly harassing tenant and kicking in door,https://www.cbc.ca/news/canada/ottawa/kingston-landlord-charged-harassment-1.4846400?cmp=rss,2018-10-01,en,cbc.ca,cbc.ca,2018,False
019f5f74b3fa43d2d2462b744173485a32b324bffd98275cc9059d3c94698691,Kingston landlord charged after allegedly harassing tenant,https://toronto.ctvnews.ca/kingston-landlord-charged-after-allegedly-harassing-tenant-1.4116968,2018-10-01,en,ctvnews.ca,ctvnews.ca,2018,False
1bca81f4bcc039e03d38bab7190d9f4abe2630212341cf578ca3840e36ee524a,Kingston landlords voice concerns about proposed short-term rental regulations,https://globalnews.ca/news/5791755/kingston-landlords-short-term-rental-regulations/,2019-08-21,en,globalnews.ca,globalnews.ca,2019,False
8eaac42a1b8417050c570e17f790e9e5395a589a9de18eaeeebc96deb938c2b7,Kingston's small landlords at a loss about what to do about charging rent,https://www.thewhig.com/news/local-news/kingstons-small-landlords-at-a-loss-about-what-to-do-about-charging-rent,2020-03-23,en,thewhig.com,thewhig.com,2020,False
9ca033d70f0041f1684a0ffea9f7dd8dd9958910871d6616c5499c72809deda6,"Kingston, Ont. landlords react to proposed changes to city’s nuisance party by-law",https://globalnews.ca/news/8638453/landlords-kingston-nuisance-party-by-law-change/,2022-02-22,en,globalnews.ca,globalnews.ca,2022,False
d267a6f74df84c627028c1a9443d961fe9f39a29a6f2906c168d0323d93c26a6,"Kingston, Ont. tenants fed up with lack of action from landlord over broken floor tiles",https://ottawa.ctvnews.ca/kingston-ont-tenants-fed-up-with-lack-of-action-from-landlord-over-broken-floor-tiles-1.6901585,2024-05-26,en,ctvnews.ca,ctvnews.ca,2024,False
91c9fc74e73883f66bfd252a5ef107abf692df5731c70901a25e9d7c50b13efd,"Kingston, Ont. tenants feeling trapped after landlord stalls on fixing elevator",https://globalnews.ca/news/9637475/kingston-ont-tenants-feeling-trapped-landlord-elevator/,2023-04-20,en,globalnews.ca,globalnews.ca,2023,False
2054258d9e4f06f097d0367e87d9be90d9b447b66576d33542d8a46b2e671f35,Kitchener bylaw requires landlords to offer alternative housing during demolition,https://kitchener.ctvnews.ca/kitchener-bylaw-requires-landlords-to-offer-alternative-housing-during-demolition-1.6939777,2024-06-25,en,ctvnews.ca,ctvnews.ca,2024,False
a8d0388c24df8e9ba8a3003b67c669cf51561b38d11e72b833f9af6fe9d3b5c7,Kitchener couple claims landlord is targeting them for organizing tenants union,https://kitchener.ctvnews.ca/kitchener-couple-claims-landlord-is-targeting-them-for-organizing-tenants-union-1.6845266,2024-04-12,en,ctvnews.ca,ctvnews.ca,2024,False
5f7744e05a1ea931168fc07d082807485279f0b11a46bc059c349fc93dce7444,Kitchener landlord claims tenant caused $30K damage; tribunal says he has no proof,https://www.therecord.com/news/waterloo-region/kitchener-landlord-claims-tenant-caused-30k-damage-tribunal-says-he-has-no-proof/article_14d4400e-71ab-5627-8f98-a7826a884736.html,2025-05-01,en,therecord.com,therecord.com,2025,False
581e5b1d0985978c653ca4906476d50a4ecfef5f5a02e0e7be8f02b6dc95c315,Kitchener tenant feared he was poisoned after landlord poured bleach into HVAC system,https://www.therecord.com/news/waterloo-region/kitchener-tenant-feared-he-was-poisoned-after-landlord-poured-bleach-into-hvac-system/article_136afc0c-6319-5952-81af-20777bb65a3d.html,2024-11-07,en,therecord.com,therecord.com,2024,False
06aa329f91c1e2ad524ecfb303723538807d41969d06b6e2cf915587eda4b0ac,Landlord 'disturbed' by problem tenants,https://www.brandonsun.com/local/landlord-disturbed-by-problem-tenants-507182032.html,2019-03-15,en,brandonsun.com,brandonsun.com,2019,False
3d255ec84d80f2c1b2e7f3359704491db835d5e9e32f193583b02f84eef50e52,Landlord 'sick' because poor tenants will bear tax brunt,https://tj.news/telegraph-journal/101787450?ref=rss,2022-02-04,en,tj.news,tj.news,2022,False
ed4fdbd0fde30c4463222f21588c0dbf9399100d083d297c11c1548c250f5449,"Landlord 'surprised' by order to fix illegal bedrooms, asks city for 10-month extension",https://www.cbc.ca/news/canada/london/london-ontario-apartment-rent-ann-street-1.5324294?cmp=rss,2019-10-02,en,cbc.ca,cbc.ca,2019,False
aac5a0eddb5a075a67200ab1b559804b258f05306f8a0bdfbab59e51c12fe9f2,Landlord 101: No such thing as Easy Street,https://vancouversun.com/business/real-estate/landlord-101-no-such-thing-as-easy-street,2019-07-19,en,vancouversun.com,vancouversun.com,2019,False
bc0651d182ec016ad7bd95ebfaf2eb15818d483cce8397b76dbd0dfd902f2723,"Landlord accused in fire seen with burns, court told",https://www.timescolonist.com/news/local/landlord-accused-in-fire-seen-with-burns-court-told-1.23969826,2019-10-08,en,timescolonist.com,timescolonist.com,2019,False
3e3b0c236e6d37c8138ec5ccaca089a989a79f74bea80aebf96f541968dff399,Landlord accused of killing tenant over unpaid rent,http://www.ctvnews.ca/world/landlord-accused-of-killing-tenant-over-unpaid-rent-1.3297617,2017-02-23,en,ctvnews.ca,ctvnews.ca,2017,False
cac24acba1efd1f9a6bfd532b50a6640f5e3cf2c6c714a967b3b82e0c9128485,Landlord accused of killing tenants dead in Ont.,https://www.ctvnews.ca/video?clipId=2696048,2023-05-28,en,ctvnews.ca,ctvnews.ca,2023,False
5d640a4ecca9ca4032393ae43041fd9ef48c57efdd0006d54b3636f72dbc624f,Landlord accused of sexually assaulting tenant,http://www.brandonsun.com/local/landlord-accused-of-sexually-assaulting-tenant-382184331.html,2016-06-08,en,brandonsun.com,brandonsun.com,2016,False
7d37534d63ec1551cd876b45cebefa51bf2ea1255d7d5ff4ff969315cde700e1,Landlord acquitted of manslaughter in fire that killed 6,http://www.pentictonherald.ca/news/world_news/article_ec6076ba-7fa6-5fcc-9da8-75afa379c0fb.html,2016-10-21,en,pentictonherald.ca,pentictonherald.ca,2016,False
f5036061e4c0a7617bc3bf7bb62379ba335903a1cd1e11556172c5460fd81955,"Landlord acting unfairly, say owners of shuttered Waterloo restaurant Jane Bond",https://www.therecord.com/news-story/9962518-landlord-acting-unfairly-say-owners-of-shuttered-waterloo-restaurant-jane-bond/,2020-04-26,en,therecord.com,therecord.com,2020,False
32d1d00179d0fa9ab659e6e9a2a93c50b1d081849bae2464df56dbfcd9fc5d30,Landlord agrees to forgive eviction debts,http://www.thestar.com/news/gta/2015/06/26/landlord-agrees-to-forgive-eviction-debts.html,2015-06-26,en,thestar.com,thestar.com,2015,False
d7cdd31b4a2ca872b19016e324c736c15a166a2fe436050e809e9c9ac036814f,Landlord allegedly killed tenants because their partying kept him up at night,https://torontosun.com/news/world/landlord-allegedly-killed-tenants-because-their-partying-kept-him-up-at-night,2020-10-19,en,torontosun.com,torontosun.com,2020,False
591a251175c9945e643c5e531cf19fa097f5d97ec023c686c0fcf6a654283f4a,Landlord allegedly points gun at tenant to coerce rent payment,https://www.bclocalnews.com/news/landlord-allegedly-points-gun-at-tenant-to-coerce-rent-payment/,2018-05-12,en,bclocalnews.com,bclocalnews.com,2018,False
37b7a322cd71b90d069cb2d76a315a42220c6e92d62d0fa2534e8f726b605f5c,"Landlord alleges DavidsTea skips rent on Glebe store, forcing eviction",http://ottawacitizen.com/news/local-news/landlord-alleges-davidstea-is-skipping-rent-on-glebe-store-forcing-eviction,2020-05-24,en,ottawacitizen.com,ottawacitizen.com,2020,False
fd9791f365f788a98235f9a64ca9f531264457473058ed3315d0890fa26fbc81,Landlord and Tenant Act unfairly favours tenants,https://www.bclocalnews.com/opinion/landlord-and-tenant-act-unfairly-favours-tenants/,2018-01-22,en,bclocalnews.com,bclocalnews.com,2018,False
72b9643d87a1ef4e0986676a257de9f285c739787c5b719d353cae085625f402,Landlord and Tenant Board adjudicator issues interim order that favours landlord despite potential conflict of interest,https://www.thestar.com/business/2020/12/04/landlord-and-tenant-board-adjudicator-issues-interim-order-that-favours-landlord-despite-potential-conflict-of-interest.html,2020-12-04,en,thestar.com,thestar.com,2020,False
8abb4d26dd2324b1c73e36213b401b70ba8f94cdac38a40d420578693fd25dd9,Landlord and Tenant Board blocks renovation evictions at 394 Dovercourt Rd.,https://www.thestar.com/news/gta/2019/06/19/landlord-and-tenant-board-blocks-renovation-evictions-at-394-dovercourt-rd.html,2019-06-19,en,thestar.com,thestar.com,2019,False
e339f84f5c973a83b459b1c1558a885c057f3d48554e75d95595c12c4e9578dc,Landlord and Tenant Board dismisses renoviction at Kitchener apartment building,https://www.therecord.com/news/waterloo-region/landlord-and-tenant-board-dismisses-renoviction-at-kitchener-apartment-building/article_c18bf1d3-e21e-5036-95f1-c4fc72d2467c.html,2025-10-21,en,therecord.com,therecord.com,2025,False
dd3f3f3d37d578a2cd3d47ca28683c6a956ecf3f232ef0931335a062440b5905,Landlord and Tenant Board gives Niagara ODSP recipient 2 weeks to move out,https://www.niagarafallsreview.ca/news/niagara-region/2022/11/29/landlord-and-tenant-board-gives-odsp-recipient-2-weeks-to-move-out.html,2022-11-29,en,niagarafallsreview.ca,niagarafallsreview.ca,2022,True
f1ddb9f119542b63e01234628b2b64426be1cc8ead56465db424fb3147458dde,Landlord and Tenant Board must resume in-person hearings,https://www.thespec.com/opinion/contributors/2022/04/19/landlord-and-tenant-board-must-resume-in-person-hearings.html,2022-04-19,en,thespec.com,thespec.com,2022,False
69e6624edfdedf511cfe8efdefcf2d8c09708de4a997f16d59f775a0a9a26359,"Landlord and Tenant Board of Ontario sticks to virtual hearings as COVID restrictions lift, leaving some tenants disadvantaged",https://www.thestar.com/news/gta/2022/06/10/landlord-and-tenant-board-of-ontario-sticks-to-virtual-hearings-as-covid-restrictions-lift-leaving-some-tenants-disadvantaged.html,2022-06-10,en,thestar.com,thestar.com,2022,False
2e34a7d6fd6cebac1c4cfc064f8fda36121b30f22d8c76894d23f6c715c0fbac,"Landlord and Tenant Board's ""digital first"" system harms vulnerable renters: advocate",https://www.kelownadailycourier.ca/news/national_news/quebec/article_5282089e-49f8-5f7f-9775-ac642074a2fa.html,2022-06-29,en,kelownadailycourier.ca,kelownadailycourier.ca,2022,True
4fbc401d16e5e328ce50bc313962071ea02a015cf162c4bab56f89537d951a14,Landlord and Tenant Board's 'digital first' system harms vulnerable renters: advocate,https://toronto.ctvnews.ca/landlord-and-tenant-board-s-digital-first-system-harms-vulnerable-renters-advocate-1.5968789,2022-06-29,en,ctvnews.ca,ctvnews.ca,2022,True
61b63366ad5dc47f070b25072f07ec08b60960527c2b64babf1d04ee2d78f5ad,Landlord and Tenant Board's 'digital first' system ripped,https://torontosun.com/news/provincial/landlord-and-tenant-boards-digital-first-system-harms-vulnerable-renters-advocate,2022-06-29,en,torontosun.com,torontosun.com,2022,False
394add9f3c364e6151a32abd60c2f8b80b79fb05137620b2609fb697e6eb3953,Landlord and Tenant Board’s “digital first” system harms vulnerable renters: advocate,https://www.thestar.com/news/gta/2022/06/29/landlord-and-tenant-boards-digital-first-system-harms-vulnerable-renters-advocate.html,2022-06-29,en,thestar.com,thestar.com,2022,True
1281cbc85c99af1d43eb970674bddb0e83c59780e96df8850476e16c9646af64,Landlord and tenant reach consent order after city shuts down flooded building,https://windsorstar.com/news/local-news/landlord-and-tenant-reach-consent-order-after-city-shuts-down-flooded-building,2019-08-01,en,windsorstar.com,windsorstar.com,2019,False
acb6187d5f5365f280cb40c919619c04773541cc089d989d94573ff7e4cc25a7,Landlord apologizes after targeted shooting in his home,http://www.cbc.ca/news/canada/british-columbia/landlord-apologizes-after-targeted-shooting-in-his-home-1.3657317?cmp=rss,2016-06-29,en,cbc.ca,cbc.ca,2016,False
aa6343e1f4450a67f8b2e79664e8bf6712923b76e3b3d4e24b8fb689b3643aeb,Landlord apologizes to Alberta Party candidate for campaign sign confrontation,https://calgaryherald.com/news/local-news/landlord-apologizes-to-alberta-party-candidate-for-campaign-sign-confrontation,2019-04-14,en,calgaryherald.com,calgaryherald.com,2019,False
4961626574b30e3083794f3f1702b8ca8825613a6218b202b654cc2f8b26772b,Landlord apologizes to Calgary-East candidate after destroying campaign sign,https://calgary.ctvnews.ca/landlord-apologizes-to-calgary-east-candidate-after-destroying-campaign-sign-1.4378508,2019-04-12,en,ctvnews.ca,ctvnews.ca,2019,False
6605c4acb359c4b6a38c3fbea69257053eed1b874d5d0b684fe56b85fc50fc33,Landlord arrested in Guelph rental dispute,https://kitchener.ctvnews.ca/landlord-arrested-in-guelph-rental-dispute-1.7024905,2024-09-04,en,ctvnews.ca,ctvnews.ca,2024,False
5e18f00bb0c4083bf2dc20b1edd1eb4a01fcf4c4cfe1ae771c10d07ff0b8549f,Landlord arrested in Val-des-Monts killings of couple,https://ottawacitizen.com/news/local-news/arrest-made-in-double-homicide-in-val-des-monts,2020-02-04,en,ottawacitizen.com,ottawacitizen.com,2020,False
6d883a36131cf8c0bf2119017b312d53f7097c074af2038aa5cac236d84312b7,Landlord assoc. says 30% of SIS clients again did not pay rent in Oct.,https://leaderpost.com/news/local-news/landlord-association-says,2021-11-03,en,leaderpost.com,leaderpost.com,2021,False
a3f391cf5e80c96760dac681c6839d844662d65d1dac46246ae6cc25caaa74d0,Landlord attacked and injured by dog while collecting rent,http://montrealgazette.com/news/local-news/landlord-attacked-and-injured-by-dog-while-collecting-rent,2018-06-30,en,montrealgazette.com,montrealgazette.com,2018,False
58a5236d3b9cd32240203b21e9dd08543eb849749d2e0cf220629758da0c56fc,Landlord B.C. says a rental freeze in Metro Vancouver would do more harm than good,https://globalnews.ca/news/3773724/landlord-bc-says-freezing-vancouver-rental-rates-would-cause-more-harm-than-good/,2017-09-28,en,globalnews.ca,globalnews.ca,2017,False
0b8643217ec0f34d81e249248992bb8deee30f1f1ab2014f831b5a6245fa2ce0,Landlord bans sidewalk chalk,http://www.torontosun.com/2016/04/16/landlord-bans-sidewalk-chalk,2016-04-16,en,torontosun.com,torontosun.com,2016,False
73452cc5eb12ad95e15c936fffd7a7271a03732c9ea9ec32c90c12d0d5fe34e1,Landlord brings down hammer on Healing Health cannabis dispensary,https://lfpress.com/news/local-news/landlord-brings-down-hammer-on-healing-health-cannabis-dispensary,2018-12-13,en,lfpress.com,lfpress.com,2018,False
7c50d82c2aa63939958dd77825de2a1f3a03307d36e2c9eb06d1af67dc4beb75,Landlord caught on video having sex in tenant's bed; Charged with trespassing,http://cnews.canoe.com/CNEWS/World/2016/12/03/22687777.html?cid=rsshomepage,2016-12-03,en,canoe.com,canoe.com,2016,False
e799785c646e83d46a1038f7bc2a90ed20f5bf274679ce9601f15adde6c7d6aa,Landlord changes church locks after California pastor refuses to stop services,https://globalnews.ca/news/6790023/church-landlord-changes-locks-coronavirus/,2020-04-07,en,globalnews.ca,globalnews.ca,2020,False
eb110a45f5ddecd5d1dd7891ea228cc0f52cc95a5d451e71675ad9be34fde2d9,Landlord changes locks on Grant Van Gameren’s Parkdale bar after it falls behind in rent,https://www.thestar.com/news/gta/2020/05/07/parkdale-bar-risks-forfeiting-goods-to-landlord-after-falling-behind-in-rent.html,2020-05-07,en,thestar.com,thestar.com,2020,False
bddf594e3a7925fb64f5e5ae0892f8290764f2b48492ad2362664b8aaada5ae4,"Landlord charged after allegedly assaulting tenant in Grey Highlands, Ont.",https://globalnews.ca/news/7266167/landlord-tenant-assault-grey-highlands/,2020-08-11,en,globalnews.ca,globalnews.ca,2020,False
f851058f5ac93a8153077d2bc4e9897e4ebfbe810385a0660b0f38ce20cb5855,Landlord charged after St. Catharines house fire,http://www.cbc.ca/news/canada/hamilton/news/landlord-charged-after-st-catharines-house-fire-1.3385521?cmp=rss,2015-12-31,en,cbc.ca,cbc.ca,2015,False
af92047015e57eafadf4f2b8fe59426f3fdd1b347b271d463adc41155dad3996,Landlord charged after tenants allegedly find him naked on their couch,https://windsor.ctvnews.ca/landlord-charged-after-tenants-allegedly-find-him-naked-on-their-couch-1.4030665,2018-07-27,en,ctvnews.ca,ctvnews.ca,2018,False
6504f19167f5c7047df4be6edd26cc51a5e26eb54cdc85eeef58d492ed2b7667,"Landlord charged after throwing blinds in face of tenant, police say",http://www.cbc.ca/news/canada/windsor/landlord-charged-after-throwing-blinds-in-face-of-tenant-police-say-1.3146959?cmp=rss,2015-07-10,en,cbc.ca,cbc.ca,2015,False
76bf11702606183e225c3a74ec0d67ce1a3999c389f6e75cdf70efe677ebbd4c,Landlord charged for having 9 tenants in a single-family home,http://www.cbc.ca/news/canada/hamilton/news/landlord-charged-for-having-9-tenants-in-a-single-family-home-1.2955013?cmp=rss,2015-02-12,en,cbc.ca,cbc.ca,2015,False
7df01b56079378db6069fef9b21f3dc28dacc8c163ba15ddb95c36a1a19bc33d,Landlord charged in fatal west-end fire,http://www.cbc.ca/news/canada/windsor/windsor-curry-avenue-fire-1.3471658?cmp=rss,2016-02-15,en,cbc.ca,cbc.ca,2016,False
dd4447a8f86ace50c83094811c2e05dee5622219cf433936e81992645bcb8361,Landlord charged with arson in Esquimalt fire,http://www.timescolonist.com/news/local/landlord-charged-with-arson-in-esquimalt-fire-1.23056424,2017-10-04,en,timescolonist.com,timescolonist.com,2017,False
0aba6d9f64a56f83c1bf844e4a7f2811e6eadf824498640d70b7988807d69596,"Landlord charged with harassment, forcible entry",https://www.thewhig.com/news/local-news/landlord-charged-with-harassment-forcible-entry,2018-10-01,en,thewhig.com,thewhig.com,2018,False
07abf7f08c2a613d69a6350da0a9549b1bb1a8bcf5845bcb7149ba46754de592,"Landlord charged with murder of Calgary mom, toddler after bodies found in woods",https://www.cbc.ca/news/canada/calgary/calgary-mother-daughter-bodies-found-1.5125902?cmp=rss,2019-05-07,en,cbc.ca,cbc.ca,2019,False
374ddda385eef518294d05d9ec003dc7a5321ee2e3c01803f32dc2e4362b5ab5,Landlord charged with trespassing for sex in renters' bed,http://www.ctvnews.ca/world/landlord-charged-with-trespassing-for-sex-in-renters-bed-1.3188307,2016-12-03,en,ctvnews.ca,ctvnews.ca,2016,False
6e07d1511b3d3e1e039fa9284fae1fb6e02ded3681ab0cbf166769df81508b32,Landlord charges Langley salon to apply for federal rent subsidy,https://bc.ctvnews.ca/landlord-charges-langley-salon-to-apply-for-federal-rent-subsidy-1.4982523,2020-06-12,en,ctvnews.ca,ctvnews.ca,2020,False
3d5f44554b72a1bb0679be19ca222990a6c8bea580ac96d5bb40327fc396bccc,Landlord cheers 'expedited eject button' for drug dealers as province touts tools for evicting problem tenants,https://www.cbc.ca/news/canada/manitoba/drug-houses-shut-down-manitoba-1.4860519?cmp=rss,2018-10-12,en,cbc.ca,cbc.ca,2018,False
dfecaafd17ae20337132425ab4ac81e13644c0c363c440dfab6e662fe3bf8a03,Landlord claims she was scammed by woman charged with posing as a nurse,https://barrie.ctvnews.ca/barrie-landlord-says-she-was-scammed-by-woman-charged-with-posing-as-a-nurse-1.7102648,2024-11-07,en,ctvnews.ca,ctvnews.ca,2024,False
402bdb7ab0fe9ba8ebee91c045a30b8969570fa57629260e54df5d5eaa7c1165,Landlord company pushing to raise rent for hundreds of Ajax tenants,https://globalnews.ca/news/4782643/landlord-company-raise-rent-ajax/,2018-12-20,en,globalnews.ca,globalnews.ca,2018,False
722256de325bce8f6230b79003c86c8010eb3fd024c738c6a7b97816603775a9,"Landlord concerns over Hudson’s Bay leases ‘misguided,’ B.C. billionaire Ruby Liu says",https://www.theglobeandmail.com/business/article-landlord-concerns-over-hudsons-bay-leases-misguided-bc-billionaire/,2025-08-13,en,theglobeandmail.com,theglobeandmail.com,2025,False
1d9089a8aee2f4823d82cfe9e048a7f60dc093e04e50e134679d159d24df2875,"Landlord considers criminal checks, warns of rent increase because of bad tenants",http://www.cbc.ca/news/canada/windsor/landlord-windsor-rent-increase-tenants-1.4564906?cmp=rss,2018-03-06,en,cbc.ca,cbc.ca,2018,False
07321b8d373c154f6b931309c8078a159b02cea655b3674745af986db74993c3,"Landlord Contractual Lien - U-Haul Storage Center at 333966 Hazelwood Ave RR3, Abbotsford",https://abbynews.com/2025/10/30/landlord-contractual-lien-u-haul-storage-center-at-333966-hazelwood-ave-rr3-abbotsford/,2025-10-30,en,abbynews.com,abbynews.com,2025,False
fac90d97122805cec3fd2f7fa1c603ba2887adbb68930bb0402fe588f87d33c5,Landlord convicted of torching Esquimalt rental gets two years in prison,https://vancouversun.com/news/local-news/landlord-convicted-of-torching-esquimalt-rental-gets-two-years-in-prison,2020-01-18,en,vancouversun.com,vancouversun.com,2020,False
602a405d6e583883a95a76b6276d975923713ed34d523823a7a77da76f274bea,"Landlord convicted of torching rental gets two years, to be served in prison",https://www.timescolonist.com/news/local/landlord-convicted-of-torching-rental-gets-two-years-1.24055474,2020-01-17,en,timescolonist.com,timescolonist.com,2020,True
1db3adeec1b3cb46f0f1779f815570cc6f54652806dabfb8bd6539fa1bee9df3,Landlord convicted of voyeurism charge sued by former tenants,https://vancouversun.com/news/crime/vancouver-landlord-convicted-of-voyeurism-charge-sued-by-former-tenants,2022-08-26,en,vancouversun.com,vancouversun.com,2022,False
a1c29dbb88813fa05a03de5696f0365171524740dd90cb36ab6de0fe19371587,Landlord defends Kobe Bryant tribute after anonymous tenant criticism,https://bc.ctvnews.ca/landlord-defends-kobe-bryant-tribute-after-anonymous-tenant-criticism-1.4792946,2020-01-31,en,ctvnews.ca,ctvnews.ca,2020,False
e34697d4d9c8f3f8fa187a2b03a204fe4b08803d7190a8e5ccff455e99373913,Landlord delivers decisive blow to persistent pot shop,https://lfpress.com/news/local-news/landlord-delivers-decisive-blow-to-persistent-pot-shop,2019-02-04,en,lfpress.com,lfpress.com,2019,False
59a62951d436ad01411675b6f10556392499717e3a0b3516313d5a20fe613a55,"Landlord demolishing more homes in Heron Gate, displacing 105 residents",http://ottawacitizen.com/news/local-news/landlord-demolishing-more-homes-in-heron-gate-displacing-105-residents,2018-05-08,en,ottawacitizen.com,ottawacitizen.com,2018,False
b9b245d72182cc87d9e61ec1203f916227d2f6dcb25909758de24f430005d2e9,"Landlord Denies Tenant Security Camera Use, B.C. Law Vague On Subject",https://www.abbynews.com/news/landlord-denies-tenant-security-camera-use-b-c-law-vague-on-subject/,2023-02-14,en,abbynews.com,abbynews.com,2023,True
34ad29d1e7ffc0f613028f7ed4b5da5cc0530c7abff908141c21fe6b046d9c38,Landlord dinged for racist treatment of single mom,https://www.winnipegfreepress.com/local/landlord-dinged-for-racist-treatment-of-single-mom-573582892.html,2021-01-13,en,winnipegfreepress.com,winnipegfreepress.com,2021,False
ffbaceb727e201847c8bd4020054189e2b25972b2aaa91f57b5db6797cd3045c,Landlord disallows Winnipeg woman from displaying campaign signs,http://www.cbc.ca/news/canada/manitoba/landlord-disallows-winnipeg-woman-from-displaying-campaign-signs-1.3236198?cmp=rss,2015-09-20,en,cbc.ca,cbc.ca,2015,False
86e20d06162f6d43f3cd52eb9c1bf159390181a86ab46cd0fca03c8376ca3ec5,Landlord discovers stolen items for sale online by tenant: Kingston police,https://globalnews.ca/news/5909589/kingston-landlord-stolen-items-online-police/,2019-09-16,en,globalnews.ca,globalnews.ca,2019,False
c79b7e1a2822a7a8cc2be28d004dfff19ebe04e597dc61f68433a03e7b09ace9,"Landlord discriminated against potential tenant on assistance, human rights panel finds",https://winnipeg.ctvnews.ca/landlord-discriminated-against-potential-tenant-on-assistance-human-rights-panel-finds-1.4343279,2019-03-19,en,ctvnews.ca,ctvnews.ca,2019,False
195fb8cd3b714c6ce7463adafccf1044bb3f51eb78fecfd93b8ffccf75c5d423,Landlord doubles rent for Syrian refugees using exemption that allows for unlimited increases,https://www.therecord.com/news/waterloo-region/2022/11/16/landlord-doubles-rent-for-syrian-refugees-using-exemption-that-allows-for-unlimited-increases.html,2022-11-16,en,therecord.com,therecord.com,2022,False
40bdc5df99434a6ef854c1903c16f0e28c16d297ffcbcfed62631ed05d024153,Landlord encourages others to rent to homeless shelters,https://london.ctvnews.ca/safespace-london-s-landlord-has-message-for-property-owners-considering-homeless-shelters-as-tenants-1.6627638,2023-11-01,en,ctvnews.ca,ctvnews.ca,2023,False
47edf7f60a63b027049c2f2d9b0046f4015fecd094e1fae04c40aad1d77be6e6,Landlord evicts Independent MLA Alana Paon from her Cape Breton office,https://www.cbc.ca/news/canada/nova-scotia/alana-paon-office-dispute-house-of-assembly-management-commission-1.5289919?cmp=rss,2018-04-11,en,cbc.ca,cbc.ca,2018,False
e93ed98b93326975d4cd727a384e9d5c1c7cd4a74280cb798968034a1ba6ffa3,Landlord evicts Ottawa Neighbourhood Services after unpaid rent,http://ottawacitizen.com/news/local-news/landlord-evicts-ottawa-neighbourhood-services-after-unpaid-rent,2016-05-04,en,ottawacitizen.com,ottawacitizen.com,2016,False
39b30daf1117777b6d5db3ae5a556f5b708d30e6bf28afa00aedd3ff4f17208f,"Landlord evicts tenants, then pursues them for two months’ rent for not giving notice",http://www.thestar.com/news/gta/2015/06/21/landlord-evicts-tenants-then-pursues-them-for-two-months-rent-for-not-giving-notice.html,2015-06-21,en,thestar.com,thestar.com,2015,False
e32b3ae88c21821c46065a3317ffaa4e00e1a5d64c9f710adb51df7cdc18ee6b,"Landlord feels besieged by 20 campers, vows to evict them",https://www.timescolonist.com/news/local/landlord-feels-besieged-by-20-campers-vows-to-evict-them-1.23451967,2018-10-03,en,timescolonist.com,timescolonist.com,2018,False
316ee74aafe4c50558c4336c6f8800641066e1cdf7e51e8d625903f61d18ad1b,Landlord feels violated by tenants’ loud sex: Ask Ellie,https://www.thestar.com/life/advice/2017/12/15/landlord-feels-violated-by-tenants-loud-sex-ask-ellie.html,2017-12-15,en,thestar.com,thestar.com,2017,False
8fc52c3a2cbf91e6c5bb1017f57d6688e8ebdd6cfe6324f5bb7004d20db7745c,"Landlord finds 19 tarantulas, 1 python left behind by tenant",https://www.thestar.com/news/world/us/2021/09/03/landlord-finds-19-tarantulas-1-python-left-behind-by-tenant.html,2021-09-03,en,thestar.com,thestar.com,2021,False
23c8c824ea479bb6e9ac9262d6577c3adf160bf7556455cdbdcd91b48cb01140,Landlord finds millions of confidential files left by defunct IT firm,https://www.cbc.ca/news/canada/ottawa/fly-by-night-it-company-leaves-10-million-digital-files-cautionary-tale-1.5365619?cmp=rss,2019-11-20,en,cbc.ca,cbc.ca,2019,False
66971de9736871dd6289d0b312531f8a0b708aaaca1fb76c3cebb3ec5cae3c53,Landlord finds suspected fentanyl lab in Auburn Bay home,http://www.cbc.ca/news/canada/calgary/calgary-police-drug-investigation-auburn-bay-1.3618517?cmp=rss,2016-06-06,en,cbc.ca,cbc.ca,2016,False
53b9c0bb386478a1d37fd1311017b18d490e25815c054261b630befb19194975,"Landlord fined $4,500 over fire that destroyed East Vancouver apartment building",https://globalnews.ca/news/10285224/east-vancouver-apartment-fire-landlords-fined/,2024-02-09,en,globalnews.ca,globalnews.ca,2024,False
0ee730daafb6e90b308c28775a47871853fbf2ff5b468306c68aa8a3f6793789,"Landlord fined $71,000 after fatal Jane St. apartment fire",https://www.thestar.com/news/gta/2016/07/18/landlord-fined-71000-after-fatal-jane-st-apartment-fire.html,2016-07-18,en,thestar.com,thestar.com,2016,False
8142b0f4988eafd05b5b98deb6b18efbc4a54a4e34214f9461c51f98707a32f8,"Landlord fined $71,000 for apartment fire that killed mother",http://www.cbc.ca/news/canada/toronto/landlord-fire-1.3683515?cmp=rss,2015-04-20,en,cbc.ca,cbc.ca,2015,False
ad14b8adfec5c57baf48deba61dc7187cf10bd5d75306ab5823d5274a030d818,"Landlord fined $75,000 for evicting tenants in bad faith — money it can recoup in less than a year from higher rents",https://www.thestar.com/news/gta/2019/02/24/landlord-fined-75000-for-evicting-tenants-in-bad-faith-money-it-can-recoup-in-less-than-a-year-from-higher-rents.html,2019-02-24,en,thestar.com,thestar.com,2019,False
68ffb6aca6fdaa2d478c88c1e76abc71a9d8c6f6ecb5a01409f83bc26b8b405c,Landlord fined a second time over eviction of 795 College St. tenants,https://www.thestar.com/news/gta/2019/05/27/landlord-fined-a-second-time-over-eviction-of-795-college-st-tenants.html,2019-05-27,en,thestar.com,thestar.com,2019,False
70d6bf1f1b76c85dcb5e6f1cbd08c519fbbbd1de313e64b13bca56282cb986b9,Landlord fined after fire crew inspection of Huntsville rental property,https://barrie.ctvnews.ca/landlord-fined-after-fire-crew-inspection-of-huntsville-rental-property-1.5332064,2021-03-03,en,ctvnews.ca,ctvnews.ca,2021,False
46d4098a915dfb688e59b04294d7887ac20457db6b99edc496d4b65a773f64f7,Landlord fined for discrimination against social assistance recipient,https://www.winnipegfreepress.com/local/landlord-fined-for-discrimination-against-woman-on-social-assistance-507428552.html,2019-03-20,en,winnipegfreepress.com,winnipegfreepress.com,2019,False
eecc315cf77ff978cce8b6ebedd31c34e4da86f8d630a3f8637686a2673b0f4d,Landlord fined for fire code violation,http://www.niagarafallsreview.ca/2017/03/28/landlord-fined-for-fire-code-violation,2017-03-28,en,niagarafallsreview.ca,niagarafallsreview.ca,2017,True
300306d9758d2f975158e8095cee635ee9559ec0289b67fee9fcaa0ea867dccf,Landlord fined for harassing tenant over opposition to laundromat,http://www.thestar.com/news/gta/2015/11/21/landlord-fined-for-harassing-tenant-over-opposition-to-illegal-public-laundromat-in-her-building.html,2015-11-21,en,thestar.com,thestar.com,2015,False
83debaed1205ab59e3a7b25d4ff405491485d3740d80ca2a2012bd4c71418b96,"Landlord for Whistler, Surrey brewpubs may face corporate shakeup after court ruling",https://bc.ctvnews.ca/landlord-for-whistler-surrey-brewpubs-may-face-corporate-shakeup-after-court-ruling-1.5963158,2022-06-25,en,ctvnews.ca,ctvnews.ca,2022,False
c48d3c3f4861833fe5246f86a1e94955d46e8533a97388d9a9bc63c9ac05661f,Landlord forced to pay at least $8K to cover costs of noisy tenant,https://toronto.ctvnews.ca/toronto-landlord-forced-to-pay-at-least-8-500-to-cover-costs-of-annoying-tenant-1.6287852,2023-02-24,en,ctvnews.ca,ctvnews.ca,2023,False
4649e1cf8cbd30b9a4c2fa79b6cf93883d7b161f4699370db6186834530cec4b,Landlord fought fire department safety orders for 3 years while renting to students,http://www.cbc.ca/news/canada/hamilton/landlord-westwood-fine-1.4417020?cmp=rss,2017-11-23,en,cbc.ca,cbc.ca,2017,False
45507bdb5d855832333cbcf567895f71752dcaec9f5b98c907e529ddffea8d9b,Landlord found couple fighting moments before alleged stabbing,https://www.thespec.com/news/canada/landlord-found-couple-fighting-moments-before-alleged-stabbing/article_11e7d836-3708-5685-bd5b-d98db1f3bf3f.html,2024-05-15,en,thespec.com,thespec.com,2024,True
d03ea2eb78a20f08c5ad4260272d4d330668f3e13974b352ca7365723d471d71,Landlord found to have violated Muslim tenants' religious rights loses appeal,http://www.torontosun.com/2017/08/16/landlord-accused-of-violating-muslim-tenants-religous-rights-loses-human-rights-appeal,2017-08-16,en,torontosun.com,torontosun.com,2017,False
390a5c57f6f0607fca42ac0e4354ef47cc847515cc9424eb588fe18f50a29a21,Landlord found to have violated Muslim tenants' religous rights loses appeal,http://www.edmontonsun.com/2017/08/16/landlord-accused-of-violating-muslim-tenants-religous-rights-loses-human-rights-appeal,2017-08-16,en,edmontonsun.com,edmontonsun.com,2017,True
9ce606554e01c3f56661b904e85c3a7b6d55c2e05d526a0f0ed7d4675462eef8,Landlord gets $50K after deputies use Taser in false arrest,https://www.thestar.com/news/world/us/2022/08/19/landlord-gets-50k-after-deputies-use-taser-in-false-arrest.html,2022-08-19,en,thestar.com,thestar.com,2022,True
d6c3377518ed9068fa6bdf1ed63091db97e9404220521cf1347f21729f4ec708,Landlord given $14K penalty for refusing service dog,https://www.winnipegfreepress.com/canada/quebec-landlord-ordered-to-pay-14000-after-refusing-family-with-service-dog-572441442.html,2020-09-17,en,winnipegfreepress.com,winnipegfreepress.com,2020,True
23f6d9947ee7617e1593671e0938f9baaa4d6ef7c1d5a27b963902c22191c72c,Landlord gives journalists access to mass-shooting suspects' home,http://www.theglobeandmail.com/news/world/landlord-gives-journalists-access-to-mass-shooting-suspects-home/article27609637/?cmpid=rss1,2015-12-04,en,theglobeandmail.com,theglobeandmail.com,2015,False
75c3e7be0aecf3f67667745898c17a3f75bfe3e434fe8b31296bb34844376ee1,Landlord group asks U.S. judge to lift new COVID-19 eviction ban,https://nationalpost.com/pmn/health-pmn/landlord-group-asks-u-s-judge-to-lift-new-covid-19-eviction-ban,2021-08-04,en,nationalpost.com,nationalpost.com,2021,False
1a0cc311d8c6d94ef91abeef6154220a7761ca965b599860fbce4d009c19118c,Landlord group says Manitoba Liberal promise of rent freeze ill-informed,http://www.cbc.ca/news/canada/manitoba/landlord-group-says-manitoba-liberal-promise-of-rent-freeze-ill-informed-1.3368072?cmp=rss,2015-12-16,en,cbc.ca,cbc.ca,2015,False
2a178ba1d2344b9b16594688e71ffc82947ef70b7612eecc9b42a0c9a39ba17c,Landlord group to appeal court decision over residential rental bylaw,https://windsor.ctvnews.ca/landlord-group-to-appeal-court-decision-over-residential-rental-bylaw-1.6849684,2024-04-16,en,ctvnews.ca,ctvnews.ca,2024,False
66a105e8b3146666f154dd7d272d717583b5eae9ae9965f6e1f8b08d28f0cd64,Landlord group urges U.S. Supreme Court to lift CDC eviction freeze,https://nationalpost.com/pmn/news-pmn/crime-pmn/landlord-group-urges-u-s-supreme-court-to-lift-cdc-eviction-freeze,2021-06-03,en,nationalpost.com,nationalpost.com,2021,False
49f9d1413b563c50d94627a382f5db8cff7bfbbf550dc902b33f553f7aafdee3,Landlord groups ask U.S. judge to toss out new COVID-19 eviction ban,https://nationalpost.com/pmn/news-pmn/crime-pmn/landlord-groups-ask-u-s-judge-to-toss-out-new-covid-19-eviction-ban,2021-08-04,en,nationalpost.com,nationalpost.com,2021,False
662433fa5d2232fc7741528635ca010cb2ec92d2417d789d02eef5348f87ea2c,Landlord guilty in Canada's largest carfentanil haul found in basement,https://torontosun.com/news/local-news/mandel-gta-landlord-guilty-in-canadas-largest-carfentanil-bust,2023-02-02,en,torontosun.com,torontosun.com,2023,False
dc8de77cef891cf822bbaff12b6e8f13f3c5c49887feb20b51dbb57637598d84,Landlord guilty of murdering Palestinian American boy in Illinois attack,https://globalnews.ca/news/11060436/joseph-czuba-guilty-murder-palestinian-american-boy-wadee-alfayoumi/,2025-02-28,en,globalnews.ca,globalnews.ca,2025,False
a249ec3494587eeaedc8d5000053a345593ecbea84c3cbf164fdb34ad0d25c40,Landlord helps foil alleged identity thefts pinned on Airbnb renter,https://leaderpost.com/news/local-news/landlord-helps-foil-alleged-identity-thefts-pinned-on-airbnb-renter,2018-08-07,en,leaderpost.com,leaderpost.com,2018,False
a7107ec32d844537e09c02c40180d846a33ff95ff4ba0a576dcc189afc30e5e1,Landlord hit with $9K fine afterbooting tenants,https://www.winnipegfreepress.com/breakingnews/2024/10/09/landlord-hit-with-9k-fine-afterbooting-tenants,2024-10-09,en,winnipegfreepress.com,winnipegfreepress.com,2024,False
2ac819759500126221cdcb47d759961adab02dc6306268cbd6a6f78667473e1b,Landlord horrified by tenant-damaged house,http://www.ctvnews.ca/canada/landlord-horrified-by-tenant-damaged-house-1.3412521,2017-05-13,en,ctvnews.ca,ctvnews.ca,2017,False
44eebd869fd397800726715c5b54dd98644cd0619d8f2f3b1f1bfef59ca52e9d,Landlord hounds dog owners for fecal samples to sniff out ‘poopetrator’,http://www.theglobeandmail.com/news/british-columbia/landlord-hounds-dog-owners-for-fecal-samples-to-sniff-out-poopetrator/article24274313/?cmpid=rss1,2015-05-05,en,theglobeandmail.com,theglobeandmail.com,2015,False
33d78b993815836f01074e767618379d2f72e7010abfca342fb8ba465a885bd1,Landlord imprisoned for decades in hate-crime attack on Palestinian American family has died,https://www.thestar.com/news/world/united-states/landlord-imprisoned-for-decades-in-hate-crime-attack-on-palestinian-american-family-has-died/article_8657a92d-c6c8-5845-8156-834cdeb4cca2.html,2025-07-26,en,thestar.com,thestar.com,2025,False
009f2fc8ffca7721b83186f8925436d3e6ca3b33e4fe5df9126daef5d52c7b0e,Landlord in fire that killed 6 due to file brief in appeal,http://nationalpost.com/pmn/news-pmn/landlord-in-fire-that-killed-6-due-to-file-brief-in-appeal,2018-01-10,en,nationalpost.com,nationalpost.com,2018,False
d7f4f4ddeaf9769b04d53a2f7e8ea51737f58ea4b1ede5e0ae87cd1ab0875cf4,Landlord in Oakland warehouse fire slammed for Facebook post,http://www.dailyheraldtribune.com/2016/12/05/landlord-in-oakland-warehouse-fire-slammed-for-facebook-post,2016-12-05,en,dailyheraldtribune.com,dailyheraldtribune.com,2016,True
9d566705d9acb697552720c196cf049f29a32af81b50ee9d87383cd1f7e8ff1a,Landlord investors face bidding wars in Kitimat,https://vancouversun.com/business/real-estate/landlord-investors-face-bidding-wars-in-kitimat,2018-10-12,en,vancouversun.com,vancouversun.com,2018,False
0a99c2e645771da85598d9463fc430d53c3882b19bb1c574c210f5357ae46788,"Landlord is 're-arranging the deck chairs on the cockroach Titanic,' tenant advocate says",https://www.cbc.ca/news/canada/toronto/stressed-out-tenant-says-his-apartment-s-been-treated-for-cockroaches-18-times-in-18-months-1.4878806?cmp=rss,2018-10-25,en,cbc.ca,cbc.ca,2018,True
468fc4cffbcd40c240544087dcc4b921a84f8fa82be45d3f09725c98f1ca32d6,Landlord jacks rent for Halifax apartment riddled with mould,https://www.cbc.ca/news/canada/nova-scotia/halifax-apartment-mould-olympus-properties-1.4892029?cmp=rss,2018-11-05,en,cbc.ca,cbc.ca,2018,False
392040b0cac6a9248a1f44b45abf584da382fe5f9bcdf8aa81e7e3ad8b4374bb,Landlord jailed for decades in hate-crime attack on Palestinian American family has died,https://www.thestar.com/news/world/united-states/landlord-jailed-for-decades-in-hate-crime-attack-on-palestinian-american-family-has-died/article_8657a92d-c6c8-5845-8156-834cdeb4cca2.html,2025-07-26,en,thestar.com,thestar.com,2025,True
513570b58b2b6117c19af8179a2388dfd3b0f09e5c4d97edc93bd8ecb4bb301c,Landlord just jacked up your rent? What you need to know about the '1991 loophole',http://www.cbc.ca/news/canada/toronto/no-fixed-address-what-s-the-deal-with-the-1991-loophole-1.4000965?cmp=rss,2017-02-21,en,cbc.ca,cbc.ca,2017,False
74df8f72f4e6befa0186fc8069927e8c2cb970259b99912a8256e4450dd66d9a,"Landlord left 'disgusting' unit filled with feces, flies and dead squid",http://www.cbc.ca/news/canada/new-brunswick/riverview-landlord-warn-bad-eviction-1.3467345?cmp=rss,2016-02-27,en,cbc.ca,cbc.ca,2016,False
5a7b118669296f9cfb435fd2b4243355606f44f2185ec6d149afa1b4339cda99,"Landlord left with dirty needles, garbage, storage bill after struggling to evict delinquent tenants",http://www.cbc.ca/news/canada/newfoundland-labrador/tenant-eviction-landlord-paradise-drugs-needles-1.4064586?cmp=rss,2017-04-10,en,cbc.ca,cbc.ca,2017,False
511102073c269139c56d4629c7e1df4e66b2ce06e4284eae844d05b7a9082b13,"Landlord licensing a fix for 'soul-destroying' conditions, tenant advocates tell city",http://www.cbc.ca/news/canada/toronto/landlord-licensing-hailed-at-city-meeting-as-fix-for-soul-destroying-conditions-1.3725869?cmp=rss,2016-08-18,en,cbc.ca,cbc.ca,2016,False
f6dda63935c5e01c4c4ce9d954e2fec49d966f4432ceece761dee01e5872c155,"Landlord licensing needed to fix 'unacceptable' conditions for low-income renters, report says",http://www.cbc.ca/news/canada/toronto/new-acorn-report-landlord-licensing-low-income-families-1.3830245?cmp=rss,2016-10-31,en,cbc.ca,cbc.ca,2016,False
cea4cf31a457c8502b24d4cbd394ba71f935c57ce2fd9a3aaef55d40928d625e,Landlord licensing passes first major hurdle at city hall,https://www.thestar.com/news/city_hall/2016/05/19/landlord-licensing-passes-first-major-hurdle-at-city-hall.html,2016-05-19,en,thestar.com,thestar.com,2016,False
4e4a021e17d6e80392c3cd87a5288b81d92e5d3fff0ffcee233f643089785e4a,Landlord loses appeal against decision in high-profile Vancouver 'renoviction' case,https://vancouversun.com/news/local-news/landlord-loses-appeal-against-decision-in-high-profile-vancouver-renoviction-case,2019-05-15,en,vancouversun.com,vancouversun.com,2019,False
391d2a639586269d0bfe2ed2c3b6d97e62e86cda9bb332072864c5f737597770,Landlord loses bid to evict Chinese-Canadian couple from 1 Rosedale Rd.,https://www.thestar.com/news/gta/2017/06/16/landlord-loses-bid-to-evict-chinese-canadian-couple-from-1-rosedale-rd.html,2017-06-16,en,thestar.com,thestar.com,2017,False
66234dbaaab595d9b2c2e753070686541c67b91e48286dee63f2a5b49f933352,Landlord may be breaking tenant act by limiting number of guests in building,http://www.cbc.ca/news/canada/kitchener-waterloo/st-patrick-s-day-land-lord-break-lease-agreement-limit-guests-1.4577440?cmp=rss,2018-03-15,en,cbc.ca,cbc.ca,2018,False
35b0287cf76d210b1a3b9d5884fee5408388717b9e807f5bb482d26ef639f721,"Landlord must pay $14,000 after refusing to rent to family with therapy dog",https://montrealgazette.com/news/local-news/landlord-must-pay-14000-after-refusing-to-rent-to-family-with-therapy-dog,2020-09-17,en,montrealgazette.com,montrealgazette.com,2020,False
03f0db52dacac6805071376dd3c03113e7968851b1bf2bebfb4e8f5d24f60ca0,Landlord nixes overdose reduction site in Kelowna at last minute,http://www.cbc.ca/news/canada/british-columbia/kelowna-overdose-prevention-1.3901597?cmp=rss,2016-07-28,en,cbc.ca,cbc.ca,2016,False
15a018c184ecb6793c303755fbbe1849cb464d902e3cca1fda17cc457750e455,"Landlord not doing enough to protect Surrey family against mould, says tenant",http://www.cbc.ca/news/canada/british-columbia/mould-problem-at-surrey-home-tenant-says-landlord-not-doing-enough-1.2901290?cmp=rss,2015-01-15,en,cbc.ca,cbc.ca,2015,False
ab4ed392a3469f439e66b83c5ca7de70a3559a793435f915702ba639cd671eef,Landlord not happy with Residential Tenancies program policy,http://globalnews.ca/news/2364525/landlord-not-happy-with-residential-tenancies-program-policy,2015-11-26,en,globalnews.ca,globalnews.ca,2015,False
46e3d183090f05f32ccf2ea9a18733d37e0e98295e37a4bb5c2fef49c4810866,Landlord of 22 Evans Avenue shares his side of the story,http://globalnews.ca/news/2973149/landlord-of-condemned-apartment-building-speaks-out/,2016-09-29,en,globalnews.ca,globalnews.ca,2016,False
edfd161c5d8a966cd82ff27b957225f077a48fa3837becf27033e0080d4304b2,Landlord of alleged Okanagan shooter recounts deadly day,https://www.abbynews.com/news/landlord-of-alleged-okanagan-shooter-recounts-deadly-day/,2019-04-18,en,abbynews.com,abbynews.com,2019,True
3b694d28471810ee1e29eda264b6a228c4e5abf1b93f90edec133c20335c9aa0,Landlord of alleged Penticton shooter recounts deadly day,https://www.bclocalnews.com/news/landlord-of-alleged-penticton-shooter-recounts-deadly-day/,2019-04-18,en,bclocalnews.com,bclocalnews.com,2019,False
ae950e2921ca1d80e07d014d847dbe40db6da8e07b4239ec0a80cd3a6e629b94,Landlord of condemend Halifax apartment shares his side of the story,http://globalnews.ca/news/2973149/landlord-of-condemned-apartment-building-speaks-out,2016-09-29,en,globalnews.ca,globalnews.ca,2016,False
07519bb11458187cd3c16eb548537bb5500b5d229d7d060ca629bef72b66a7ca,Landlord of evacuated apartments blames damage on tenants,http://www.cbc.ca/news/canada/nova-scotia/metcap-management-olive-branch-apartment-tsimiklis-evans-1.3784589?cmp=rss,2016-09-28,en,cbc.ca,cbc.ca,2016,False
125c3ae896d623b06629889c2b4834dab2b2341d5440eeb2ac0427208974d566,Landlord of hastily evacuated apartment block calls collapse warning 'absolute lie',http://www.cbc.ca/news/canada/calgary/kensington-manor-evacuation-tenants-letter-1.4431736?cmp=rss,2017-12-05,en,cbc.ca,cbc.ca,2017,False
8ff7041b6027738e1f0ae2f73e9a47eca44373b209de648e9f45d7a3999688fc,Landlord of problem house addresses questions from Courtenay council,http://www.bclocalnews.com/news/landlord-of-problem-house-addresses-questions-from-courtenay-council/,2021-04-07,en,bclocalnews.com,bclocalnews.com,2021,False
edf6bc8f6534123192e40a2919cf79b463821af22766c6fda924ecdbf907606f,"Landlord offered rent deal for sex, B.C. cafe owner says",https://bc.ctvnews.ca/b-c-cafe-owner-alleges-landlord-offered-rent-reduction-for-sexual-relationship-1.6769783,2024-02-14,en,ctvnews.ca,ctvnews.ca,2024,True
c4edf5a5fe65a96c73cebbb39397eb274b747907717612c32b87e71aba2132f1,Landlord opens up Vancouver rental home to bidding war,http://bc.ctvnews.ca/landlord-opens-up-vancouver-rental-home-to-bidding-war-1.3074649,2016-09-15,en,ctvnews.ca,ctvnews.ca,2016,False
80150ac6a62cb925e70ad2a453e4cce0ae709f34c66e400ee63dc3d41a940fa8,Landlord ordered to pay $11K after harassing B.C. mom to move days after giving birth,https://www.abbynews.com/news/landlord-ordered-to-pay-11k-after-harassing-b-c-mom-to-move-days-after-giving-birth/,2020-02-22,en,abbynews.com,abbynews.com,2020,True
b6bd0ddff28bd9e269adcb590d1016f74dcb6f64be7ecb08da1b534f125468eb,"Landlord ordered to pay $14,000 for discrimination after banning family with service dog",https://montreal.ctvnews.ca/landlord-ordered-to-pay-14-000-for-discrimination-after-banning-family-with-service-dog-1.5108589,2020-09-17,en,ctvnews.ca,ctvnews.ca,2020,False
e4eed515b39665e2e07d3292ef00f16f3c1bd24a94caa7059cf0461080233351,"Landlord ordered to pay $5,400 for tenant's strata bylaw breaches",https://bc.ctvnews.ca/b-c-landlord-ordered-to-pay-5-400-for-tenant-s-spitting-garbage-tossing-vandalism-1.6677758,2023-12-07,en,ctvnews.ca,ctvnews.ca,2023,False
16b01088add31ec3d4dc558a22a3bfb037c316e2c4d7a6db598f49c02f754d46,Landlord ordered to pay back Toronto students $5K after listing their rented rooms on Airbnb,https://www.cbc.ca/news/canada/toronto/students-warn-of-landlord-charging-double-rent-1.4810579?cmp=rss,2018-09-06,en,cbc.ca,cbc.ca,2018,False
63a7171e3d10c5d80766d7fd7a689235701b30c9ff94dbb52bdae0fa6a60ea9d,Landlord ordered to pay damages died days before rental board ruling,http://montrealgazette.com/news/landlord-ordered-to-pay-damages-died-before-rental-board-ruling,2016-02-11,en,montrealgazette.com,montrealgazette.com,2016,False
6d5de5da48b435c20f6064f2f6df946939dcbf6832b9e1c2791b061af37326d3,"Landlord ordered to pay former tenant nearly $13,000 in damages",http://montrealgazette.com/news/landlord-ordered-to-pay-former-tenant-nearly-13000-in-damages,2016-02-06,en,montrealgazette.com,montrealgazette.com,2016,False
2f1b06528f83d3d1d942d8bc34b9626a092a703cce09fe245a1739a78da8e533,"Landlord out $50,000 after tribunal rules to evict tenant, but she still hasn’t moved",https://globalnews.ca/news/8956116/landlord-50000-tribunal-evict-tenant-moved/,2022-06-29,en,globalnews.ca,globalnews.ca,2022,False
ea1d958d4679e462a645e4bb2d27f63b1fa7666fddd0bc877a08333e9b47f87c,Landlord paid $720K in taxpayer cash last year to run private emergency shelter,http://www.cbc.ca/news/canada/newfoundland-labrador/leonard-phair-emergency-shelter-st-johns-gerry-rogers-al-hawkins-1.4684369?cmp=rss,2018-06-04,en,cbc.ca,cbc.ca,2018,False
bc31146e95024c65413cb4c210a22d1c16c614d0029e2f1582a53ac63704a413,Landlord partnership program helps get people off Simcoe County streets,https://barrie.ctvnews.ca/landlord-partnership-program-helps-get-people-off-simcoe-county-streets-1.5830138,2022-03-22,en,ctvnews.ca,ctvnews.ca,2022,False
1480070932ff3593c60777aad2d929ecd951926581bc457a24768deb556cf4fc,Landlord pays high price for renter's medical marijuana grow-op,http://www.cbc.ca/news/canada/british-columbia/go-public-medical-marijuana-landlord-tenant-insurance-pulled-1.3985875?cmp=rss,2017-02-27,en,cbc.ca,cbc.ca,2017,True
a8a6b036d751b21182b6df719e4331bc81a26de890d89f0b4677825e4ed346d9,Landlord pens plea to Ford over LTB delays,https://toronto.ctvnews.ca/video?clipId=2557163,2022-11-04,en,ctvnews.ca,ctvnews.ca,2022,False
8234b17a66d69a7a322afe3e321175c8ec30cd48288c30a7d1ecf52f438bb826,Landlord pleads to six CVRD bylaw infractions at ‘problem’ properties,https://www.bclocalnews.com/news/landlord-pleads-to-six-cvrd-bylaw-infractions-at-problem-properties/,2021-09-22,en,bclocalnews.com,bclocalnews.com,2021,False
1060f264f90d870951a918eb0699057846da631d3eef5700fb9891e860050122,"Landlord pressured couple to move days after woman gave birth, human rights tribunal finds",https://bc.ctvnews.ca/landlord-pressured-couple-to-move-days-after-woman-gave-birth-human-rights-tribunal-finds-1.4822631,2020-02-21,en,ctvnews.ca,ctvnews.ca,2020,False
62c6f20c347978d19f10ce6cbb3af431af206eeef43b357c41675b16abb31dc3,"Landlord pulled young girl away from her mother as the woman was being fatally stabbed, court hears",http://www.calgarysun.com/2017/06/20/landlord-pulled-young-girl-away-from-her-mother-as-the-woman-was-being-fatally-stabbed-court-hears,2017-06-20,en,calgarysun.com,calgarysun.com,2017,False
c77f88cdd55b5f8f4d8c7efaa5dcad36cdcd45cd231f7c2c5d14cb1e1579660c,Landlord questioned after key elements disappear from historic London building,https://london.ctvnews.ca/landlord-questioned-after-key-elements-disappear-from-historic-london-building-1.4673420,2019-11-06,en,ctvnews.ca,ctvnews.ca,2019,False
3741a5b93f0cef5a6d78c48f681c193a9e2d4c7132d486c6761da65d660f1d8e,Landlord registration pilot in Brampton to target illegal suites,https://toronto.ctvnews.ca/new-landlord-registration-pilot-to-target-illegal-suites-predatory-rentals-1.6352413,2023-04-12,en,ctvnews.ca,ctvnews.ca,2023,False
a2a055d618cd94d25faf379cb840abc081c6aff0aea1a50ecd681388405807b2,Landlord registry a 'landmark' policy,http://www.torontosun.com/2017/03/29/landlord-registry-a-landmark-policy,2017-03-29,en,torontosun.com,torontosun.com,2017,False
d25d9c358ca10f0f143f88c84a0e55997af6d233995bec2835df11dae8a5b487,"Landlord registry would protect vulnerable renters, non-profit says",http://thestarphoenix.com/news/local-news/landlord-registry-would-protect-vulnerable-renters-non-profit-says,2017-11-28,en,thestarphoenix.com,thestarphoenix.com,2017,False
ea2bcbf220e78c91ecd91b7b09003035f5a4844398a53004f6ad8f6f967434c8,Landlord removes door from Hamilton tenant’s unit,https://www.thespec.com/news/hamilton-region/2021/06/09/hamilton-tenant-left-with-no-door-amid-dispute-with-landlord.html,2021-06-09,en,thespec.com,thespec.com,2021,False
7d1a69ce9ac296b67f70848d1066cc529489c9b518d6fa11215ddea697945840,"Landlord removes windows and doors after Maple Ridge, B.C. mom late with rent",https://bc.ctvnews.ca/landlord-removes-windows-and-doors-after-maple-ridge-b-c-mom-late-with-rent-1.5056941,2020-08-08,en,ctvnews.ca,ctvnews.ca,2020,True
8f76508e6d5e9b35fe25ff4746eeb76f8aa0882a36b5a23e1da4909952f6ed87,Landlord removes windows in rent dispute,https://www.ctvnews.ca/video?clipId=2010778,2020-08-08,en,ctvnews.ca,ctvnews.ca,2020,False
4d051a8463ef1f7854d9ccbda870afb201858f795514bb4f0c4244da04b57fcd,Landlord revises legal form for displaced Parliament Street apartment residents,https://www.cbc.ca/news/canada/toronto/landlord-revises-legal-form-for-displaced-parliament-street-apartment-residents-1.4801482?cmp=rss,2018-08-28,en,cbc.ca,cbc.ca,2018,True
2edbe1043f8caf7217f3af571e5bea0a15f76ff72fb19a84b3081da3ab421770,Landlord rights: What to do if a tenant trashes the place,https://www.ctvnews.ca/business/landlord-rights-what-to-do-if-a-tenant-trashes-the-place-1.3966744,2018-06-09,en,ctvnews.ca,ctvnews.ca,2018,False
b0944a9989d9f8d2687b074cf6eb5fa05fc4d8f188758d81b23aad690de3529f,"Landlord said she needed the apartment, then it popped up for rent on Kijiji",http://www.cbc.ca/news/canada/toronto/landlord-rules-1.4105236?cmp=rss,2017-04-25,en,cbc.ca,cbc.ca,2017,False
8e7fea0de80bfce20083c2adf38a827daa81ca7c6c403bed2e0d963606d3e227,Landlord says airport stabbing suspect worked as caretaker,http://lethbridgeherald.com/news/world-news/2017/06/22/landlord-says-airport-stabbing-suspect-worked-as-caretaker/,2017-06-22,en,lethbridgeherald.com,lethbridgeherald.com,2017,False
8dd6be05aeb4767e5c0cf027c6cda47cb1d1c590ccab0ffb225d438c367ac766,Landlord says B.C. billionaire’s plan for Bay properties ‘defies commercial common sense’,https://globalnews.ca/news/11328390/landlord-bc-billionaires-hudson-bay-properties-defies-commercial-common-sense/,2025-08-09,en,globalnews.ca,globalnews.ca,2025,False
5669b3097b66685d034dd9cd8cda9dbdda6806b91f78d8ef9c27957445034c48,Landlord says he was asked to empty building of tenants ahead of sale for Hamilton LRT,https://www.thespec.com/news/hamilton-region/landlord-says-he-was-asked-to-empty-building-of-tenants-ahead-of-sale-for-hamilton/article_a3f83117-7a0b-5112-a6f6-7e508b9bd696.html,2024-03-20,en,thespec.com,thespec.com,2024,True
0c6f92aeb19f5f26add0aff6815cd989f7ea2620c2a1d0119d039d9fb50da716,Landlord says he's stuck after evicted renters set up camp on his front lawn,https://calgary.ctvnews.ca/landlord-says-he-s-stuck-after-evicted-renters-set-up-camp-on-his-front-lawn-1.6467289,2023-07-04,en,ctvnews.ca,ctvnews.ca,2023,False
61b32c69a1271b770f5d3b8ef118cb7a878d48dca6cfc146eeed3905a0d602bc,Landlord says province's new roadblocks aren't 'going to stop anybody' from getting kicked out,http://www.cbc.ca/news/canada/toronto/programs/metromorning/own-use-landlord-ontario-1.4107947?cmp=rss,2017-05-10,en,cbc.ca,cbc.ca,2017,False
10d59ca1254fcd28e98854c4446a92351a4867e70dec5f5ba1636103f69edf48,Landlord says renter abusing pandemic benefits,https://vancouverisland.ctvnews.ca/video?clipId=2014028,2020-08-13,en,ctvnews.ca,ctvnews.ca,2020,False
51ba9a32bfb48a01fe5707e265a5d450ef87bed70ce9bb6fb907a52670eb0f4e,Landlord says Ruby Liu’s plan for Bay properties ‘defies commercial common sense’,https://www.thestar.com/business/landlord-says-ruby-lius-plan-for-bay-properties-defies-commercial-common-sense/article_8cebaed9-ae9c-50b7-94ae-8ad49d950ea3.html,2025-08-09,en,thestar.com,thestar.com,2025,True
42b2fea9256d82bfa6211f125e2bec41d1513377fa47bb611caf6a5e2a77fa2a,"Landlord says sale of townhouses will help build dreams. For residents facing eviction, it’s a time of turmoil.",https://www.thespec.com/news/hamilton-region/upper-ottawa-street-dicenzo-townhouses/article_f55042df-5734-5090-8921-af75ed26e84f.html,2024-07-08,en,thespec.com,thespec.com,2024,False
a6298c2ad7af21626cadd8df525c5711affd9b483d82f512b3cc149a1aacc370,Landlord says “tenant from hell” Nina Willis is at it again,http://www.thestar.com/news/gta/2016/03/16/landlord-says-tenant-from-hell-nina-willis-is-at-it-again.html,2016-03-16,en,thestar.com,thestar.com,2016,False
aa794ac116d6b136d76cff70941ceec6941ce19b2bfece0006fc329dd57e4251,Landlord scammed by deadbeat tenants RAW,http://www.cbc.ca/player/Embedded-Only/News/BC/ID/2447687410/?cmp=rss,2016-12-22,en,cbc.ca,cbc.ca,2016,False
e4ad4480c35d2678bded2ab4a717aa7508b5bd6e25d168c0c1bca9e76d6245d2,Landlord seeks court help to remove driveway squatter,http://www.ctvnews.ca/canada/landlord-seeks-court-help-to-remove-driveway-squatter-1.3658608,2017-11-01,en,ctvnews.ca,ctvnews.ca,2017,False
85ca668690c528f23f2dc77d3740ca9bd5069737cb58ec68b824e4545233abf7,Landlord selling 3 run-down rental properties on The Ridgeway,https://www.cbc.ca/news/canada/london/the-ridgeway-tenant-landlord-1.5135185?cmp=rss,2019-05-10,en,cbc.ca,cbc.ca,2019,False
2cfa37f9e19349690ef9416976dc831e12b05357685375ffc9d0626ee4c4ccfe,Landlord sentenced to 20 years for letting drug lab set up in basement of his Pickering rental home,https://www.thestar.com/news/gta/2023/05/29/landlord-sentenced-to-20-years-for-letting-drug-lab-set-up-in-basement-of-his-pickering-rental-home.html,2023-05-29,en,thestar.com,thestar.com,2023,False
f3206e1ef54d81d7485e64f9fdfd3f354cade772ee683647b9b11caaed5b69f6,"Landlord shot in face over $1,000 overdue rent, missing cat",http://cnews.canoe.com/CNEWS/Crime/2017/08/23/22747682.html?cid=rssnewscrime,2017-08-23,en,canoe.com,canoe.com,2017,False
b38fb15e507e9dfb2cd6fa29112b22f748e9b69896be4df31e5fb11920cb3f43,"Landlord should have negotiated with tenants’ union in rent repayment deal, says Ontario Landlord and Tenant Board decision",https://www.thestar.com/news/gta/2021/04/07/landlord-should-have-negotiated-with-tenants-union-in-rent-repayment-deal-says-ontario-landlord-and-tenant-board-decision.html,2021-04-07,en,thestar.com,thestar.com,2021,False
ad5009692b4d20be21005f0085eb5b69c34ae728567792129c321104d86286ed,Landlord showing house to prospective renter finds dead man,http://www.torontosun.com/2016/09/06/landlord-showing-house-to-renter-finds-dead-man,2016-09-06,en,torontosun.com,torontosun.com,2016,True
ed3902c4845be4faf98c9cfd24af2ee1be67869f8d3686b9dbdbe7cadb356aac,"Landlord shuts Halifax marijuana shop, but owner vows to reopen",http://www.cbc.ca/news/canada/nova-scotia/auntie-s-health-and-wellness-marijuana-landlord-shut-it-police-raid-1.3924873?cmp=rss,2016-12-31,en,cbc.ca,cbc.ca,2016,False
d3d2bdb6859347768f471390806d6cf22f1f9bdf8dfef22a1a24e7a66cc15a98,Landlord speaks out about Calgary rental nightmare that allegedly cost victims thousands,https://globalnews.ca/news/10355194/calgary-rental-fraud-landlord/,2024-03-12,en,globalnews.ca,globalnews.ca,2024,False
8336c62abeca834d7b8791c95c9d60b3739c42e91686b779612121bdb6d2613d,Landlord status ends friendship,http://www.torontosun.com/2017/07/10/landlord-status-ends-friendship,2017-07-10,en,torontosun.com,torontosun.com,2017,True
bc4268c5e7c4d2aed85a67dec5f09c14dab5dd089dff880b53537cffe9782b9d,Landlord stores hundreds of tires in Toronto backyard despite city order to remove them,https://globalnews.ca/news/11111331/toronto-tires-backyard/,2025-04-07,en,globalnews.ca,globalnews.ca,2025,False
50b62ff60a53412da7d96cfec2130be49d6612c0aced011b1fcd6f152f1aa1a8,"Landlord strikes down Scrooge-y, sentimental sign",https://www.winnipegfreepress.com/breakingnews/2023/11/30/landlord-strikes-down-scrooge-y-sentimental-sign,2023-11-30,en,winnipegfreepress.com,winnipegfreepress.com,2023,False
a01e401f6ab8bdd6be7fc4ae12bd369621f81a454ec3f98ed9643c196b8ce4a2,"Landlord stuck with $1,200 fine as tenants rent out condo illegally",http://montreal.ctvnews.ca/landlord-stuck-with-1-200-fine-as-tenants-rent-out-condo-illegally-1.3390646,2017-04-29,en,ctvnews.ca,ctvnews.ca,2017,False
27eb93210fff3068479f2d20f0c32dd3681cf559b64d7ba7510a6d490bbec045,Landlord sues low-income lease holders in apartment for repair costs,http://vancouversun.com/news/local-news/landlord-sues-low-income-leaseholders-in-apartment-building-for-repairs,2020-06-11,en,vancouversun.com,vancouversun.com,2020,False
e15bb61c89a87b1691284fc6a6010e46febfa7d4000bba4d3cedfac2a38f1409,Landlord sues successfully for snakes in a wall,http://montrealgazette.com/business/landlord-sues-successfully-for-snakes-in-a-wall,2016-07-07,en,montrealgazette.com,montrealgazette.com,2016,False
457991b6b0f0519e77beaae1d7db103cff043a3e7b8a498aa8324f3ed0f36b56,"Landlord takes front door, windows after single B.C. mom late with rent",https://www.abbynews.com/news/landlord-takes-front-door-windows-after-single-b-c-mom-late-with-rent/,2020-08-11,en,abbynews.com,abbynews.com,2020,True
f56d177fd4efe56e52a4579670271fdf55e71880c1bc497da2e9555dc4233eef,Landlord takes stand at fatal fire inquest,http://www.torontosun.com/2016/04/08/landlord-takes-stand-at-fatal-fire-inquest,2016-04-08,en,torontosun.com,torontosun.com,2016,False
1e3a3ba1a645a69470df6a6a4ba3550ce9c99c29f32a284be9f45a29fca17974,Landlord takes tenant's wedding dress to the dump before nuptials,http://cnews.canoe.com/CNEWS/Canada/2015/05/10/22391556.html?cid=rssnews,2015-05-10,en,canoe.com,canoe.com,2015,False
59c97a7813861bd17f3b4b3b4b5b33c151ea7daa9b3edc1fb7d2a7486c8f4029,Landlord tells tenant his boyfriend can't stay in Vancouver home,http://www.ctvnews.ca/canada/landlord-tells-tenant-his-boyfriend-can-t-stay-in-vancouver-home-1.3541471,2017-08-11,en,ctvnews.ca,ctvnews.ca,2017,False
b5c2b2853ab9f189d5a8da3e30652c92c7e3b51d322b9ed7a68e636b9abdd27b,Landlord tells this 68-year-old he's evicted because his High Park building is a 'tourist home',https://www.cbc.ca/news/canada/toronto/roncesvalles-high-park-eviction-tourist-home-1.5306727?cmp=rss,2019-10-02,en,cbc.ca,cbc.ca,2019,False
30a246aec8b633ecbc4e38d5f51fc7d0556e21c9fa54e85bdc55bd50bb107409,Landlord Tenant Board about to go into 'overdrive',https://www.nugget.ca/news/landlord-tenant-board-about-to-go-into-overdrive,2021-02-12,en,nugget.ca,nugget.ca,2021,False
06e0972bfa6da44204dcf77866a9b62f9830b064a87ba13e404b081d733549fa,Landlord Tenant Board backlog: Why Ontarians are waiting months for resolutions,https://www.ctvnews.ca/canada/landlord-tenant-board-backlog-why-ontarians-are-waiting-months-for-resolutions-1.5872030,2022-04-22,en,ctvnews.ca,ctvnews.ca,2022,False
46dc63ab021dd197ccd1dcb7aa986573cdda05f0b72e647337b0558d0af868f5,"Landlord Tenant Board, supportive housing and childcare top priorities for TBDSSAB",https://www.thespec.com/news/canada/landlord-tenant-board-supportive-housing-and-childcare-top-priorities-for-tbdssab/article_cdf64bbb-f3a6-5dac-85fe-86ce3ff9667b.html,2025-08-26,en,thespec.com,thespec.com,2025,True
0b4860da06ac011e9b72f0590960f8bc4be70efa181a0576ef8cd5e1e80fbb40,Landlord tenant conflicts often come down to respect,http://troymedia.com/2018/01/04/landlord-tenant-conflicts-often-come-respect/,2018-01-04,en,troymedia.com,troymedia.com,2018,False
f8fa367a282ecb4236031e46d0554ffd48f671fe056983ba304ee4cf03de5704,Landlord tenant dispute ends in arrest,https://kitchener.ctvnews.ca/video?clipId=2868764,2023-05-12,en,ctvnews.ca,ctvnews.ca,2023,False
9f443803347f53e0f60600fa71d058b8f0f9dad52fd7941e70fe8328f129f6bd,Landlord tenant issues run both ways,https://www.thestar.com/news/canada/2021/10/19/landlord-tenant-issues-run-both-ways.html,2021-10-19,en,thestar.com,thestar.com,2021,False
fb060d1ef1bffbb5df3ad3920fbb4148687c2b579a6c88427ea0bfb7c8d470a5,Landlord tenant mould dispute may lead to eviction,https://globalnews.ca/video/5354861/landlord-tenant-mould-dispute-may-lead-to-eviction/,2019-06-05,en,globalnews.ca,globalnews.ca,2019,False
0f5ea02d651deef755172e6fbd1942c526efc1ac786ad17f577decb1340344a1,Landlord terminating Victoria cannabis compassion club lease following pressure from province,http://www.bclocalnews.com/news/landlord-terminating-victoria-cannabis-compassion-club-lease-following-pressure-from-province/,2021-02-17,en,bclocalnews.com,bclocalnews.com,2021,False
411d207b7abbabae70c274b8e3b484961cccb11398a138ae1724539549ecd3ae,"Landlord testifies 37,000 lb. of trash removed from property rented by alleged serial rapist",https://www.cbc.ca/news/canada/calgary/richard-mantha-trial-resums-lock-testimony-landlord-acreage-1.7539473?cmp=rss,2025-05-20,en,cbc.ca,cbc.ca,2025,False
432958e13343b0d18ef892a9b21bed7222c48d207c384e9cac4c7e63c0de3efc,Landlord threatened to evict Vancouver tenants over posts in private Facebook group,https://www.cbc.ca/news/canada/british-columbia/yarrow-renters-eviction-threats-facebook-group-9.6955347?cmp=rss,2025-10-30,en,cbc.ca,cbc.ca,2025,False
48c49db3b3c3c0d312ff74f089f76b6b65816c64837db82a6ab4ed595a051385,Landlord threatens to move in a relative? This tenant says get advice first,https://www.cbc.ca/news/canada/london/london-landlord-rental-market-1.5384316?cmp=rss,2019-12-04,en,cbc.ca,cbc.ca,2019,False
ffc58b7ccaa8892c6f96db92244db6b4fda13728ab07583358232c1d3224c8f3,Landlord to refund $700 towing cost to angry tenant,https://ottawacitizen.com/news/local-news/landlord-to-refund-700-towing-cost-to-angry-tenant,2019-10-08,en,ottawacitizen.com,ottawacitizen.com,2019,False
fc4f07c12eb4f4496af001cb62ffc939784992a4584df1eb9877e98c2087561a,Landlord took family’s front door and windows,https://www.bclocalnews.com/news/landlord-took-familys-front-door-and-windows/,2020-08-11,en,bclocalnews.com,bclocalnews.com,2020,False
94c214d8fd02459a29523a45cb8009447746f9491dbc8ea8e07135014198e155,Landlord unable to evict tenants amid COVID-19 despite claims of property damage,https://regina.ctvnews.ca/landlord-unable-to-evict-tenants-amid-covid-19-despite-claims-of-property-damage-1.4940229,2020-05-14,en,ctvnews.ca,ctvnews.ca,2020,False
c73e8bd3182b32de2a427678d4b7ebf5cedf737c01c12b4005a26b4091c8331a,Landlord under fire for 'Asian only' rental ad,http://bc.ctvnews.ca/landlord-under-fire-for-asian-only-rental-ad-1.2957829,2016-06-22,en,ctvnews.ca,ctvnews.ca,2016,False
251d8629361e2f5fb3539c06c5055a0b18628ea7010b916d9086f93b5c1ed321,Landlord unsuccessful in trying to evict Hudson's Bay store in North York,https://toronto.ctvnews.ca/landlord-unsuccessful-in-trying-to-evict-hudson-s-bay-store-in-north-york-1.5200865,2020-11-23,en,ctvnews.ca,ctvnews.ca,2020,False
60d5c9ba6af8158b49ca79d9c0acfae86cc0e5f9bf95ab96e2df984f97ec90f0,Landlord using loophole to request rent hikes of up to 43%,http://bc.ctvnews.ca/landlord-using-loophole-to-request-rent-hikes-of-up-to-43-1.3323112,2017-03-13,en,ctvnews.ca,ctvnews.ca,2017,False
7565539241f2ef56ddb50d3cda379754a8cd3f7c46626e4bd6bcdb444ab84e47,Landlord wants replacement for closed Cambridge pub,https://www.therecord.com/news-story/8746722-landlord-wants-replacement-for-closed-cambridge-pub/,2018-07-17,en,therecord.com,therecord.com,2018,False
69826db8f648fce0e12a0966f42d343b6bc10a6c5363f73954ee74474e93f8a6,Landlord wants weekly garbage pickup after recent rat infestations,https://www.therecord.com/news/waterloo-region/2020/06/23/landlord-wants-weekly-garbage-pickup-after-recent-rat-infestations.html,2020-06-23,en,therecord.com,therecord.com,2020,False
d9430986165c8dc092323f702ba02792377b8a93fd37b6911fb01cdcc858b7b7,Landlord warns of exploitive scam,http://www.dailyheraldtribune.com/2018/04/23/landlord-warns-of-exploitive-scam,2018-04-23,en,dailyheraldtribune.com,dailyheraldtribune.com,2018,False
cb14101700aa1861222588b35afe70e28dc247c09594e33b6b7f119437dddcc7,"Landlord who beat and tortured tenant ordered pay more than $500,000",https://vancouversun.com/news/local-news/landlord-who-subjected-tenant-to-cruel-and-sadistic-violence-ordered-to-pay-500000,2022-01-26,en,vancouversun.com,vancouversun.com,2022,False
0f9de7b68809ebae8191cde784bf4c3cfc36c692511a8a3bad842f121e5b6926,"Landlord who beat, stabbed and buried tenants' dog gets 1 year in jail",http://www.cbc.ca/news/canada/calgary/robert-nicholson-calgary-court-sentence-dog-stabbing-1.3960531?cmp=rss,2017-01-31,en,cbc.ca,cbc.ca,2017,False
adcb6fe74d6fa7d9a57000fd340605c9bfd84692598f09cda1e8bbae5057798d,Landlord who bought 1 per cent stake in a house withdraws eviction notice — then promptly issues a new one,https://www.thestar.com/news/gta/2019/09/19/landlord-who-bought-1-per-cent-stake-in-a-house-withdraws-eviction-notice-then-promptly-issues-a-new-one.html,2019-09-19,en,thestar.com,thestar.com,2019,False
c9d41834cd95b2011c3262cf52edd83ae52f74d69b4910f496da10876830923a,Landlord who demanded sex from tenants agrees to pay $4.5M,https://www.thestar.com/news/world/us/2021/12/14/landlord-who-demanded-sex-from-tenants-agrees-to-pay-45m.html,2021-12-14,en,thestar.com,thestar.com,2021,False
14b0fbbc8ab690f9b9dffa178dc5459ddfa69a3ab4357f8db56ecc80a5156fcc,Landlord who demanded sex from tenants agrees to pay US$4.5M,https://www.ctvnews.ca/world/landlord-who-demanded-sex-from-tenants-agrees-to-pay-us-4-5m-1.5706775,2021-12-14,en,ctvnews.ca,ctvnews.ca,2021,False
47c94fc17829b7a4ae36c9230561dc71c419ef69fbb74f64ee7f349c11cbf495,"Landlord who killed two tenants, shot by police, said he wouldn't make it out alive",https://www.kelownadailycourier.ca/news/national_news/quebec/article_aaa0e291-158e-5e8f-abb4-7a8f05b92dda.html,2023-09-27,en,kelownadailycourier.ca,kelownadailycourier.ca,2023,False
a1df5964203a644207cdac251ed353fe37d89f7f3c0132781d9164ab20b2bab4,Landlord who refused to rent to Muslim men settles lawsuit,https://www.winnipegfreepress.com/arts-and-life/life/landlord-who-refused-to-rent-to-muslim-men-settles-lawsuit-509418782.html,2019-05-02,en,winnipegfreepress.com,winnipegfreepress.com,2019,True
8fc921d85d9c3bc83e2e28d49c50628f4de16a13d671164a0089ef07c2a91596,Landlord who refused to rent to Muslim men settles lawsuit,https://nationalpost.com/pmn/life-pmn/landlord-who-refused-to-rent-to-muslim-men-settles-lawsuit,2019-05-03,en,nationalpost.com,nationalpost.com,2019,False
87a37853823936fb06a896d194539f2a9230dee14251d91dfa3c4b5a7a2cace3,Landlord will ask The Suya Spot to close after weekend shooting,http://ottawacitizen.com/news/local-news/landlord-to-force-the-suya-spot-to-close-after-weekend-shooting,2016-09-27,en,ottawacitizen.com,ottawacitizen.com,2016,False
5ec18e2a75adac109924f87be2c41c7edf7bc84c0f74389558ead16da940d3f3,Landlord wins fight with tenant over Vancouver rental,http://www.cbc.ca/news/canada/british-columbia/landlord-wins-fight-with-tenant-over-vancouver-rental-1.4055670?cmp=rss,2017-04-19,en,cbc.ca,cbc.ca,2017,False
17df694f6dd491e33e2b2768d2241d94b7693fd32ec6656b3adeea44c23080ac,Landlord with a problem tenant has few options,https://www.timescolonist.com/opinion/comment-landlord-with-a-problem-tenant-has-few-options-9225224,2024-07-16,en,timescolonist.com,timescolonist.com,2024,False
60f02a097dfbba59247226d7cd8895acc966962a0c70f20ba1876d59973f96bf,Landlord withdraws eviction threat against Parkdale tenant,https://www.thestar.com/news/gta/2019/11/14/landlord-withdraws-eviction-threat-against-parkdale-tenant.html,2019-11-14,en,thestar.com,thestar.com,2019,False
dee216209a5ef0bf40b61c01762b9099f01e1b6ef6671b15e0102125b1490c2e,Landlord withdraws eviction-for-renovation notices against Parkdale tenants,https://www.thestar.com/news/gta/2022/04/24/landlord-withdraws-eviction-for-renovation-notices-against-parkdale-tenants.html,2022-04-24,en,thestar.com,thestar.com,2022,False
76c611fc32c56657205e21c6249bfd459087dcc79127a12706c85af11654c168,"Landlord, former tenants reach agreement to cover costs after sudden evacuation of illegal Bloor West apartment units",https://www.thestar.com/news/gta/2021/03/28/landlord-former-tenants-reach-agreement-to-cover-costs-after-sudden-evacuation-of-illegal-bloor-west-apartment-units.html,2021-03-28,en,thestar.com,thestar.com,2021,False
41b2b53075c813a747e28f662a199262b6efb110749f45d0d9028f647da1604c,Landlord-leaning eviction courts are about to make the coronavirus housing crisis a lot worse,http://theconversation.com/landlord-leaning-eviction-courts-are-about-to-make-the-coronavirus-housing-crisis-a-lot-worse-142803,2020-07-29,en,theconversation.com,theconversation.com,2020,False
d3e311c275b5220b29856e134c6da8ac557273f4d64d109f927d435f5c8ff672,Landlord-tenant dispute escalates,https://www.ctvnews.ca/video?clipId=2813532,2023-11-22,en,ctvnews.ca,ctvnews.ca,2023,False
5dbbd14514b15f0915d874ef9f2b11e7a2500b470309632856291dee126728c8,Landlord-tenant dispute in the Glebe,https://www.ctvnews.ca/video?clipId=2812003,2023-11-20,en,ctvnews.ca,ctvnews.ca,2023,False
585ab7131cb6e00e142f7ad4a981c9a4e2499138c820a06f831294a6bdd133e6,Landlord-tenant dispute leads to assault charge: CKPS,https://windsor.ctvnews.ca/dispute-between-landlord-and-previous-tenant-results-in-assault-charge-ckps-1.6573403,2023-09-22,en,ctvnews.ca,ctvnews.ca,2023,False
595f390f847fd7e18b141b3d4f4d45bed4ca052897e5155186120331b80b2720,Landlord-tenant dispute over Beach Boulevard eviction drags on — 15 months and counting,https://www.thespec.com/news/hamilton-region/landlord-tenant-dispute-over-beach-boulevard-eviction-drags-on-15-months-and-counting/article_3b0ba01c-2125-52ba-b342-39eba4ddc7ea.html,2025-01-27,en,thespec.com,thespec.com,2025,False
810418c5c17d7fd9600fa3d17a85e60caec2d7f75bca032d413a7c7dbb3be556,Landlord-tenant dispute over potential mould problem may lead to eviction,https://globalnews.ca/news/5354695/landlord-tenant-dispute-mould-eviction/,2019-06-05,en,globalnews.ca,globalnews.ca,2019,False
fbb9183e5933be9e136368f59fc24081a9f08d16fc0e16f681c1e6adab5513d5,Landlord-tenant dispute: B.C. homeowner ordered to pay former renter $16K,https://bc.ctvnews.ca/b-c-landlord-who-evicted-longtime-tenant-hiked-rent-and-re-listed-unit-ordered-to-pay-16k-1.7094727,2024-10-31,en,ctvnews.ca,ctvnews.ca,2024,False
c06809ec47b2d702a423102b75ea9bb75016e4d950c445cb9690c443caa0138e,Landlord-tenant hearings will soon be resolved over the phone,https://www.cbc.ca/news/canada/nova-scotia/landlord-tenant-rental-1.4768263?cmp=rss,2018-07-31,en,cbc.ca,cbc.ca,2018,False
7539d197998e2889b3c769e4b97aa96739bd45d5ff4eede7bdacced487cd6da2,Landlord-tenant relations reach a boiling point over A/C units,https://rabble.ca/political-action/landlord-tenant-relations-reach-a-boiling-point-over-a-c-units/,2022-07-21,en,rabble.ca,rabble.ca,2022,False
90350e9108519eaf50906533722daaa3df7fb3bc5e5542fbd48380b59b0a1b60,Landlord-tenant woes persist in the Sault,https://northernontario.ctvnews.ca/video?clipId=2738779,2023-08-02,en,ctvnews.ca,ctvnews.ca,2023,False
b4a5bc38b2966b2332d26f27055ba339809bf234f8c94b946914c177979dfe00,Landlord-use now most frequently used tool to evict B.C. renters,https://www.theglobeandmail.com/real-estate/vancouver/article-landlord-use-now-most-frequently-used-tool-to-evict-bc-renters/,2024-05-17,en,theglobeandmail.com,theglobeandmail.com,2024,True
affc9bc76652faf400fba7b692bc13f8fbe6b5bb2a54a6bea078e24985fff4fc,Landlord/tenant dispute leads to smashed windows in Elliot Lake,https://northernontario.ctvnews.ca/landlord-tenant-dispute-leads-to-smashed-windows-in-elliot-lake-1.5836664,2022-03-27,en,ctvnews.ca,ctvnews.ca,2022,False
89b1ce175106532b5b9f616cb4040f11899e1cbc94e3570971dbea65c77e5251,Landlords 'gaming the system' with fixed-term leases could face crackdown,http://www.cbc.ca/news/canada/british-columbia/fixed-term-leases-1.3766245?cmp=rss,2016-08-19,en,cbc.ca,cbc.ca,2016,False
0db3301b4ae064d744134389b40d5055045d9a72fc9e433c28a6afa542d1b236,"Landlords 'very disappointed' by B.C.'s capped rent hike, tenant group wants full freeze",https://bc.ctvnews.ca/landlords-very-disappointed-by-b-c-s-capped-rent-hike-tenant-group-wants-full-freeze-1.6059295,2022-09-07,en,ctvnews.ca,ctvnews.ca,2022,False
59feac7965cda4c6e25042be2c960b8affb7ef0eaff89cc1b670a2147c7c6ae0,Landlords accused of exploiting questionable workaround to justify increases,https://www.winnipegfreepress.com/breakingnews/2025/02/12/renters-swallow-upgrade-costs,2025-02-12,en,winnipegfreepress.com,winnipegfreepress.com,2025,False
ee5f05a50e8f921ef1dc6799dd5391380978a50bcb84dc2a3f57471881aa257a,"Landlords across Canada should be forced to let tenants keep pets, housing minister says",https://www.theglobeandmail.com/politics/article-landlords-across-canada-should-be-forced-to-let-tenants-keep-pets/,2025-04-23,en,theglobeandmail.com,theglobeandmail.com,2025,False
773b410a2d33c61555a28f5efeabab70833909e9786748d08fb7738d184f9e70,Landlords alert: Saint John needs more housing to help homeless stay warm this winter,https://tj.news/greater-saint-john/101742484?ref=rss,2021-12-10,en,tj.news,tj.news,2021,False
3d9a7ac1dee2f7a2a9e9ff218029bca3aa7ccdb0bab3d730dd117e558d78dce7,Landlords among most vulnerable homeowners during COVID-19 pandemic,https://globalnews.ca/news/6841479/landlords-vulnerable-homeowners-coronavirus/,2020-04-21,en,globalnews.ca,globalnews.ca,2020,False
8d3118505ac245fe5a6a842f36962c5dbe84d3a95500fff11014ac996ba2a6c3,"Landlords and renters need to work through ‘critical time,’ says Langley MLA",https://www.bclocalnews.com/news/landlords-and-renters-need-to-work-through-critical-time-says-langley-mla/,2020-04-03,en,bclocalnews.com,bclocalnews.com,2020,False
7a2538868bf9a1234bf0a3474f2b9071e64e7cf73233bf6bbc735d214eb1e2f4,Landlords and tenants face dilemma as rent due date approaches amid COVID-19,https://toronto.ctvnews.ca/landlords-and-tenants-face-dilemma-as-rent-due-date-approaches-amid-covid-19-1.4868431,2020-03-25,en,ctvnews.ca,ctvnews.ca,2020,False
11bdd1e73caceabf008b438fa6dd9d3cc6875b1c3f125d99428ee2f1efd8e447,Landlords and tenants form an unlikely alliance to fight unfair laws,http://theconversation.com/landlords-and-tenants-form-an-unlikely-alliance-to-fight-unfair-laws-123241,2019-10-08,en,theconversation.com,theconversation.com,2019,False
3675ba20719b2538cbca57084abd4c677799bf6ebce43a6dfbb70abd84006725,Landlords and tenants in Canada’s hottest housing markets finally agree on something: The system is broken on both sides,https://www.thestar.com/news/canada/2020/08/09/landlords-and-tenants-in-canadas-hottest-housing-markets-finally-agree-on-something-the-system-is-broken-on-both-sides.html,2020-08-09,en,thestar.com,thestar.com,2020,False
f0882f25568dde1808269dcdbc64a4664a10a8716e01ed4fd1623c949460da30,Landlords and tenants react to Bill 184,https://northernontario.ctvnews.ca/video?clipId=2000264,2020-07-22,en,ctvnews.ca,ctvnews.ca,2020,False
bb51f6711968db8b1a63450cd49218d31106162349eafc87ce532139326ce44e,Landlords and tenants to fight out right to grow medical marijuana under new regulations,http://rabble.ca/columnists/2016/10/landlords-and-tenants-to-fight-out-right-to-grow-medical-marijuana-under-new-regu,2016-10-27,en,rabble.ca,rabble.ca,2016,False
79e2400b806f67fca75c8b866bc733ff7c4a91299a8896835d2894a0fcf77dfe,Landlords and tenants try to find common ground,https://kitchener.ctvnews.ca/landlords-and-tenants-try-to-find-common-ground-1.4878680,2020-04-01,en,ctvnews.ca,ctvnews.ca,2020,False
ed0abff6cdfc198d34a7fc077d3f5e74541f0b01d8d4b24eebf96d9b4c8b47a5,Landlords and tenants unite to demand greater rent relief from government,https://bc.ctvnews.ca/landlords-and-tenants-unite-to-demand-greater-rent-relief-from-government-1.4920098,2020-04-30,en,ctvnews.ca,ctvnews.ca,2020,False
ef1025724bd057a02d15f69ffcaad2a6a3d726857183b8de29e7a8cc5889a2a3,Landlords answer call to help shelter London's homeless,https://lfpress.com/news/local-news/landlords-answer-call-to-help-shelter-londons-homeless,2020-11-04,en,lfpress.com,lfpress.com,2020,False
4c8285577c0f17b732d76b03ec1b9e35e5b6102b3c922a540769e8740d88f03e,Landlords apologize for 'extremely insensitive' video mocking displaced tenants forced out by massive rent hikes,https://www.winnipegfreepress.com/business/renovictions-during-a-pandemic-573842872.html,2021-02-22,en,winnipegfreepress.com,winnipegfreepress.com,2021,False
bca5ff41c264339ec5902dbc5b4f4ba64c01d4792c509c60aa5e05315b7ab4e1,Landlords appeal to tenants to stop apartment licensing,https://www.thestar.com/news/gta/2016/06/04/landlords-appeal-to-tenants-to-stop-apartment-licensing.html,2016-06-04,en,thestar.com,thestar.com,2016,False
01c7c3407ea9c84c7a1551ae725d38b09a8a581db1c99334b829a2846ebea8f4,Landlords applaud Nova Scotia’s proposed cannabis bill,https://atlantic.ctvnews.ca/landlords-applaud-nova-scotia-s-proposed-cannabis-bill-1.3871701,2018-04-04,en,ctvnews.ca,ctvnews.ca,2018,False
2c86e3df61d4c778d0b720fdc9d93d0789af013d463d38610978f3fdb71dcbd7,Landlords are abusing Above Guideline Increases to boost rents excessively,https://www.thestar.com/opinion/letters_to_the_editors/2022/08/25/landlords-are-abusing-above-guideline-increases-to-boost-rents-excessively.html,2022-08-25,en,thestar.com,thestar.com,2022,False
e70f27eba5b60e5c4f4690ab0d2dfcb6db172a959de8a028462c79284c1e465d,Landlords are collecting too much personal info on renters: privacy commissioner,https://globalnews.ca/news/4099439/landlords-are-collecting-too-much-personal-info-on-renters-privacy-commissioner/,2018-03-22,en,globalnews.ca,globalnews.ca,2018,False
46952eab1714b90ec5d1e37152052312a7f197520294a00a30955e553894ceb3,Landlords are complaining about tenants remaining in residences after eviction,https://montreal.ctvnews.ca/landlords-are-complaining-about-tenants-remaining-in-residences-after-eviction-1.5007133,2020-07-01,en,ctvnews.ca,ctvnews.ca,2020,False
b2c9f6d6c8d2307e2f8ad62aaf32ce6b107387d1ba5d2708b1a735feb9cbb0d2,"Landlords are offering free months of rent, complimentary Wi-Fi and Presto cards to attract new tenants",https://www.thestar.com/real-estate/landlords-are-offering-free-months-of-rent-complimentary-wi-fi-and-presto-cards-to-attract/article_9c425391-90f9-4fd8-aca2-fd61c613eca3.html,2025-04-01,en,thestar.com,thestar.com,2025,True
c079d26e812984c3a615f7716287b7f2ecc213a51f75621de79244ce9ec4dedd,Landlords are panicked,https://www.bclocalnews.com/news/landlords-are-panicked/,2020-03-31,en,bclocalnews.com,bclocalnews.com,2020,False
4fce41b0d396f5859fe458d7eb27de020efe5d0d3d9cf5d427b99215453fa598,Landlords are profiting from Canada’s rental shortage,https://canadiandimension.com/articles/view/landlords-are-profiting-from-canadas-rental-shortage,2023-07-11,en,canadiandimension.com,canadiandimension.com,2023,False
3d3a7ede177b9f9302b752a37c0f145a9ef5c4004ced4b6253d1d1c1f577d811,Landlords aren't being paid. Tenants are feeling squeezed. And the system that's supposed to help is broken,https://www.cbc.ca/news/canada/toronto/landlord-tenant-dispute-resolution-delays-1.6963498,2023-10-11,en,cbc.ca,cbc.ca,2023,False
0fa1b1347a038b075581dd163e620ffe6b6386f843398ce2278e6ab8e6d8793b,"Landlords ask over $1,800 for one bedroom in Hamilton, up 18% annually",https://globalnews.ca/news/9701837/rent-costs-april-2023-hamilton/,2023-05-16,en,globalnews.ca,globalnews.ca,2023,False
241990d6de5b0e66170357670038c3b68b7a1bc58a1e18c6011f615448a51769,Landlords association 'fears anarchy',https://www.nugget.ca/news/local-news/landlords-association-fears-anarchy,2019-11-27,en,nugget.ca,nugget.ca,2019,False
aef7adf08031769ff69fd77cb97bae8e94507de35a93b845030a7fff497cda0e,Landlords association proposes registry to address complaints,http://thestarphoenix.com/news/local-news/landlords-association-proposes-registry-to-address-complaints,2017-12-04,en,thestarphoenix.com,thestarphoenix.com,2017,False
5dfbfab2605cb10a2bcb84a8d083d8281f23e910021a4fd1dd2106f271a7cfcd,Landlords association wants changes to Sask. tenancy rules,http://globalnews.ca/news/2280631/landlords-association-wants-changes-to-sask-tenancy-rules/,2015-10-16,en,globalnews.ca,globalnews.ca,2015,False
4d29706e6c292c48a426177d7fea11ff28bd3c0362b573bc53782ad9f813abc5,Landlords balk at federal rent relief plan,https://www.winnipegfreepress.com/business/retail-tenants-hopeful-over-federal-relief-plan-but-landlords-reluctant-to-join-570544342.html,2020-05-17,en,winnipegfreepress.com,winnipegfreepress.com,2020,True
1404e3a8351460cd90b9da991e37a4435ed3bd181d7e05545293209cf3b5a5a1,"Landlords beware: Keep that copper tubing out of sight, out of mind",http://ottawacitizen.com/news/local-news/landlords-beware-keep-that-copper-tubing-out-of-sight-out-of-mind,2016-07-12,en,ottawacitizen.com,ottawacitizen.com,2016,False
52590deacb2f19ecefb15ee84b64369932518397a73a6ebfb6ca02303c1fdf76,Landlords buy 11 Target Canada leases for $138M,http://www.ctvnews.ca/business/landlords-buy-11-target-canada-leases-for-138m-1.2270563,2015-03-09,en,ctvnews.ca,ctvnews.ca,2015,False
4b02fa88c34ce236dc282c7177735de9694274b31e55c9b4ed25c09878bc5c88,Landlords buy back Target stores for $138 million,http://www.thestar.com/business/2015/03/08/landlords-buy-back-target-stores-for-138-million.html,2015-03-08,en,thestar.com,thestar.com,2015,False
3998de0f8caa5fc828182bbf9780e3ca05e4c657d1349f3377d7015ad45cce2d,Landlords call on Target to release inter-company claims information,http://www.theglobeandmail.com/report-on-business/landlords-call-on-target-to-release-inter-company-claims-information/article25788168/?cmpid=rss1,2015-07-30,en,theglobeandmail.com,theglobeandmail.com,2015,False
b0e3c460add9815094fe3e5333b984ac0251016fb14e4da66b8d376a71e547d7,"Landlords can be optimistic' as rents rise, vacancies dip in Calgary, property management firm says",https://www.cbc.ca/news/canada/calgary/rental-market-hope-street-rates-calgary-1.4990909?cmp=rss,2019-01-24,en,cbc.ca,cbc.ca,2019,False
f71e9b0ffd0fef780a40b8d9ba89e79b6210ffa2d7273c1463e1877dbeb06317,"Landlords can evict in B.C., but no rent hike",https://www.winnipegfreepress.com/business/rent-hike-increase-in-bc-is-frozen-but-province-says-landlords-can-evict-572113662.html,2020-08-14,en,winnipegfreepress.com,winnipegfreepress.com,2020,True
3057dccccaba2349d2399a252de258e3ffbccf7a763dc6aaec30cd418e986caa,"Landlords can hike rent by 1.8 per cent in 2026, province announces",https://www.winnipegfreepress.com/breakingnews/2025/08/29/landlords-can-hike-rent-by-1-8-per-cent-in-2026-province-announces,2025-08-29,en,winnipegfreepress.com,winnipegfreepress.com,2025,False
d47549bce12ca3f7875d528eb5d1f38fcff1ea7e5164acabd40b8beb31a5a8da,Landlords can now apply for COVID-19 tenant relief funding,https://www.intelligencer.ca/news/local-news/landlords-can-now-apply-for-covid-19-tenant-relief-funding,2020-05-26,en,intelligencer.ca,intelligencer.ca,2020,False
2fa4b7936970bf8d2995829c6f1ac6020f3ba1a78d208966741052896721bec9,"Landlords can raise rents as much as they like when a tenant moves out. If that rule were scrapped, would it make for more affordable housing?",https://www.thestar.com/news/gta/2020/11/11/landlords-can-raise-rents-as-much-as-they-like-when-a-tenant-moves-out-if-that-rule-were-scrapped-would-it-make-for-more-affordable-housing.html,2020-11-11,en,thestar.com,thestar.com,2020,False
432bc26d31626732b5bbd9760779341ff806c7ad9d64a61891519656c329950a,"Landlords can still threaten tenants with evictions, says the province",https://www.thestar.com/news/city_hall/2020/03/31/landlords-they-can-still-threaten-tenants-with-evictions-says-the-province.html,2020-03-31,en,thestar.com,thestar.com,2020,False
cbbee7400d1232af1b54ea5db436f059d77a03893e25c018939155fea5786598,"Landlords celebrate proposed amendments on cannabis, abandoned property",http://leaderpost.com/news/saskatchewan/landlords-celebrate-proposed-amendments-on-cannabis-abandoned-property,2017-12-06,en,leaderpost.com,leaderpost.com,2017,False
4928e9e944a0d5b17d310dad679d7c7cde998e2fce173ea45a496b37d549bb1c,"Landlords collect too much information from tenants, says B.C. watchdog",http://www.cbc.ca/news/canada/british-columbia/landlord-too-much-information-watchdog-1.4588430?cmp=rss,2016-07-14,en,cbc.ca,cbc.ca,2016,False
f750afa91d3c5413c65bbe7c47cf92443baef13ebd0a4be05d4bcfde2b95bc27,Landlords concerned about cannabis rules,https://www.brandonsun.com/local/landlords-concerned-about-cannabis-rules-470623183.html,2018-01-23,en,brandonsun.com,brandonsun.com,2018,False
3a89c7b72a4e1066cfe761d631a416aeb563ae02a96b2113acc266d90b7bc61c,Landlords Contractual Lien - U-Haul Storage Abbotsford,https://www.abbynews.com/notices/landlords-contractual-lien-u-haul-storage-abbotsford-7544118,2024-09-19,en,abbynews.com,abbynews.com,2024,False
b7dfaf021c0ec4c0c721202e4a037baf514a41f24b5d78a6bc182b10ec7aea0b,Landlords Contractual Lien - U-Haul Storage Center Coquitlam,https://www.abbynews.com/notices/landlords-contractual-lien-u-haul-storage-center-coquitlam/,2023-08-10,en,abbynews.com,abbynews.com,2023,False
0514af5287e04f28c54cb74bf24adf244eef6e15597ff2e85aab2deaea1a0b00,Landlords Contractual Lien - U-Haul Storage Center Matsqui Pl.,https://www.abbynews.com/notices/landlords-contractual-lien-u-haul-storage-center-matsqui-pl/,2023-03-23,en,abbynews.com,abbynews.com,2023,False
03b7ab6e1e311525fdfe759584813eb9768b3f866bd98d8491314d34bb74b7d8,Landlords Contractual Lien: U-Haul Storage Center Abbotsford,https://www.abbynews.com/notices/landlords-contractual-lien-u-haul-storage-center-abbotsford-7907972,2025-03-27,en,abbynews.com,abbynews.com,2025,False
68d14ecda3955c51e5e9615a9c8b93c0a69d6b1aba2661af276234f8cc048dfd,"Landlords Contractual Lien: U-Haul Storage Center at 30618 Matsqui Pl, Abbotsford",https://abbynews.com/2025/10/30/landlords-contractual-lien-u-haul-storage-center-at-30618-matsqui-pl-abbotsford/,2025-10-30,en,abbynews.com,abbynews.com,2025,False
4508406c37e505b80613a0ab459bd6bceb3dadf6633e7979d5840886c6143441,Landlords Contractual Lien: U-Haul Storage Center,https://www.abbynews.com/notices/landlords-contractual-lien-u-haul-storage-center-7544119,2024-09-19,en,abbynews.com,abbynews.com,2024,False
4055321a81a6cdb735331ef1d1a55885b4f2d3f559b5734ddbf9c35a37647caa,Landlords debate whether to evict destructive niece: Ethically speaking,https://www.thestar.com/life/2016/09/17/landlords-debate-whether-to-evict-destructive-niece-ethically-speaking.html,2016-09-17,en,thestar.com,thestar.com,2016,False
d2c96f5d022707f56180e4f255cd1876946121c2e8d6407883d3140fb2dd87a7,"Landlords drowning in red tape, says association",https://www.intelligencer.ca/news/local-news/landlords-drowning-in-red-tape-says-association,2019-10-11,en,intelligencer.ca,intelligencer.ca,2019,False
b8e189437c9ee34563d88311f4a6b0f3f693c883a9ea94708a30ff786bad6e8c,"Landlords face filth, damage",http://www.nugget.ca/2018/06/29/landlords-face-filth-damage,2018-06-29,en,nugget.ca,nugget.ca,2018,False
a75390f294592725941d009c0e6706771649cff230258bf050e1dbd6f3b3b5ed,Landlords fear financial fallout from new cap on rent hikes,https://www.cbc.ca/news/canada/british-columbia/landlords-fear-financial-fallout-from-new-cap-on-rent-hikes-1.4841420?cmp=rss,2018-09-27,en,cbc.ca,cbc.ca,2018,False
4bb78203dfae0da9ed835c1296f9a8ec4ca2da6b54c333c77d702ed277eec13c,Landlords fear losing rights as housing advocates demand immediate action from rental task force,http://www.cbc.ca/news/canada/british-columbia/tenants-landlords-rental-housing-task-force-1.4614417?cmp=rss,2015-09-18,en,cbc.ca,cbc.ca,2015,False
21b9ccbaaf220828d0ca06c83338ea75d8e929320e2916e35299ca7ddf4c36b0,Landlords fear property values will go up in smoke with marijuana legalization,http://www.cbc.ca/news/canada/british-columbia/landlords-fear-property-values-will-go-up-in-smoke-with-marijuana-legalization-1.4051503?cmp=rss,2017-02-27,en,cbc.ca,cbc.ca,2017,False
b3b373e657aea9899b4f6737d6292627874488e10fc5c7803613c4a4555735ff,Landlords finding loopholes to keep rent hikes high: tenant advocates,https://kitchener.ctvnews.ca/landlords-finding-loopholes-to-keep-rent-hikes-high-tenant-advocates-1.3802032,2018-02-13,en,ctvnews.ca,ctvnews.ca,2018,False
40d7797e67a262844827e6b58a069ec8c5fecddcee2b8b46567c778148f439e2,Landlords finding ways around rent cap: tenants group,https://tj.news/times-and-transcript/101925330?ref=rss,2022-07-26,en,tj.news,tj.news,2022,False
7ed83a79f95177b3baa1d38814018a294e41800ac57d7cfda06a6371444404c0,Landlords finding ways to evict after getting rental aid,https://www.winnipegfreepress.com/arts-and-life/life/health/landlords-finding-ways-to-evict-after-getting-rental-aid-576198402.html,2022-02-11,en,winnipegfreepress.com,winnipegfreepress.com,2022,True
a7f5f7880eb1c59ebe5fb42e9eac9963c9f15bf9863fe57e8d09dd08e0f429f7,"Landlords fined $30,000 after blind tenant escaped fire in Oshawa apartment",https://www.thestar.com/news/gta/2019/02/27/landlords-fined-30000-after-blind-tenant-escaped-fire-in-oshawa-apartment.html,2019-02-27,en,thestar.com,thestar.com,2019,False
eebeaf2e181612e949269460f7d296de8a6e55b4841080987864720ecad3e69a,Landlords for 23 former Hudson’s Bay locations oppose plans for Ruby Liu department stores,https://www.theglobeandmail.com/business/article-hudsons-bay-former-landlords-oppose-ruby-liu-stores/,2025-06-20,en,theglobeandmail.com,theglobeandmail.com,2025,False
815086eb7ff0ffd7eb664555cb107c0fc13a4710fe281770043612e90d80b747,Landlords frustrated with 'flawed' relief program,https://www.nugget.ca/news/local-news/landlords-frustrated-with-flawed-relief-program,2020-06-24,en,nugget.ca,nugget.ca,2020,False
7afe4457da6913800580122eb467a06b5f05282d412a8ed9f828df81408aa5be,Landlords gain two council allies,https://www.nugget.ca/news/local-news/landlords-gain-two-council-allies,2018-08-11,en,nugget.ca,nugget.ca,2018,False
fd02f5f80aa2f2d7577f567a6887007f3cd1c9810a1ffdc8c7e667f25248431c,Landlords gain unanimous council support,https://www.nugget.ca/news/local-news/landlords-gain-unanimous-council-support,2018-08-15,en,nugget.ca,nugget.ca,2018,False
230257494c6860c4195e3ae669aebf8b69b1130926c230e82a8a79e66f09d32e,Landlords get ahead of pot legislation,http://www.thewhig.com/2018/07/03/landlords-get-ahead-of-pot-legislation,2018-07-03,en,thewhig.com,thewhig.com,2018,False
6534cd4342875f77f74e14038b5c2ebce54da6a68bccdfa02ec07b25cb42bfb9,Landlords get charged up for electric cars,http://www.theglobeandmail.com/report-on-business/industry-news/property-report/landlords-get-charged-up-for-electric-cars/article23899122/?cmpid=rss1,2015-04-13,en,theglobeandmail.com,theglobeandmail.com,2015,False
f52dc80ce0bd46f0b5d1d341f5e634c8b3446828613c8d4b660557b5ec81bef9,Landlords glad to see Calgary's secondary suite process reformed,http://www.cbc.ca/news/canada/calgary/secondary-suites-calgary-1.4576725?cmp=rss,2018-03-15,en,cbc.ca,cbc.ca,2018,False
4b5acb6dd307b997c924124a61e46f577dfa76909eddf47c69aba9de0d5dca27,"Landlords going too far in quest for information on tenants, watchdog says",http://www.timescolonist.com/news/local/landlords-going-too-far-in-quest-for-information-on-tenants-watchdog-says-1.23210860,2018-03-22,en,timescolonist.com,timescolonist.com,2018,False
22816f07b6769d901f216858c6ddcabf066bdbff28dd92cccb6c921311b6158a,"Landlords have been fined 13 times in 4 years for bad faith evictions. That's far too low, say experts",https://www.cbc.ca/news/canada/toronto/bad-faith-evictions-fines-landlords-1.7008022?cmp=rss,2023-10-26,en,cbc.ca,cbc.ca,2023,False
f9cbdf70adac565a106ff62847b3a5b901048507d35309615cbee0ed2744506d,Landlords hike rent $150 over previous average in Vancouver area: report,https://bc.ctvnews.ca/landlords-hike-rent-150-over-previous-average-in-vancouver-area-report-1.6018835,2022-08-08,en,ctvnews.ca,ctvnews.ca,2022,False
c3bc8ba4b6be2972463bdd156c96190ca6fc5fe759a58a86aceca2040c49754e,Landlords hit with rent day uncertainties,https://www.nugget.ca/news/local-news/landlords-hit-with-rent-day-uncertainties,2020-04-02,en,nugget.ca,nugget.ca,2020,False
3c59e9fd9de3900ca57f47d2acfa7d3cba53bc9608cdd163c624a891a796307a,Landlords invited to municipal information session,https://brantfordexpositor.ca/news/local-news/landlords-invited-to-municipal-information-session,2021-12-07,en,brantfordexpositor.ca,brantfordexpositor.ca,2021,False
e20511e416eba9f197838d78026dc73e6889fa75ddf066bb73ddf87bfa3786ca,Landlords Invited To Session In Abbotsford On Renting To Newcomers,https://www.abbynews.com/community/landlords-invited-to-session-in-abbotsford-on-renting-to-newcomers/,2023-04-23,en,abbynews.com,abbynews.com,2023,False
b2ada8ff7e40b92f3f8ba91becf94caa7318b65efbbf8aa92834b479cacaa500,Landlords launch court proceedings against Hudson’s Bay for alleged nonpayment of rent,https://www.thestar.com/business/2020/10/13/landlords-launch-court-proceedings-against-hudsons-bay-for-alleged-nonpayment-of-rent.html,2020-10-13,en,thestar.com,thestar.com,2020,False
22290885aa2d066025970c2e31800ba559f8ee571b04ff409099d515bcf41ac7,Landlords look for an exit amid federal eviction moratorium,https://www.thestar.com/life/health_wellness/2021/08/19/landlords-look-for-an-exit-amid-federal-eviction-moratorium.html,2021-08-19,en,thestar.com,thestar.com,2021,True
72ec457ea831b8bbf8cfc0ebfa27078cac981869b38fd630492d5f70c0bf4812,"Landlords lose appeal over Toronto’s new rules to limit Airbnb, other short-term rentals",https://www.thestar.com/business/2019/11/18/tribunal-upholds-toronto-rules-on-short-term-rentals-like-airbnb.html,2019-11-18,en,thestar.com,thestar.com,2019,True
996b3dd8dcda77a220a9c493cd39ea0da46af4fe1785a41abfbd7060d8a3996b,Landlords market expected in coming year,https://www.thespec.com/news/canada/landlords-market-expected-in-coming-year/article_e988adef-929e-55da-854d-c25df0845e75.html,2024-04-12,en,thespec.com,thespec.com,2024,True
5dacb02f94bf43ed9580fd357f26f3cd8b676df4eb2fd799bf1a2aca0c19c3f2,Landlords market expected in coming year,https://lethbridgeherald.com/news/lethbridge-news/2024/04/19/landlords-market-expected-in-coming-year/,2024-04-19,en,lethbridgeherald.com,lethbridgeherald.com,2024,False
d68afd2fde8998b5667f8ea60fbb8ef723050f2bba055b33d56e396397ac6edf,Landlords must help to solve the housing crisis,https://www.therecord.com/opinion/letters-to-the-editors/2022/07/18/landlords-must-help-to-solve-the-housing-crisis.html,2022-07-18,en,therecord.com,therecord.com,2022,False
5983a08797bd62ce941bc94fe41b06a21b2f3d6eac1952fae52cd8c62b4f096b,"Landlords not doing adequate repairs, low-income tenants complain",http://www.cbc.ca/news/canada/british-columbia/landlords-pocketing-rent-money-but-not-doing-adequate-repairs-east-vancouver-tenants-complain-1.3073487?cmp=rss,2015-05-14,en,cbc.ca,cbc.ca,2015,True
b47f3d92e12bb51287c1dd3046ff554fcc100c2800fe8a0ed1763064cfb6d677,Landlords not happy to be stuck with tenants' unpaid water bills,http://thestarphoenix.com/news/local-news/landlords-not-happy-to-be-stuck-with-tenants-unpaid-water-bills,2017-04-01,en,thestarphoenix.com,thestarphoenix.com,2017,False
7f3049138b8d05662de5f1d8f787653d0cad64712c89dafe8cbfacaf2b9383de,Landlords not liable for tenant-on-tenant racial harassment,https://nationalpost.com/pmn/news-pmn/crime-pmn/landlords-not-liable-for-tenant-on-tenant-racial-harassment-u-s-appeals-court,2021-03-25,en,nationalpost.com,nationalpost.com,2021,False
cedad2e397d4a338c43236d3ee875503ae6870b56ab343799b53c2a5937937a5,Landlords now offering to cover moving expenses or first month’s rent as demand wanes,https://www.therecord.com/news/waterloo-region/2023/01/18/rents-may-have-peaked-in-waterloo-region-but-supply-shortages-spell-trouble-ahead.html,2023-01-18,en,therecord.com,therecord.com,2023,False
b5769f17c6ac70686917dc2d9e51a1c9421fe5e54a68a0164805a8f0c9b7267f,Landlords of East Vancouver building consumed by fire appear in court,https://globalnews.ca/news/10104043/vancouver-landlord-fire-code-court/,2023-11-20,en,globalnews.ca,globalnews.ca,2023,False
29ffa090715e55f343ba640e2f3fee0c42da589ec5e3999076819b89518fe5df,Landlords of Nygard properties look to recoup more than $2M in unpaid rent,https://winnipeg.ctvnews.ca/landlords-of-nygard-properties-look-to-recoup-more-than-2m-in-unpaid-rent-1.4968083,2020-06-03,en,ctvnews.ca,ctvnews.ca,2020,False
f0ab2139c38aff7e71dc1b8bb6ceebc9ac67edb141c6ba4456d59dbc01d5240c,Landlords off the hook,http://www.brantfordexpositor.ca/2018/06/29/tenants-remain-responsible-for-municipal-water-bills,2018-06-29,en,brantfordexpositor.ca,brantfordexpositor.ca,2018,False
4a9faf74ebd2f18889ad05c2b8be29a8b5f7231daffe7bf4b1fcbe7c0f2f14a8,Landlords offer expertise as Ontario sorts out commercial rental assistance,https://www.thestar.com/news/canada/2020/05/18/landlords-offer-expertise-as-ontario-sorts-out-commercial-rental-assistance.html,2020-05-18,en,thestar.com,thestar.com,2020,False
b838f904c20072520510c187e84f14bddd10980a69768e6759ef372dbc8e33c4,Landlords offered guidance on evicting trouble tenants,https://www.brandonsun.com/local/landlords-offered-guidance-on-evicting-trouble-tenants-509569992.html,2019-05-07,en,brandonsun.com,brandonsun.com,2019,False
80e8bc287c5c63f8b2dda4cad33b16a6781f34f9ed5bf74f11bdaa769eed8c85,Landlords out thousands in rent urging action from MPPs,https://torontosun.com/news/local-news/landlords-out-thousands-in-rent-urging-action-from-mpps,2022-10-28,en,torontosun.com,torontosun.com,2022,False
57fa284213302b8961a67cacac91381c4858dc0de0fcede2e083ade2459a53c4,Landlords penalized by 'enabling' system,http://www.nugget.ca/2018/04/17/landlords-penalized-by-enabling-system,2018-04-17,en,nugget.ca,nugget.ca,2018,False
db2c5d9de893bc8b25fdb253ef78c42c4e34433e539bf1baf4c7c758dae23fde,Landlords plead for more COVID-19 support from province,https://winnipegsun.com/news/news-news/landlords-plead-for-more-covid-19-support-from-province,2020-05-23,en,winnipegsun.com,winnipegsun.com,2020,False
32eec3e709bdcce642385354c46bebab0ab5f74de30b1e9658b05d2947e3f15e,Landlords raise concerns around tenants leaving,https://regina.ctvnews.ca/landlords-raise-concerns-around-tenants-leaving-1.3966368,2018-06-08,en,ctvnews.ca,ctvnews.ca,2018,False
1a02111f642ce5e7a021085c7e11a4a3c9c36c2bcc9ff48998b7b5e4adcc0bb7,Landlords ready to support revised nuisance party bylaw,https://lfpress.com/news/local-news/landlords-ready-to-support-revised-nuisance-party-bylaw,2019-08-07,en,lfpress.com,lfpress.com,2019,False
79e290c67d6dbba5719a72970a42c6ad75adc82b30e9eca01986ec5461997cc3,Landlords regaining the upper hand in Toronto’s rental market,https://www.thestar.com/news/gta/2021/07/19/landlords-regaining-the-upper-hand-in-torontos-rental-market.html,2021-07-19,en,thestar.com,thestar.com,2021,False
b8ad631a2986234ba49a263713077b0078ef651369e0f884f50955033a0de265,Landlords reporting increase in tenants refusing to pay rent or leave,https://kitchener.ctvnews.ca/landlords-reporting-increase-in-tenants-refusing-to-pay-rent-or-leave-1.6853176,2024-04-18,en,ctvnews.ca,ctvnews.ca,2024,False
4b2f1745c0abc29b735d7d330a0e4703cb7d2813edc47b0303698da3a7215429,"Landlords respond to Horgan’s announcement about rental contributions, eviction freezes",http://www.bclocalnews.com/news/landlords-respond-to-horgans-announcement-about-rental-contributions-eviction-freezes/,2020-03-27,en,bclocalnews.com,bclocalnews.com,2020,False
bd0607922b287105b6e42d7f59e74ace2971961416c685cde454fcb69419a23d,"Landlords responsible, too",http://www.thestar.com/opinion/letters_to_the_editors/2016/01/11/landlords-responsible-too.html,2016-01-11,en,thestar.com,thestar.com,2016,False
6a7f97d81202d07e09e323aa530ec515b9c0853bb0748a4b73581f84d646f390,Landlords say B.C. billionaire Ruby Liu's plan for Bay properties 'defies commercial common sense',https://www.cbc.ca/news/canada/british-columbia/ruby-liu-hudsons-bay-cadillac-fairview-block-tenancy-1.7605288?cmp=rss,2025-08-10,en,cbc.ca,cbc.ca,2025,False
a68ff445f08b9ebfb9342bee5aefd13f19bf3aeaf5446d9387072421cbe96850,Landlords say backlog in hearings is costing them thousands of dollars a month,https://globalnews.ca/video/7606866/landlords-say-backlog-in-hearings-is-costing-them-thousands-of-dollars-a-month/,2021-01-28,en,globalnews.ca,globalnews.ca,2021,False
46ee17f99f0ba54898782faba1cc61d2069c475da89456c0f045a5e50142f4aa,Landlords say big assessment hike will likely result in big rent hikes,https://tj.news/telegraph-journal/101684487?ref=rss,2021-10-07,en,tj.news,tj.news,2021,False
34b50bd9c719f387805f1aa5791345b6d72c8300653020fa7a8066b357a2d3b2,Landlords say rent hikes to continue without tax cuts,https://tj.news/telegraph-journal/102056011?ref=rss,2023-01-31,en,tj.news,tj.news,2023,False
2eccca5fd06e1afa8f51f17604a82a4635ea6ab2a8b24ed56ff2b23e0c318eb0,Landlords say Ruby Liu’s plan for Bay properties ‘defies commercial common sense’,https://www.thestar.com/business/landlords-say-ruby-lius-plan-for-bay-properties-defies-commercial-common-sense/article_8cebaed9-ae9c-50b7-94ae-8ad49d950ea3.html,2025-08-09,en,thestar.com,thestar.com,2025,True
1190a7a3a76312245f2d7a1e3a724954910a181e4dbaa7ebcbaa4f3c68825c6e,Landlords say Ruby Liu’s plan to take over 25 Hudson’s Bay properties ‘defies commercial common sense’,https://www.theglobeandmail.com/business/article-hudsons-bay-landlords-ruby-liu-leases/,2025-08-10,en,theglobeandmail.com,theglobeandmail.com,2025,False
ccb98650e3d14eed30e18df788c70113703804bfff75051290cabc8422744bdc,Landlords say tenants will pay if city creates rental licensing system,https://windsorstar.com/news/local-news/landlords-say-tenants-will-pay-if-city-proceeds-with-rental-licensing-regime,2021-03-05,en,windsorstar.com,windsorstar.com,2021,False
2ad385816b2160a1d08d3a59a13ccae13896ecc613a595e1b53378ab30aae349,Landlords say they should be allowed to charge rental deposits,https://montrealgazette.com/news/local-news/landlords-say-they-should-be-allowed-to-charge-rental-deposits,2019-06-30,en,montrealgazette.com,montrealgazette.com,2019,False
9129a337e1512de42e0780aac6c2448c19b78b8cbb3d88b0b395c71dbd1cf013,Landlords say welfare change will lead to more evictions: survey,https://thestarphoenix.com/news/saskatchewan/landlords-say-welfare-change-will-lead-to-more-evictions-survey,2019-12-16,en,thestarphoenix.com,thestarphoenix.com,2019,False
7a3e93157f139d164ea28f9f66f14d941f61124b6cb02a5edded12dea387d588,Landlords scammed by bad tenants,http://www.cbc.ca/player/News/Canada/BC/ID/2447740118/?cmp=rss,2016-12-22,en,cbc.ca,cbc.ca,2016,False
4d7c24b42ecec564e33cc9d4f30ec1749e79bd52ef0afe1b0005f218fcd1a40a,Landlords seeing surge in commercial leases,https://www.winnipegfreepress.com/business/retailers-renewed-confidence-in-brick-and-mortar-fuelling-surge-in-commercial-leases-576575162.html,2022-06-08,en,winnipegfreepress.com,winnipegfreepress.com,2022,False
82882ce5317da46159f40e28a8e48614c1b1ec0100e377928ed3aadf77340f07,Landlords seek loopholes in Airbnb agreement with Vancouver,https://bc.ctvnews.ca/landlords-seek-loopholes-in-airbnb-agreement-with-vancouver-1.4081088,2018-09-05,en,ctvnews.ca,ctvnews.ca,2018,False
760bcd77d6748bbcc6162788429c71830965b187349782181572d5ac9cdbf5af,"Landlords should be able to ban marijuana in apartments, survey finds",https://atlantic.ctvnews.ca/landlords-should-be-able-to-ban-marijuana-in-apartments-survey-finds-1.3863572,2018-03-28,en,ctvnews.ca,ctvnews.ca,2018,False
a353807197bc31d18580948872c0e221b1dda68dfb94e34d1fa52ac898804038,Landlords should be able to recover costs,http://www.timescolonist.com/opinion/letters/landlords-should-be-able-to-recover-costs-1.23077673,2017-10-28,en,timescolonist.com,timescolonist.com,2017,False
509de81656e4d8b2efde101fae0749d996ee44aecf3d028a0b9592686efad2ce,Landlords should be allowed to ban pot smoking,https://www.thestar.com/opinion/editorials/2018/01/23/landlords-should-be-allowed-to-ban-pot-smoking.html,2018-01-23,en,thestar.com,thestar.com,2018,False
63e222a8c60802a4955b17358e4d56fb833279d1e14825629edb6974cab106ff,"Landlords should have more responsibility for evicted tenants, says Maple Ridge, B.C., councillor",http://www.cbc.ca/news/canada/british-columbia/tenant-relocation-assistance-policy-maple-ridge-1.4567647?cmp=rss,2017-11-28,en,cbc.ca,cbc.ca,2017,False
b189293388441e77ecbba28927951d19b7babc192d89d36650d203b114397fca,"Landlords shouldn’t be allowed to raise rents between tenants, says Toronto’s top housing official",https://www.thestar.com/news/gta/2022/07/18/landlords-shouldnt-be-allowed-to-raise-rents-between-tenants-says-torontos-top-housing-official.html,2022-07-18,en,thestar.com,thestar.com,2022,False
eafd3bd9754302af5d6aa6955927aa5891fbcff783bba9796f4a33b2a2a7fd2e,Landlords smell high-rise problem looming as marijuana legalization nears,https://www.theglobeandmail.com/real-estate/toronto/landlords-smell-high-rise-problem-looming-as-marijuana-legalization-nears/article37801926/?cmpid=rss1,2018-01-31,en,theglobeandmail.com,theglobeandmail.com,2018,False
40d5cc4c3c45f0eeb212bd135320f756180d6f8aded7beb72779a72aafc2dae0,Landlords snap up coveted Target leases,http://www.theglobeandmail.com/report-on-business/landlords-snap-up-coveted-target-leases/article23247025/?cmpid=rss1,2015-03-02,en,theglobeandmail.com,theglobeandmail.com,2015,False
84b0c919a5efbdd485e5ef949994852bd4698177541fd05e96f30b7970753d5e,Landlords struggle to find tenants as Calgary vacancy rate climbs,http://www.cbc.ca/news/canada/calgary/calgary-rental-market-cmhc-vacancy-rates-1.3758070?cmp=rss,2016-08-02,en,cbc.ca,cbc.ca,2016,False
341a9d9747a78b52f3b8922ec4aaa7e7e8051a29772fa86c28089f87790c0d24,Landlords struggle with problem tenants,https://northernontario.ctvnews.ca/video?clipId=1995773,2020-07-15,en,ctvnews.ca,ctvnews.ca,2020,False
b2a1ad0f024d792233293e3dbd2e72427a8a313e3aa6af41fc267d6caa9be509,"Landlords sue Hudson's Bay for unpaid rent, retailer says malls aren't 'first class'@",https://montreal.ctvnews.ca/landlords-sue-hudson-s-bay-for-unpaid-rent-retailer-says-malls-aren-t-first-class-1.5145106,2020-10-14,en,ctvnews.ca,ctvnews.ca,2020,False
bc33ec5c2c9dddaaec79d3c3e5b2e45118519e1a7ac82a39e330dd95169b44a3,"Landlords sue Hudson's Bay for unpaid rent, retailer says malls aren't 'first class'",http://www.timescolonist.com/landlords-sue-hudson-s-bay-for-unpaid-rent-retailer-says-malls-aren-t-first-class-1.24220348,2020-10-14,en,timescolonist.com,timescolonist.com,2020,False
1189ebd91abf5c45668661eaa930dceefa56272b50e2e9be857b32b62da1b57d,Landlords sue Hudson’s Bay for unpaid rent at multiple Quebec locations,https://globalnews.ca/news/7396947/hudsons-bay-unpaid-rent-coronavirus/,2020-10-14,en,globalnews.ca,globalnews.ca,2020,False
c13f3208d1bbd1f546b1f94e59ba3f31684e50197b2299ecbf54310ad2f5cfb3,"Landlords sue Hudson’s Bay for unpaid rent, retailer says malls aren’t ‘first class’",https://www.thestar.com/business/2020/10/14/landlords-sue-hudsons-bay-for-unpaid-rent-retailer-says-malls-arent-first-class.html,2020-10-14,en,thestar.com,thestar.com,2020,True
4afd636ec145af9c7c84695ea18ee826f6eff08afd3a1e5df8018647bc2da4ed,Landlords suing to push back against eviction ban,https://www.thestar.com/news/world/us/2020/09/25/landlords-suing-to-push-back-against-eviction-ban.html,2020-09-25,en,thestar.com,thestar.com,2020,False
593280a1f52b7514316c62c4b28d6b4f31bb8a8d03056596d1b26ce69fb60359,Landlords threw a party celebrating evictions,https://tj.news/national-post/102169186?ref=rss,2023-09-15,en,tj.news,tj.news,2023,False
991fabd0635f090ab451effffc60c55b3ddda09c4a3a13a4509256d487f52e01,"Landlords to meet with ministers, request double-tax be halved this year",https://tj.news/telegraph-journal/101715281?ref=rss,2021-11-11,en,tj.news,tj.news,2021,False
b50e88bdafcb7e8ab46e7afb7c4a29ec526d3df3a4b3b93555a9a73c851691bd,Landlords to Tesla: You're Still on the Hook for Your Store Leases,https://www.thestar.com/wsj/markets/2019/03/08/landlords-to-tesla-youre-still-on-the-hook-for-your-store-leases.html,2019-03-08,en,thestar.com,thestar.com,2019,False
6d4231a23905d0f4e09dc8a715d8a15f29c38633c249d4b65250bd702b1f3305,Landlords triumphed in eviction hearings during pandemic: study,https://leaderpost.com/news/saskatchewan/landlords-triumphed-in-eviction-hearings-during-pandemic-study,2021-08-04,en,leaderpost.com,leaderpost.com,2021,False
52ffdfcc492824e3aab1fce2d67331fab696ba37c29b6c3f5e5294aab5bc59eb,Landlords try to stop rent control initiative in Florida,https://www.thestar.com/life/2022/08/20/landlords-try-to-stop-rent-control-initiative-in-florida.html,2022-08-20,en,thestar.com,thestar.com,2022,True
856777dbb565f5dcba2e14b722e4b5152def08c08b11c9530b33837409dd4a50,Landlords unsatisfied with proposed cannabis restrictions,https://globalnews.ca/news/4116198/landlords-unsatisfied-with-proposed-cannabis-restrictions/,2018-03-31,en,globalnews.ca,globalnews.ca,2018,False
03e0c10fcf6a376ef7f7e3b5c5b6b64581a437d22849c9df87a47ce3d938d0af,Landlords upset at tenants sharing information about rent,http://montreal.ctvnews.ca/landlords-upset-at-tenants-sharing-information-about-rent-1.3463585,2017-06-16,en,ctvnews.ca,ctvnews.ca,2017,False
873be741f99f46ab70840f0cde791b00ce402a6fb7c961e67b64151a358c4bce,"Landlords using evictions, hikes to circumvent rent control, Toronto tenants say",http://www.theglobeandmail.com/real-estate/toronto/toronto-rental-landlord-eviction/article34414723/?cmpid=rss1,2017-03-24,en,theglobeandmail.com,theglobeandmail.com,2017,False
72c017b9431ef0af9ab242fa1d66eb2d7c1589075fec7cebb07de2b812dde97d,Landlords want ability to ban marijuana use in rental properties,https://kitchener.ctvnews.ca/landlords-want-ability-to-ban-marijuana-use-in-rental-properties-1.3770409,2018-01-22,en,ctvnews.ca,ctvnews.ca,2018,False
9840cba5ea4b1de558ea170b6b24a9ca2b495e21544727f67630ab80f92d1c70,Landlords want right to ban tenants from growing marijuana,http://www.ctvnews.ca/politics/landlords-want-right-to-ban-tenants-from-growing-marijuana-1.3372528,2017-04-17,en,ctvnews.ca,ctvnews.ca,2017,False
335c969eea185eaa45f6aadd26d0ded8d8e3a1f493c412fba5d172b5905f150b,Landlords want right to ban tenants’ marijuana,http://www.lfpress.com/2018/01/22/ontario-landlords-want-right-to-ban-marijuana-in-rental-units-despite-tenant-laws,2018-01-22,en,lfpress.com,lfpress.com,2018,True
33d95ade1b51a7c4760b3f15e559cb18890fca75e5ee58da1e74159c16b7a7f1,Landlords want to decide whether tenants can grow pot if bill passes,http://winnipeg.ctvnews.ca/landlords-want-to-decide-whether-tenants-can-grow-pot-if-bill-passes-1.3370772,2017-04-16,en,ctvnews.ca,ctvnews.ca,2017,False
704d4f1e41da5bf4f24e3fa55f876e8bdb08ce90aea6a66c0d9332b233cf9ea8,Landlords want your rent to go up. Doug Ford is making it happen,https://canadiandimension.com/articles/view/landlords-want-your-rent-to-go-up-doug-ford-is-making-it-happen,2025-11-10,en,canadiandimension.com,canadiandimension.com,2025,False
334cb3c4aaff104462ac78173097a6e45adb67fefb0a30efec591ba87a125eee,Landlords wanted: Victoria charity seeks rental spaces for homeless,https://www.cbc.ca/news/canada/british-columbia/landlords-wanted-victoria-charity-seeks-rental-spaces-for-homeless-1.4748085?cmp=rss,2017-02-22,en,cbc.ca,cbc.ca,2017,False
8f070f9ae58199b0aacd384923bdf4dc2d715b0619d6ad6aaf41cc18fa715013,Landlords wanted: Victoria charity seeks rental spaces for homeless,https://www.cbc.ca/news/canada/british-columbia/landlords-wanted-victoria-charity-seeks-rental-spaces-for-the-homeless-1.4748085?cmp=rss,2018-07-15,en,cbc.ca,cbc.ca,2018,False
92807d46957486482a25170fad95eb995f48147b91a6c8c4646cf581f3ffe793,"Landlords warned after drug lab found in rented garage, suspect sought by police",https://edmonton.ctvnews.ca/landlords-warned-after-drug-lab-found-in-rented-garage-suspect-sought-by-police-1.4480157,2019-06-24,en,ctvnews.ca,ctvnews.ca,2019,False
c770cab62b99d0001ac786f856a43f6631895b97726c929c316dfa8a4029c176,Landlords wary of proposed commercial rent assistance,https://www.nugget.ca/news/local-news/landlords-wary-of-proposed-commercial-rent-assistance,2020-04-29,en,nugget.ca,nugget.ca,2020,False
12b987b09d2d29f57acc70578248014567cdd7599e1e2bbd84996f9dadec2d01,"Landlords who evict tenants for their own use will have to offer compensation, proposed legislation says",https://www.thestar.com/news/queenspark/2017/04/27/landlords-who-evict-tenants-for-their-own-use-will-have-to-offer-compensation-proposed-legislation-says.html,2017-04-27,en,thestar.com,thestar.com,2017,False
07acaa4fd6c918c1ac7358956418714c5656dcc8fd4335b6f35b0b427d2df36c,Landlords who try to renovict tenants in New Westminster will now face fines or lose business license,https://www.thestar.com/vancouver/2019/02/05/landlords-who-try-to-renovict-tenants-in-new-westminster-will-now-face-fines-or-lose-business-license.html,2019-02-05,en,thestar.com,thestar.com,2019,False
f8bedeca284f11945e6bc175554097311e734a92456752d1ef16190845de641b,Landlords who ‘renovict’ tenants in New Westminster could face fines,https://globalnews.ca/news/4928604/new-westminster-renoviction-fines/,2019-02-05,en,globalnews.ca,globalnews.ca,2019,False
8024116303daacafbf761a88963dffa11842d588d38e32f999af8e40d613cb92,Landlords will be able to evict tenants in B.C. again soon,https://bc.ctvnews.ca/landlords-will-be-able-to-evict-tenants-in-b-c-again-soon-just-not-for-non-payment-of-rent-1.4992147,2020-06-19,en,ctvnews.ca,ctvnews.ca,2020,False
e962596c37c38d2094e64cad566c3eec75d944bd7b7cea27081688c0f0a45fb0,Landlords will be forbidden from evicting tenants for no reason – but reform has only just begun,http://theconversation.com/landlords-will-be-forbidden-from-evicting-tenants-for-no-reason-but-reform-has-only-just-begun-115589,2019-04-18,en,theconversation.com,theconversation.com,2019,False
bb21ee17664be10bdfc17cbe40313e71f3dc37f0cfc165e9228799a8aa989feb,Landlords with long-term leases call for more latitude in Ontario rent caps,https://intelligencer.ca/news/landlords-with-long-term-leases-call-for-more-latitude-in-ontario-rent-caps,2022-02-17,en,intelligencer.ca,intelligencer.ca,2022,False
e06b11163b501de78fe096185dd6911b63a479c01e035b9906ccc64cfd9abf64,Landlords won't be put on the hook for unpaid tenant utility bills in Summerside,http://www.cbc.ca/news/canada/prince-edward-island/pei-summerside-utility-bills-landlords-1.3805182?cmp=rss,2016-02-19,en,cbc.ca,cbc.ca,2016,False
d9537164b9737948dea31fc0c73f78a1495d85100e0e59e9d608cb98fdb662e7,Landlords worried about pot use in apartments,http://montreal.ctvnews.ca/landlords-worried-about-pot-use-in-apartments-1.3368977,2017-04-14,en,ctvnews.ca,ctvnews.ca,2017,False
d093143c26351310baa492e5390939e35f42d91605e854b638ac956a2effe2bd,Landlords worry about finding student tenants with fall classes online,http://thestarphoenix.com/news/local-news/landlords-worry-about-finding-student-tenants-for-fall-as-classes-go-online,2020-05-26,en,thestarphoenix.com,thestarphoenix.com,2020,False
fe5a7d51c881a3cd8e85b968fc25925067f394093a67545e577dad9fb7232b1a,Landlords would back expanded carbon monoxide alarm rules,https://thestarphoenix.com/news/local-news/landlords-would-back-expanded-carbon-monoxide-alarm-rules,2021-01-22,en,thestarphoenix.com,thestarphoenix.com,2021,False
657769bc85784182b9cc2d68110ad43e7bdc24ea7bb4b268082fb574e304d29c,"Landlords' asking prices in Vancouver have decreased during COVID-19, but rental sites disagree on how much",https://bc.ctvnews.ca/landlords-asking-prices-in-vancouver-have-decreased-during-covid-19-but-rental-sites-disagree-on-how-much-1.5026241,2020-07-15,en,ctvnews.ca,ctvnews.ca,2020,False
b4b9e40786244da6ada4128017a47df3a90365826f77f5a42d610c114423aed1,"Landlords' demands for sex 'horrifying,' 'dangerous': mayor",http://bc.ctvnews.ca/landlords-demands-for-sex-horrifying-dangerous-mayor-1.3093518,2016-09-28,en,ctvnews.ca,ctvnews.ca,2016,False
2fc2ab8029489e5b86d06ea8911bedc23877f0afb1000babd83d267ee0899481,Landlords' fears about pot-growing renters overblown: horticulture expert,http://www.cbc.ca/news/canada/saskatchewan/landlords-renters-marijuana-damage-1.4439937?cmp=rss,2017-12-08,en,cbc.ca,cbc.ca,2017,False
8272cecb8f255d470885bec41bca9170c823078b3bea7e8959f96ad82a2afec8,Landlords' group seeks a ban on short-term rentals,http://montrealgazette.com/news/landlords-group-seeks-a-ban-on-short-term-rentals,2015-08-20,en,montrealgazette.com,montrealgazette.com,2015,False
b03892bc9cb8f3d0214de2341aeb16f23b6dd43966153203de90a48503a7d448,"Landlords, housing advocates hope council loosens 'arbitrary' rules on secondary suites",https://www.cbc.ca/news/canada/toronto/landlords-housing-advocates-hope-council-loosens-arbitrary-rules-on-secondary-suites-1.4895814?cmp=rss,2018-11-08,en,cbc.ca,cbc.ca,2018,False
33866df3594854ca39652f05b4fc05b59d4704792df22659ea578ba3b592df98,"Landlords, renters disagree on future of tenancy laws as rental task force gets underway",http://www.cbc.ca/news/canada/british-columbia/landlords-renters-disagree-on-future-of-tenancy-law-1.4694836?cmp=rss,2018-06-06,en,cbc.ca,cbc.ca,2018,False
5b1b90b64e92c1d9aa722bb01a1ef064391acd6faacf0ff5f0ef00626d33e17a,"Landlords, tenants 'want justice served'",https://www.bclocalnews.com/news/landlords-tenants-want-justice-served/,2018-06-05,en,bclocalnews.com,bclocalnews.com,2018,False
d2f4b32a49a6728534b5e149222adac24651a0524b92821415f57ceab6fd8837,"Landlords, tenants calling for protection — but when will it happen?",http://www.cbc.ca/news/canada/newfoundland-labrador/residential-tenancies-act-landlords-tenants-service-nl-1.4353416?cmp=rss,2017-10-13,en,cbc.ca,cbc.ca,2017,False
30d162339230578bba87c8b0f5a17e90d6079145af18f1bfd475728ca2cf049b,"Landlords, tenants fill courts as eviction moratorium ends",https://www.thestar.com/news/world/us/2021/08/03/landlords-tenants-fill-courts-as-eviction-moratorium-ends.html,2021-08-03,en,thestar.com,thestar.com,2021,True
8f37952946eb372b15fdaa7b8f5930c011f9730f4508327b29b7154204b1af5f,"Landlords, tenants fill U.S. courts as eviction moratorium ends",https://www.ctvnews.ca/world/landlords-tenants-fill-u-s-courts-as-eviction-moratorium-ends-1.5532325,2021-08-03,en,ctvnews.ca,ctvnews.ca,2021,False
cf3191380b1bc5aaa00251e5d28fa9642c4a7f3ec753f0b3034b81c2c6bf674f,"Landlords, tenants seek solutions in Alberta as rent looms",https://calgaryherald.com/news/landlords-tenants-seek-solutions-as-rent-looms,2020-03-27,en,calgaryherald.com,calgaryherald.com,2020,False
dfe576da6f812cf232519dd91f96a86acf30fd68d501e093688e21a5132b424e,"Landlords, tenants square off on legal pot growing in rental units",http://montreal.ctvnews.ca/landlords-tenants-square-off-on-legal-pot-growing-in-rental-units-1.3371655,2017-04-17,en,ctvnews.ca,ctvnews.ca,2017,False
d245537b6ff81efdf398fe715fd86f880a722c8c0975c3a0b09029a978fb1ac0,"Landlords’ hands tied in battle against overcrowded houses in Cambridge, advocate says",https://www.therecord.com/news/landlords-hands-tied-in-battle-against-overcrowded-houses-in-cambridge-advocate-says/article_583733db-046d-5702-be53-c2daff384014.html,2024-03-19,en,therecord.com,therecord.com,2024,False
e9a0947a8e4c180c5203988f5d896a0ebc33e9644f781de517619b3cab13c8c4,Landlords’ rights not being protected,http://www.timescolonist.com/opinion/letters/landlords-rights-not-being-protected-1.21109482,2017-07-13,en,timescolonist.com,timescolonist.com,2017,False
42318f4adc445e902980a06a78fee8bdb34360e1a3ddb2d98a9b213d431a9b34,"Langley pot dispensary landlord must pay $96,000 in fines: judge",http://www.bclocalnews.com/news/langley-pot-dispensary-landlord-must-pay-96000-in-fines-judge/,2018-10-04,en,bclocalnews.com,bclocalnews.com,2018,False
ac01bb9769fab927f52566866a1b9661ea5c7d3beed432117d8c10f7769538ce,Large family refused rental home by landlord takes case to B.C. Human Rights Tribunal,https://globalnews.ca/news/3841371/a-large-family-that-was-refused-a-rental-home-by-a-landlord-has-taken-the-case-to-the-b-c-human-rights-tribunal/,2017-11-03,en,globalnews.ca,globalnews.ca,2017,False
10702fe37ac23f1979df26d6a7a2272ada9aaa2f3b8e27cb113ead87fbd88c09,Large landlord reports biggest operating income increase for Halifax apartments in last 5 years,https://www.cbc.ca/news/canada/nova-scotia/killam-reit-2024-q4-financial-results-1.7459688?cmp=rss,2025-02-18,en,cbc.ca,cbc.ca,2025,False
35297e4f1c4f87b5905d2c7e713a800794becf15533cc240e9bbb74021e00d3c,"Large landlords, REITs do not deserve favourable treatment",https://www.thestar.com/opinion/letters_to_the_editors/2021/03/10/large-landlords-reits-do-not-deserve-favourable-treatment.html,2021-03-10,en,thestar.com,thestar.com,2021,False
6303a24b502419deadb45cf981d31c69f5d63eb9b60871912fb22b35e9714d08,"Large N.S. landlord running 'scheme' to collect illegal deposits, says legal aid group",https://www.cbc.ca/news/canada/nova-scotia/illegal-rental-deposit-tenant-fighting-to-recoup-money-1.7366461?cmp=rss,2024-10-29,en,cbc.ca,cbc.ca,2024,False
38232573fd463f84dbf626c26cb1d31e23f07a486d1c83960992faff3cf0f98d,Largest US landlord to pay $7 million to settle rent‑setting algorithm lawsuit,https://www.winnipegfreepress.com/business/2025/11/19/largest-us-landlord-to-pay-7-million-to-settle-rent%E2%80%91setting-algorithm-lawsuit,2025-11-19,en,winnipegfreepress.com,winnipegfreepress.com,2025,False
6a178dd140fd877b64932a454ac634c7e83811f8a675096743bb6f96e819bec7,LaSalle landlord in hot water over claims of unsanitary conditions in apartment,http://globalnews.ca/news/3205697/lasalle-landlord-in-hot-water-over-claims-of-unsanitary-conditions-in-apartment/,2017-01-25,en,globalnews.ca,globalnews.ca,2017,False
ff957ad735f10481216c90ce0c897215a9806ca4fc111451776de3df921e3d1e,"Latest: Landlord: Suspect a model tenant, had children",http://lethbridgeherald.com/news/world-news/2017/06/21/latest-landlord-suspect-a-model-tenant-had-children/,2017-06-21,en,lethbridgeherald.com,lethbridgeherald.com,2017,False
5daf7c76f5f022a7f2525f10475d3b28705a72377ad26d06692d50c41591de7f,Lawsuit claims internal turmoil at Landlord and Tenant Board,https://www.theglobeandmail.com/real-estate/article-lawsuit-claims-internal-turmoil-at-landlord-and-tenant-board/,2025-01-22,en,theglobeandmail.com,theglobeandmail.com,2025,False
9a4077b9ffb8a53520c4765e5782739a49f924610bbbc7019f7efd247b7e0f58,Lease-breaking doctors' notes costing landlords thousands,http://www.cbc.ca/news/canada/nova-scotia/tenants-renters-property-law-medicine-health-1.4309843?cmp=rss,2017-09-27,en,cbc.ca,cbc.ca,2017,False
1c17b4a59b48368166d317668cca5f68f33832285ee0bd808aa407c57cdaaafd,Leases for 25 former Hudson’s Bay stores will be handed back to landlords,https://www.theglobeandmail.com/business/article-hudsons-bay-leases-25-former-stores-back-to-landlords/,2025-11-03,en,theglobeandmail.com,theglobeandmail.com,2025,False
2423f3415071705ad2e25f0b83b61ce9fd16789b04fb64ca467316ad7748d151,"Leg amputation delays sentencing for man who shot landlord in face over rent, missing cat",http://cnews.canoe.com/CNEWS/Crime/2017/06/29/22734754.html?cid=rsshomepage,2017-06-29,en,canoe.com,canoe.com,2017,False
780a860bf1cf9d95a969bfd87ac3e7dad0db71d2f7bdf3334159807d19705a11,"Leg amputation delays sentencing for man who shot landlord over rent, missing cat",http://www.edmontonsun.com/2017/06/29/leg-amputation-delays-sentencing-for-man-who-shot-landlord-over-rent-missing-cat,2017-06-29,en,edmontonsun.com,edmontonsun.com,2017,False
68f7b5969e08dbff0c6c4be95814f257a3f97d565561d16c322f601ee813ec5d,"Leg amputation delays sentencing for man who shot landlord over rent, missing cat",http://edmontonjournal.com/news/crime/leg-amputation-delays-sentencing-for-man-who-shot-landlord-over-rent-missing-cat,2017-06-30,en,edmontonjournal.com,edmontonjournal.com,2017,False
82a74b7c73b61940d31ebdeebc511de59077d1bc4e386a3428d45b7798ae0449,"Legal battle between Comox Valley Regional District, notorious landlord reaches courthouse",http://www.bclocalnews.com/news/legal-battle-between-comox-valley-regional-district-notorious-landlord-reaches-courthouse/,2021-04-29,en,bclocalnews.com,bclocalnews.com,2021,False
33a43c40465b3666df8cd0ab003b38a84dc4b8a9fb2d6635a3e4676aa84ed71e,Legal program will help shift 'power dynamic' between university students and landlords,https://www.cbc.ca/news/canada/kitchener-waterloo/university-waterloo-offering-students-legal-aid-representation-1.5253222?cmp=rss,2019-08-20,en,cbc.ca,cbc.ca,2019,False
8fc38589b8e8ec64cf22eeb11206bc14959cd568f9af8940ca40b4a49a23075f,Legalization of cannabis to bring new challenges: Kingston landlords,https://globalnews.ca/news/4363820/legalization-of-cannabis-to-bring-new-challenges-kingston-landlords/,2018-08-02,en,globalnews.ca,globalnews.ca,2018,False
a44f8443836388f54abbb48285cff45945648333f0a3f337e0ece261262450ee,"Legion Branch 23, landlord still talking",https://www.nugget.ca/news/local-news/legion-branch-23-landlord-still-talking,2020-02-21,en,nugget.ca,nugget.ca,2020,False
7719c91969224963d03732fdb9afcbdb419b6aa2ebca64c267f8f6aa2299abdc,Legislation could help mobile home tenants resolve landlord disputes,https://edmontonjournal.com/news/politics/legislation-could-help-mobile-home-tenants-resolve-landlord-disputes,2020-02-26,en,edmontonjournal.com,edmontonjournal.com,2020,False
d988a215b3dee05422453f61cbba88177791152ef48d7dd12de00861b5dfc153,Lengthy SDG tenant/landlord dispute heads to tribunal,https://www.standard-freeholder.com/news/local-news/lengthy-sdg-tenant-landlord-dispute-heads-to-tribunal,2021-01-27,en,standard-freeholder.com,standard-freeholder.com,2021,False
80eb654b162be439ce87f5541e9a7e276d18f15ef6a4100a6e849371b845eb95,Lennoxville landlords say COVID-19 caused increase in subletting,https://www.sherbrookerecord.com/lennoxville-landlords-say-covid-19-caused-increase-in-subletting/,2020-09-17,en,sherbrookerecord.com,sherbrookerecord.com,2020,False
82099aca1b4e6f6168128abf04ee85df296ba7e9265e02bceccb208222f1cbec,Leslieville yurt moves north amid landlord-tenant dispute,http://www.thestar.com/news/gta/2016/01/13/leslieville-yurt-moves-north-amid-landlord-tenant-dispute.html,2016-01-13,en,thestar.com,thestar.com,2016,False
3414e50c554ff197476bd7b8c13ed8c0a42e0ec40c9e0ed7d1b94136bf1a32cc,"Letter of the Day: Tenants, landlords need financial aid",https://thestarphoenix.com/opinion/letters/letter-of-the-day-tenants-landlords-need-financial-aid,2020-03-26,en,thestarphoenix.com,thestarphoenix.com,2020,False
dd0bf0373e0c9ce41e299219056bde0f67853bfe01dc2cf5f45f9f7ed752422b,LETTER TO THE EDITOR: Landlords clearly in it for themselves,https://www.bclocalnews.com/opinion/letter-to-the-editor-landlords-clearly-in-it-for-themselves/,2020-12-29,en,bclocalnews.com,bclocalnews.com,2020,False
5f01831e8eba765884031217fb339f5fa98ed13d4c97ebb0943ed4ca9627028b,LETTER TO THE EDITOR: Rent freeze during pandemic isn’t fair to landlords,https://www.bclocalnews.com/news/letter-to-the-editor-rent-freeze-during-pandemic-isnt-fair-to-landlords/,2020-12-10,en,bclocalnews.com,bclocalnews.com,2020,False
456a6635dabf714bf090aa35a00b9166cae98661cc4fcc0cac4fcf69b3a096fb,Letter: Landlords should have say on pets,http://montrealgazette.com/opinion/letters/letter-landlords-should-have-say-on-pets,2015-07-14,en,montrealgazette.com,montrealgazette.com,2015,False
6cf003397144a5f5ad6e4aec8d032fc7e74a6f1ad19384e3f73eadac69190155,Letter: Landlords take financial risks,http://montrealgazette.com/opinion/letters/letter-landlords-take-financial-risks,2015-07-17,en,montrealgazette.com,montrealgazette.com,2015,False
0e412a61dad97e6274e55dd5c58b3fe0d84c66a0a9824af420626f740c051f8a,Letter: McGill Ghetto landlords should do something about the garbage,http://montrealgazette.com/opinion/letters/letter-mcgill-ghetto-landlords-should-do-something-about-the-garbage,2015-05-11,en,montrealgazette.com,montrealgazette.com,2015,False
ac0ad4f54eeeebd78d934493dfb38e63a51d8aade32455f14f808d2c0ac91622,Letter: Medicine Hat primed for growth; Landlords a different story,https://medicinehatnews.com/commentary/letters-to-the-editor/2021/12/22/letter-medicine-hat-primed-for-growth-landlords-a-different-story/,2021-12-22,en,medicinehatnews.com,medicinehatnews.com,2021,False
e0a8dcf34df9e22e157acbdf33459e2bea579d1d8f823487c7122ea1e260dd7b,Letter: Saskatchewan should pay rent benefits directly to landlords,https://thestarphoenix.com/opinion/letters/letter-saskatchewan-should-pay-rent-benefits-directly-to-landlords,2022-12-13,en,thestarphoenix.com,thestarphoenix.com,2022,False
ef2b675ef0d0af8e456be96e96c2fa0abbd05e7e4b611f8d8d4417156ce49e83,"LETTER: To increase rental availability, help landlords",http://www.bclocalnews.com/opinion/letter-to-increase-rental-availability-help-landlords/,2020-11-09,en,bclocalnews.com,bclocalnews.com,2020,False
e774021696ff8612adcd724f04fd9a5126bd249c4bce62cd60f11d5819d1af3a,LETTERS: Landlords aren't keeping their part of deal,https://tj.news/daily-gleaner/102084294?ref=rss,2023-03-31,en,tj.news,tj.news,2023,False
7e589b00cdc85a5eb8e94fd94e4345458b7947bc20c38806867e2f42a6d7f9f1,"Letters: New law protecting landlords would increase rental supply, reader says",http://theprovince.com/opinion/letters/letters-new-law-protecting-landlords-would-increase-rental-supply-reader-says,2017-07-21,en,theprovince.com,theprovince.com,2017,False
63b70667334e7c93ab88f7bd1c83946dba7fa604e4bef4a5bd7baf940c46aeeb,"Letters: Strata councils are not landlords, only enforcing agreed-to rules",http://theprovince.com/opinion/letters/letters-strata-councils-are-not-landlords-only-enforcing-agreed-to-rules,2017-11-17,en,theprovince.com,theprovince.com,2017,False
b999959cb1baf87b8310e832f9313621999e2ebc920781489846096419fedd86,LEVY: Commercial landlord reluctant to apply for rent relief,https://torontosun.com/news/local-news/levy-commercial-landlord-reluctant-to-apply-for-rent-relief,2020-05-27,en,torontosun.com,torontosun.com,2020,False
e969176fd5896829e5a04eb6a8ecfdd4c751c551ba5cf6269dd44761a0d3e215,LEVY: COVID-19 produces good and bad landlords,https://torontosun.com/news/local-news/levy-covid-19-produces-good-and-bad-landlords?utm_medium=Social&utm_source=Facebook#Echobox=1588297548,2020-05-01,en,torontosun.com,torontosun.com,2020,False
1a4f172b334c6ff915cc31e07dc3ce0b8a9c21e61ce7c1b80105e58fc2df913e,LEVY: Landlord and tenant feud over rent in suburbia,https://torontosun.com/news/local-news/levy-landlord-and-tenant-feud-over-rent-in-suburbia,2020-08-18,en,torontosun.com,torontosun.com,2020,False
e7940907796ca6546cbf48b450b6bac78f47f9d830f88c74e02f9fbc1b6a6cac,LEVY: Landlord frustrated with slow pace of LTB during COVID,https://torontosun.com/news/local-news/levy-landlord-frustrated-with-slow-pace-of-ltb-during-covid,2021-02-17,en,torontosun.com,torontosun.com,2021,False
0aa9b4041ce3b150856decc3176aec22ac7d1d0850ce9343c213edddc831f504,LEVY: Landlord says deadbeat tenant left him nearly $32K in the hole,https://torontosun.com/news/local-news/levy-landlord-says-deadbeat-tenant-left-him-nearly-32k-in-the-hole,2021-03-09,en,torontosun.com,torontosun.com,2021,False
303840faaac48536ebbce68e9357900fb57e119eb22f00d47bacd1c4e8a21763,"LEVY: Landlord trying to evict tenants without notice, say tenants",https://torontosun.com/news/local-news/levy-landlord-trying-to-evict-tenants-without-notice-say-tenants,2020-08-25,en,torontosun.com,torontosun.com,2020,True
b702eb07fff6112a5d5dab463bc90d8a85390813acd9e0a3bbe40b4d55ef70bb,LEVY: Landlords say they’re not the enemy,https://torontosun.com/news/local-news/levy-landlords-say-theyre-not-the-enemy,2020-03-31,en,torontosun.com,torontosun.com,2020,False
69ec20d133288fc9ccc736f5706a33524a8a42f944e0adf19e8b186a07c94596,"LEVY: Pandemic creating 'Wild West' for landlords, tenants?",https://torontosun.com/news/provincial/levy-pandemic-creating-wild-west-for-landlords-tenants,2021-02-12,en,torontosun.com,torontosun.com,2021,False
ffd1d4b599b9527e27ed1a15a133ba95dd09427f0a7e1401b2d77ff5d5a696b6,LEVY: Premier’s eviction ban doesn’t faze some landlords,https://torontosun.com/news/local-news/premiers-eviction-ban-doesnt-faze-some-landlords,2020-06-10,en,torontosun.com,torontosun.com,2020,False
a4f1a01bc120b8c706ec267817d8c8e4f7bbdf04569be29afd1220acf1bf1774,LEVY: Small landlords hung out to dry by LTB,https://torontosun.com/news/provincial/levy-small-landlords-hung-out-to-dry-by-ltb,2021-06-16,en,torontosun.com,torontosun.com,2021,False
54921ec4c2667746fd58a7c2bebe0a83f71c957c2ca20861620662a9dbcc32cd,Liberals accuse trio of landlord MLAs of violating conflict of interest law,https://www.cbc.ca/news/canada/manitoba/liberals-accuse-conflict-of-interest-law-1.4857994?cmp=rss,2018-10-10,en,cbc.ca,cbc.ca,2018,False
bbcfe1e7a99264c76fd4b46f11f0c80e1cecaa7b3cb0c45bde3e023f0bcc58c8,Liberals promise tax breaks for landlords as part of affordable housing plan,http://www.ctvnews.ca/politics/election/liberals-promise-tax-breaks-for-landlords-as-part-of-affordable-housing-plan-1.2554347,2015-09-09,en,ctvnews.ca,ctvnews.ca,2015,False
f050f9cf6cf000bc0defbe8f115841ceab26daa4764c4f80b00df2dbca8a063e,"Liberals vow tax breaks for landlords, homeowners as part of social housing plan",http://globalnews.ca/news/2210480/liberals-vow-tax-breaks-for-landlords-homeowners-as-part-of-social-housing-plan/,2015-09-09,en,globalnews.ca,globalnews.ca,2015,False
4d5eb3e10952e47f654ae108e8b0aeb8dd393490fcb9494cade579605f46e453,"Liberals’ rental-housing pledge includes tax breaks for landlords, homeowners",http://www.theglobeandmail.com/news/politics/liberals-rental-housing-pledge-includes-tax-breaks-for-landlords-homeowners/article26272564/?cmpid=rss1,2015-09-09,en,theglobeandmail.com,theglobeandmail.com,2015,False
e8851d6e7fab512642d5d98bbad97113f3d35c9a1dc4adb863af555bea4294d7,License landlords to protect tenants: Editorial,https://www.thestar.com/opinion/editorials/2016/05/18/license-landlords-to-protect-tenants-editorial.html,2016-05-18,en,thestar.com,thestar.com,2016,False
d153d8855cd79c19b4fb099677fc5567e39943541ec8262331460470273b7705,Licensing and standards committee approves tougher rules for landlords,http://www.cbc.ca/news/canada/toronto/licensing-committee-landlords-1.3876239?cmp=rss,2016-12-01,en,cbc.ca,cbc.ca,2016,False
cc694667ed8175428c47fd01df46ee987d909533eb24b76f5acd9fdc99367823,"Licensing Saskatoon landlords unlikely, but rental issues persist",https://thestarphoenix.com/news/local-news/licensing-saskatoon-landlords-unlikely-but-rental-issues-persist,2020-01-14,en,thestarphoenix.com,thestarphoenix.com,2020,False
fd796623251b1478904de1a11bb3747df4744ab945807cfd96747a812c8480b9,Lindsay man accused of stabbing landlord in face: police,https://globalnews.ca/news/5270436/lindsay-man-accused-of-stabbing-landlord-in-face-police/,2019-05-13,en,globalnews.ca,globalnews.ca,2019,False
75d49cf4d329cb5ce9417b77292e3583f7cd7969b93361f9e365426394248fbd,Little Portugal landlord charged after fire injures 3,https://www.thestar.com/news/crime/2016/12/16/little-portugal-landlord-charged-after-fire-injures-3.html,2016-12-16,en,thestar.com,thestar.com,2016,False
9818cbc95cc6dd62dbc173d05338d5ac58b5bb594bd6a33dc8d87656bb56465f,Little-known tax deductions landlords should consider,https://www.moneysense.ca/columns/ask-moneysense/little-known-tax-deductions-landlords-should-consider/,2020-05-20,en,moneysense.ca,moneysense.ca,2020,False
1852260d9468e7fc5135ed1551624607e9ca89da17416f813f79fae6b753dce0,Live free for 3': Manhattan landlords offer free rent until next year to stop urban exodus,https://nationalpost.com/news/world/live-free-for-3-manhattan-landlords-offer-free-rent-until-next-year-to-stop-urban-exodus,2020-10-01,en,nationalpost.com,nationalpost.com,2020,False
dc955178654b509a1a09cb3cfba21b803e1ef7959a5904bd76ba6bc374ac1668,Local landlord promises to work with tenants,https://medicinehatnews.com/news/local-news/2020/03/27/local-landlord-promises-to-work-with-tenants/,2020-03-27,en,medicinehatnews.com,medicinehatnews.com,2020,False
71f46ee30dbb6be47f27ced2ed5583728584cbf66b68e2cd8320b2aa35bda4d9,Local landlords step up to help Syrian refugees find homes in Ottawa,http://ottawacitizen.com/news/local-news/housing-the-syrian-refugees,2016-02-18,en,ottawacitizen.com,ottawacitizen.com,2016,False
6cb28b583b24b45f6d12561735e509493793617a1b2ce387c18b36213e6257a4,"Local landlords want to ban pot smoking, growing. Can they?",http://lfpress.com/news/local-news/local-landlords-want-to-ban-pot-smoking-growing-can-they,2018-06-21,en,lfpress.com,lfpress.com,2018,False
b87fb23ff045445066692cd28ca16e19874f31d7c4c5f2b264c428fd07b8ebef,London landlord ordered to draft plan to fix illegal bedrooms,https://www.cbc.ca/news/canada/london/london-ontario-the-marq-75-ann-1.5376641?cmp=rss,2019-11-28,en,cbc.ca,cbc.ca,2019,False
543a19382d8faadae94cfef710e52be7ecca33a38d32cdc085efb13a5915870a,London landlord seeking to double units in south London buildings,https://london.ctvnews.ca/renoviction-claim-refuted-by-landlord-seeking-to-double-units-inside-south-london-buildings-1.7108200,2024-11-13,en,ctvnews.ca,ctvnews.ca,2024,False
682ec786d3c8d9d8fd0c9494f65f44795018b447cd112781164865f99b2bef5a,London landlord under investigation for apartment not fit 'for the habitation of people',https://www.cbc.ca/news/canada/london/london-ontario-apartment-rent-property-standards-1.5305885?cmp=rss,2019-10-02,en,cbc.ca,cbc.ca,2019,False
e3b8ddfee8b3f91275a072b64063cfe2a9a63851373850a1dd10e5c41a2db007,London’s landlord: How one developer landed at the centre of a fight over the Southwestern Ontario city’s core,https://www.theglobeandmail.com/business/article-farhi-holdings-london-ontario-real-estate-vacancies/,2024-11-01,en,theglobeandmail.com,theglobeandmail.com,2024,False
94f72c5ed11c2bf85e6c230fa88ff3667eee33028bbfb30f38f18749215a09e6,Long-running Mile End bookstore says it will be forced to close after landlord demands rent hike,https://globalnews.ca/news/7666244/mile-end-bookstore-closure-rent-hike/,2021-02-26,en,globalnews.ca,globalnews.ca,2021,False
8b6510b872715189b94f31f133979167a9f34ba4814e74cc8a341e7766e53b5e,"Long-term Airbnb guests aren’t covered under Ontario tenant law, Landlord and Tenant Board rules",https://www.thestar.com/news/gta/2023/06/15/long-term-airbnb-guests-arent-covered-under-ontario-tenant-law-landlord-and-tenant-board-rules.html,2023-06-15,en,thestar.com,thestar.com,2023,False
b066c365af0686f88e54d19cd530e66cdace4cab7708800439199c40849ebb20,Loon landlords on Sudbury lake host birds on artificial nest,http://www.cbc.ca/news/loon-landlords-on-sudbury-lake-host-birds-on-artificial-nest-1.3133689?cmp=rss,2015-07-09,en,cbc.ca,cbc.ca,2015,False
658b1cf2202644aaf11a136168e6a4136e1a75a5c905d984db8b89a945339d06,Loon landlords' build artificial nests in Sudbury lake,http://www.cbc.ca/news/canada/sudbury/human-made-nests-help-loons-on-sudbury-s-fairbank-lake-1.3133410?cmp=rss,2015-07-02,en,cbc.ca,cbc.ca,2015,False
c1992e7302793184628f709b2717e373b8642d3836e642af0f32dae300745d6f,Lost key fob illustrates arrogance of landlords,https://www.thestar.com/opinion/letters_to_the_editors/2019/03/02/lost-key-fob-illustrates-arrogance-of-landlords.html,2019-03-02,en,thestar.com,thestar.com,2019,False
ee663e4674cad59dc4229c0f93fea01bb31745d33b17d04d4b3d602d4fb42914,Low rental vacancy rate tough on renters but good for landlords,http://www.cbc.ca/news/canada/kamloops/low-rental-vacancy-rate-tough-on-renters-but-good-for-landlords-1.3834438?cmp=rss,2018-02-12,en,cbc.ca,cbc.ca,2018,False
c751c43d87c747e0a43c931f966733b22e70fcff2d93857f6a4d88474291facc,Low-income advocacy group asks city for new landlord regulations,https://ottawacitizen.com/news/local-news/low-income-advocacy-group-asks-city-for-new-landlord-regulations,2019-08-29,en,ottawacitizen.com,ottawacitizen.com,2019,False
f26f026beed6754f2a95133a15998f21300cd6d6216b4360febb57c838186ac2,MacDuff's Call: Rental housing market hard on landlords,http://www.bclocalnews.com/opinion/macduffs-call-rental-housing-market-hard-on-landlords/,2018-03-24,en,bclocalnews.com,bclocalnews.com,2018,False
5418f7fbae0aac2c10a3c04eb311f68277ff5fcb86ef4f182a637bd4869f37cf,MacINNIS ROCKWELL: Landlords should let seniors keep pets,https://tj.news/daily-gleaner/101867633?ref=rss,2022-05-09,en,tj.news,tj.news,2022,False
802f03183014f7816bd92a8d64fb13b2158a418dd714d260ffdc8538c923b8e6,MAID: Woman wins case to die at home after legal fight with landlord,https://montreal.ctvnews.ca/quebec-woman-wins-maid-case-to-die-at-home-after-legal-fight-with-landlord-1.7033616,2024-09-11,en,ctvnews.ca,ctvnews.ca,2024,False
86e1b19c5b3c85c232e52e1ab799fe39fff549e8f98acaf8f458af94505c8854,Major Canadian landlords say they’ll work with tenants who’ve lost jobs amid COVID-19,https://globalnews.ca/news/6752635/coronavirus-landlords-tenants-rent/,2020-03-30,en,globalnews.ca,globalnews.ca,2020,False
9ba260b2823debfbb02512fa912274bf6f7f84472ca9780bff48669d126b0f59,Major landlord opposes planned supervised consumption facility location,https://london.ctvnews.ca/major-landlord-opposes-planned-supervised-consumption-facility-location-1.4208113,2018-12-06,en,ctvnews.ca,ctvnews.ca,2018,False
0baae21b749d20b00dbc76f2d5763ceb5484870611ce20914f4d6c6b2ec94ee9,Major landlords signal flexibility during outbreak,https://www.winnipegfreepress.com/business/major-residential-landlords-signal-flexibility-for-tenants-in-need-during-outbreak-569224212.html,2020-03-30,en,winnipegfreepress.com,winnipegfreepress.com,2020,True
c9ffbd387ffd82a3b1c8e774e3daaaf731b8560a7293c0ded3dc8e7fbd39932c,Major residential landlords signal flexibility for tenants in need during outbreak,https://www.thestar.com/business/2020/03/30/major-residential-landlords-signal-flexibility-for-tenants-in-need-during-outbreak.html,2020-03-30,en,thestar.com,thestar.com,2020,True
a59eab21f2da905cab99bcf1d986c8f65d572c71b8b02efceca4cbffe24caea2,Major residential landlords signal flexibility for tenants in need,https://www.ctvnews.ca/health/coronavirus/major-residential-landlords-signal-flexibility-for-tenants-in-need-1.4874622,2020-03-30,en,ctvnews.ca,ctvnews.ca,2020,True
b2650eef12cdac6b7ef1fafb66161360c4c1ce8e2ead5e9d808fce9d3afbb9ab,Major Saskatoon landlord Block 1 files for creditor protection,http://globalnews.ca/news/3152332/major-saskatoon-landlord-block-1-files-for-creditor-protection/,2016-12-30,en,globalnews.ca,globalnews.ca,2016,False
16bf0e8531c59c51d41f44a5de5c5562c6c1eed908e730b3f51ad37421f168a6,"Make masks mandatory in apartment common areas, mayor urges landlords",https://www.thestar.com/news/gta/2020/07/20/make-masks-mandatory-in-apartment-common-areas-mayor-urges-landlords.html,2020-07-20,en,thestar.com,thestar.com,2020,False
44f55f27126b9b7c7390a87bc722d7567217614203ea89a839c5e0b4e9d79278,Making rent: Ontario landlord and tenant groups expect arrears to grow,https://www.nationalobserver.com/2020/05/22/analysis/making-rent-ontario-landlord-and-tenant-groups-expect-arrears-grow,2020-05-22,en,nationalobserver.com,nationalobserver.com,2020,False
08443ec597cb35fb612004b40dff6d469c1f74b7007a557a138066436d5bd963,Mall landlords likely to get ‘creative’ to fill Nordstrom vacancies: experts,https://www.thestar.com/business/2023/03/03/mall-landlords-might-have-to-get-creative-to-fill-nordstrom-vacancies-expert.html,2023-03-03,en,thestar.com,thestar.com,2023,True
d31da052d1604976e4cb86aa086d18582e346132326b67fc927642a24331df97,Mall landlords might have to get creative to fill Nordstrom vacancies: expert,https://www.nationalnewswatch.com/2023/03/03/mall-landlords-might-have-to-get-creative-to-fill-nordstrom-vacancies-expert/,2023-03-03,en,nationalnewswatch.com,nationalnewswatch.com,2023,False
9838069a0351874acdfe8f17de17edd657bd35d531c7ec7e844f5cfca65cfe8d,Mall landlords start deferring rent for hardest hit tenants,https://www.theglobeandmail.com/business/article-commercial-landlords-say-they-will-work-with-tenants-on-rent-deferrals/,2020-03-19,en,theglobeandmail.com,theglobeandmail.com,2020,False
9d1f16d06a8ffd7a99dfaa032f328ba0a680af2a6feb56b2a9068200197ddfa6,Man accused in murder of Vancouver landlord stole rent money: Crown,https://vancouversun.com/news/local-news/man-accused-in-murder-of-vancouver-landlord-stole-rent-money-crown,2019-04-01,en,vancouversun.com,vancouversun.com,2019,False
bec27110fb975fff7bc92ae3cae709dd8d7d1a32cdb0911063b8a6333451764b,Man arrested in connection with slaying of landlord,https://globalnews.ca/news/4302235/man-arrested-in-connection-with-slaying-of-landlord/,2018-06-28,en,globalnews.ca,globalnews.ca,2018,False
e173fd241320d5f87b32b493073913e3504b1da24dcf6dba5dbb2e8a4d47f71a,"Man charged after granny, landlord ‘chopped up in name of lord’",https://canoe.com/news/crime/man-charged-after-granny-landlord-chopped-up-in-name-of-lord,2019-01-09,en,canoe.com,canoe.com,2019,False
faef92d22bb0a5d7afd86b0422b87455ae614d099421d16ab8a47e453c7e03ad,Man charged after tenant-landlord dispute turns violent in Goderich,https://lfpress.com/news/local-news/man-charged-after-tenant-landlord-dispute-turns-violent-in-goderich,2020-04-29,en,lfpress.com,lfpress.com,2020,False
7818a95e8dad3e82d6e63eede30ba1ed1ba1c1ac8d36567dcdfe52517fff22f5,"Man charged for threatening landlord with gun, police say",https://www.cbc.ca/news/canada/hamilton/landlord-1.5182963?cmp=rss,2019-06-20,en,cbc.ca,cbc.ca,2019,False
e00032f8352d142d17563d43880eb7d8540dd04a6170610d46bc1d00d4f64331,Man charged in gruesome deaths of grandmother and landlord,https://www.ctvnews.ca/world/man-charged-in-gruesome-deaths-of-grandmother-and-landlord-1.4246287,2019-01-09,en,ctvnews.ca,ctvnews.ca,2019,False
d373ae6f2b1cabc52c5a9821038481d7e30559bc487d60c2b7ad5f61235be67e,Man guilty of townhouse arson after run-ins with landlord,https://lfpress.com/news/local-news/man-guilty-of-townhouse-arson-after-run-ins-with-landlord,2021-02-09,en,lfpress.com,lfpress.com,2021,False
7b050f0dc4b74cb8a8ee61d1f2e6dc112a67cb3a95e7a945c692e3448b8dd182,Man sought in slaying of landlord arrested at chalet northeast of Montreal,https://www.winnipegfreepress.com/canada/man-sought-in-slaying-of-landlord-arrested-at-chalet-northeast-of-montreal-486799881.html,2018-06-28,en,winnipegfreepress.com,winnipegfreepress.com,2018,True
1006b213ae363600533aabfe9a4c3d84cc1884919a53ad0e27e59e09fcca47c9,Man who firebombed Calgary family and tortured landlord now on trial for murder,https://www.cbc.ca/news/canada/calgary/baccari-kerfont-murder-bowness-shooting-1.5329381?cmp=rss,2019-10-21,en,cbc.ca,cbc.ca,2019,False
efca5318f24d14463413e1afd14d86327a31e3b239d1511874a9a7a385f48024,Man who killed 71-year-old landlord in Laval receives 13-year sentence,https://montrealgazette.com/news/local-news/christopher-oliveira-sentenced-to-13-years-for-killing-landlord-in-laval,2021-09-21,en,montrealgazette.com,montrealgazette.com,2021,False
ef67354e386b6695d49608d2b1d6060c1dfd92a6c4771b16185a2e8130fd5c85,Man who killed elderly Calgary landlord for being noisy denied parole,https://globalnews.ca/news/4348156/man-who-killed-elderly-calgary-landlord-for-being-noisy-denied-parole/,2018-07-23,en,globalnews.ca,globalnews.ca,2018,False
8b002b746deed73e10cf430259bed4fe652c91b1f13313805f6f7e9d621826d1,Man who murdered Hamilton landlord has one of his convictions reduced on appeal,https://www.thespec.com/news/crime/opinion/2023/06/20/hamilton-attempted-murder-appeal.html,2023-06-20,en,thespec.com,thespec.com,2023,False
4a7a09f542d7cfeee0e50a1ba518255c33748794f9cfcddb280f669ffb50c623,"Man who shot landlord in face over $1,000 overdue rent, missing cat, sentenced",http://edmontonjournal.com/news/crime/man-who-shot-landlord-in-face-over-1000-overdue-rent-missing-cat-sentenced,2017-08-23,en,edmontonjournal.com,edmontonjournal.com,2017,True
dd5bd01b1675c3083806be03e9e505d178d186a1d6d5936f3f1c3728290c055d,"Managing mould, housemates, and landlords: new research reveals sharehousing horror stories",https://theconversation.com/managing-mould-housemates-and-landlords-new-research-reveals-sharehousing-horror-stories-265851,2025-09-23,en,theconversation.com,theconversation.com,2025,False
5e2cdad48512d33ab9e53a4b773136975bbe89ee267aac085caf302c32a110f9,"MANDEL: Abused tenant awarded 20Gs, but landlord won’t pay",http://torontosun.com/news/local-news/mandel-abused-tenant-awarded-20gs-but-landlord-wont-pay,2018-05-16,en,torontosun.com,torontosun.com,2018,False
5f3626d40cdd1a414129326db710860041879a39b797e672a7a9af91d8ff22e2,MANDEL: Five years for landlord who enslaved his mentally challenged tenant and stole his son,http://torontosun.com/news/local-news/mandel-five-years-for-landlord-who-enslaved-his-mentally-challenged-tenant-and-stole-his-son,2018-06-28,en,torontosun.com,torontosun.com,2018,False
95ba4d4df35bf81aaa86c2b3d47fe14e9a81cb48156a854ea321be49862f27da,Manitoba agency penalizes landlord after tenants say they were ousted on short notice,https://www.thestar.com/news/canada/manitoba-agency-penalizes-landlord-after-tenants-say-they-were-ousted-on-short-notice/article_6906e0af-3d73-5038-89e7-14f0320b670e.html,2024-10-09,en,thestar.com,thestar.com,2024,True
5dadb68cedd0dee22cb3b8caf4df27c846714c56f0933c5bf5ee1a5ea014fa0c,Manitoba asking landlords to help incoming Syrian refugees,http://www.ctvnews.ca/canada/manitoba-asking-landlords-to-help-incoming-syrian-refugees-1.2675768,2015-11-26,en,ctvnews.ca,ctvnews.ca,2015,False
c55d724c843db3c818803ebbd91a3d72f58850b88b9ac8207c5c274bc0705f41,Manitoba government ordered to pay $750K to landlords of former group home,https://www.winnipegfreepress.com/breakingnews/2024/06/14/province-ordered-to-pay-750k-to-landlords-of-former-group-home,2024-06-14,en,winnipegfreepress.com,winnipegfreepress.com,2024,False
7cbde4721272909fe639a9d659df07e3c88be2940ccbb632327204e41b9da9fd,Manitoba landlords waiting to hear from government on housing Syrian refugees,http://www.cbc.ca/news/canada/manitoba/manitoba-landlords-waiting-to-hear-from-government-on-housing-syrian-refugees-1.3339253?cmp=rss,2015-11-27,en,cbc.ca,cbc.ca,2015,False
ac45cf441df0a6c6e8c2d2840fe71f4d541184a52eb052d583aa75cabb0dbc91,Many Alberta landlords offering cheap — even free — rent to Fort McMurray evacuees,http://www.cbc.ca/news/canada/calgary/rentals-fort-mcmurray-evacuees-1.3585273?cmp=rss,2016-05-17,en,cbc.ca,cbc.ca,2016,False
fa7fdc659716de6a6071a82cfda496c9b97c6b0e0d2064ecb5377fa960b1315b,Many landlords are losing out amid higher mortgage rates. Why renters should care,https://globalnews.ca/news/9733144/landlords-investors-rental-market-pressure/,2023-05-30,en,globalnews.ca,globalnews.ca,2023,False
a34ad8577c0a957c60958f1a9b8bbfd9a6be8f5451550fb169fc7e1d69af7975,Marijuana concerns landlords,http://www.nugget.ca/2018/02/23/marijuana-concerns-landlords,2018-02-23,en,nugget.ca,nugget.ca,2018,False
2810564e24097491c408a9a76c5a6dcdaa1afa0e3f67395c568e88e40e0a9048,"Marijuana shouldn't be grown in apartments and rented homes, landlord group says",http://www.cbc.ca/news/canada/ottawa/canada-legal-marijuana-growing-landlords-1.4071323?cmp=rss,2017-04-15,en,cbc.ca,cbc.ca,2017,False
a8e5007aa5abe08626529e24ea2043b1f8f349f586cf2774a1bd08dee3dfb149,"Marijuana: Not in rental units, Quebec landlords say",http://montrealgazette.com/news/local-news/marijuana-not-in-rental-units-quebec-landlords-say,2017-04-14,en,montrealgazette.com,montrealgazette.com,2017,False
fbe9b0d5172493dc933d7a62d261406a00812be3acc7e29c4b12f5efdb739fa1,Matt Robinson: Good landlords don't need to use lease loophole,http://vancouversun.com/news/local-news/matt-robinson-good-landlords-dont-need-to-use-lease-loophole,2017-03-28,en,vancouversun.com,vancouversun.com,2017,False
ec05a67725f52a72a1af1ff45e91e31fb3e72384f9f1060e945b5db382ff76d9,Mayor John Tory enlists landlords in emissions plan as Toronto declares ‘climate emergency’,https://www.thestar.com/news/city_hall/2019/10/02/mayor-john-tory-enlists-landlords-in-emissions-plan-as-toronto-declares-climate-emergency.html,2019-10-02,en,thestar.com,thestar.com,2019,False
6e0b2c7dffc0b34dcca293f8efe739114b14c1aa9347c425d6acf1050edf7064,Mayor says landlords shouldn't make tenants pay for switch to Rothesay water system,https://www.cbc.ca/news/canada/new-brunswick/rothesay-mayor-water-well-1.5092130?cmp=rss,2018-05-07,en,cbc.ca,cbc.ca,2018,False
62e143140e63d47c0db0ef04afc58edba32b34c41a03a68807d3362f2c4b1309,Mayor slams landlord over issuing rent payment notices,https://www.intelligencer.ca/news/local-news/mayor-slams-landlord-over-issuing-rent-payment-notices,2020-05-12,en,intelligencer.ca,intelligencer.ca,2020,False
c93c155f6b7c782e93a7cd5a9352b1b2f715f9e536a8749e50feedb29a901248,"Meadow Lake, Sask., landlord accused of sexually assaulting tenants",http://www.cbc.ca/news/canada/saskatoon/meadow-lake-landlord-accused-sexual-assault-1.3888360?cmp=rss,2016-02-22,en,cbc.ca,cbc.ca,2016,False
8cabd582a36a8dce1b315c355c520186041d6b68a03d8f6ab2c49307710d25ed,Media swarms San Bernardino shooters’ apartment after landlord opens door,http://globalnews.ca/news/2380679/media-swarms-san-bernardino-shooters-apartment-after-landlord-opens-door/,2015-12-04,en,globalnews.ca,globalnews.ca,2015,True
9c872c69d42cb8cd46cdb6e3cc277d222194dcf7ceaf3fedf6284708fa3c360b,Medical cannabis growers say education key to improving relationships with city landlords,http://www.cbc.ca/news/canada/calgary/medical-cannabis-marijuana-landlords-1.4262571?cmp=rss,2017-08-28,en,cbc.ca,cbc.ca,2017,False
6ace9aa6337d3789d27fc9de2bd24303c52714b1b029f38ad6c9156bb8712a2c,"Mellos says landlord wanted it to replace ventilation system, then granted only six-month lease",http://ottawacitizen.com/news/local-news/landlord-asked-mellos-to-replace-ventilation-system-then-granted-only-six-month-lease,2015-10-30,en,ottawacitizen.com,ottawacitizen.com,2015,False
182cc3ad3ac2b258b0017a8f8a0a0ae08355346894a08c83b306b5d8b5151d5e,"Men's shelter returns to Larch Street as landlord, CMHA reach deal",https://www.cbc.ca/news/canada/sudbury/mens-shelter-larch-street-1.5262866?cmp=rss,2019-08-28,en,cbc.ca,cbc.ca,2019,False
f151bb10b450f324c34c01c3a4de87198ba24779609245893d2cc71e5929b290,Message from RE/MAX Commercial: What to do when ‘sorry we’re temporarily closed’ is part of your business as landlord or tenant,https://www.reddeeradvocate.com/news/a-message-from-remax-commercial/,2020-04-08,en,reddeeradvocate.com,reddeeradvocate.com,2020,False
8e2d7ba108c52825bef8cc60f8f686a0880a54f36f0da79d6cee1ed9d804432c,"Messy gaps for some clients, landlords in Ottawa's housing first strategy",https://www.cbc.ca/news/canada/ottawa/housing-first-ottawa-problem-support-1.7196460?cmp=rss,2024-05-07,en,cbc.ca,cbc.ca,2024,False
e66b93c29c1bc2f0f1d49c1ae09aebf2290d4b354899db5b1d30975583f216d0,Metro Vancouver landlords wield tenancy laws more often than their renters do: study,https://globalnews.ca/news/4051813/vancouver-landlord-eviction-disputes-sfu-study/,2018-02-27,en,globalnews.ca,globalnews.ca,2018,False
e70f6354f0ae8e9faee3478fe0b4ebd6a81e9bf25138894782a4818a7168fbf3,"Metro Vancouver mayors call on province for cash, support for renters and landlords",https://globalnews.ca/news/6725746/metro-vancouver-mayors-call-on-province-for-cash-support-for-renters-and-landlords/,2020-03-24,en,globalnews.ca,globalnews.ca,2020,False
15d8e48a2f7448f648250d00f46ae8e2be4ae735f0fde6e259be07f3e85173f9,Midland landlord found not guilty in second-degree murder case,https://barrie.ctvnews.ca/jury-delivers-verdict-in-midland-landlord-s-second-degree-murder-case-1.7128749,2024-11-29,en,ctvnews.ca,ctvnews.ca,2024,False
19ee9a7508b137219c2baf972caf1fb3f9976b912bef5795df0d3d4dd49b1f35,Midnight move-out frustrates Calgary landlord who just gave tenants break on the rent,http://www.cbc.ca/news/canada/calgary/landlord-tenant-rental-problems-midnight-movers-calgary-1.3910230?cmp=rss,2016-12-23,en,cbc.ca,cbc.ca,2016,False
a0657843ec54df67fc1859e6e05af1d5c1c74e044706b66c916cd559d4712f1a,Mile End bookstore S.W. Welch to remain open following agreement with landlord,https://montrealgazette.com/news/local-news/mile-end-bookstore-s-w-welch-to-remain-open-following-agreement-with-landlord,2021-03-08,en,montrealgazette.com,montrealgazette.com,2021,False
a7be75ac385c6cf83c4463a1b3efb0b75dfd604e066b68f158b728b4201b4db1,"Military landlord, under fire following Reuters reports, issues improvement plan",https://nationalpost.com/pmn/news-pmn/politics-news-pmn/military-landlord-under-fire-following-reuters-reports-issues-improvement-plan,2020-04-08,en,nationalpost.com,nationalpost.com,2020,False
fe4276d66efa67219187846c9b3df76be7d68d73c8e697d2723d5a880bf6e102,"Mind-blowing': One year after start of pandemic, yoga studio hit with $87,000 lawsuit by landlord",https://calgaryherald.com/business/local-business/covid-19-one-year-later-yoga-studio-owner-faces-mounting-bills-and-a-lawsuit,2021-03-15,en,calgaryherald.com,calgaryherald.com,2021,False
b984eed6454e6515cbfb90b2dc1bf232f5fb6257b780a5169eaf7aa44f21f664,Miramichi landlord working 'full blast' to have displaced tenants return soon,https://www.cbc.ca/news/canada/new-brunswick/miramichi-building-owner-tenants-return-1.5187815?cmp=rss,2019-06-24,en,cbc.ca,cbc.ca,2019,False
cda1da4d32688b30c46085dec25c9af7f38551d3daa689ee56ef0a00c76dd323,"MLAs launch housing review for homeowners, private landlords",https://www.thestar.com/news/canada/2021/03/27/mlas-launch-housing-review-for-homeowners-private-landlords.html,2021-03-27,en,thestar.com,thestar.com,2021,False
c7ad406f4a466d0160eefc61a15ba3705dd47530d78511df85d643a48579204a,Moncton landlord confirms 6 COVID-19 cases at apartment complex,https://globalnews.ca/news/7605690/moncton-landlord-covid-19-complex/,2021-01-28,en,globalnews.ca,globalnews.ca,2021,False
f5be0209274fb93114811304695924d4e6ebf4757b86c6a8297f5583905a17b3,Moncton non-profit calls on landlords to require proof of insurance,http://atlantic.ctvnews.ca/moncton-non-profit-calls-on-landlords-to-require-proof-of-insurance-1.2808135,2016-03-08,en,ctvnews.ca,ctvnews.ca,2016,False
66aac950d54893a43055fb74f2f83246686aebb221b620ba298f75ec1e2e2e95,Mont-Carmel seniors' residence tenants allege landlord is renting to younger people,https://montreal.ctvnews.ca/mont-carmel-seniors-residence-tenants-allege-landlord-is-renting-to-younger-people-1.6021273,2022-08-10,en,ctvnews.ca,ctvnews.ca,2022,False
1c40589d8d72f1b66725fb1b1fa880abdb2e14a97b1555462d5defcd65d03022,"Montreal bookstore faces closure, owner claims landlords hiked rents 150 per cent",https://montreal.ctvnews.ca/montreal-bookstore-faces-closure-owner-claims-landlords-hiked-rents-150-per-cent-1.5326873,2021-02-26,en,ctvnews.ca,ctvnews.ca,2021,False
341887541e2143a10701dbbf313b46aa6968a2e2f4d08db49d6e25fd66a5ad01,Montreal couple says power cut off at bakery over landlord dispute,https://globalnews.ca/news/4288338/montreal-couple-says-power-cut-off-at-bakery-over-landlord-dispute/,2018-06-21,en,globalnews.ca,globalnews.ca,2018,False
32a5481db8b3163b035ee88f05dda086c5cd54d89cdb6e80504ab0716eb7be88,"Montreal landlord accused of negligence, disrespect by tenants dealing with water leaks",https://globalnews.ca/news/7849794/montreal-landlord-accusations-water-leaks/,2021-05-10,en,globalnews.ca,globalnews.ca,2021,False
6230e2c8846c20d4f9cd9e5f859149aad8889c3f0e797d5d48da2ca80007fdbf,Montreal landlord accused of shipping meth to repay fugitive ex-Olympian,https://www.cbc.ca/news/canada/montreal/montreal-landlord-ryan-wedding-1.7392449?cmp=rss,2024-11-25,en,cbc.ca,cbc.ca,2024,False
facae15670a8f5bfd3d05b3d5992e424f208382f9b4a90c2391033cd5b2a5560,Montreal landlord attacked by tenant’s dog,https://globalnews.ca/news/4306722/montreal-landlord-attacked-by-tenants-dog/,2018-06-30,en,globalnews.ca,globalnews.ca,2018,False
d24fcc2487f47d399c32b3a14e86dbb805d52b2fe765f48b2e18ead30861f58e,Montreal landlord defends 75% rent increase on Mile End bookstore owner,https://globalnews.ca/news/7670721/montreal-landlord-defends-rent-increase/,2021-03-01,en,globalnews.ca,globalnews.ca,2021,False
512681a880db8a008d3f4823418e6304a73d2e7d90c192a8f69d4ee6ed9f0c54,Montreal landlord fined after tenants rent out condo illegally,http://www.ctvnews.ca/business/montreal-landlord-fined-after-tenants-rent-out-condo-illegally-1.3390823,2017-04-29,en,ctvnews.ca,ctvnews.ca,2017,False
51db90f5a6ef41904b06d246955e689110065432c4e6a6a0bab4a3a2c5b0e9d6,Montreal landlord fined more than $1K for condo listed on Airbnb without his knowledge,http://www.cbc.ca/news/canada/montreal/quebec-airbnb-law-ineffective-1.4089261?cmp=rss,2017-04-28,en,cbc.ca,cbc.ca,2017,False
7c94061b8735477c458f08c1dd4e4039fd4865976e4d479500f199c055c2178e,Montreal landlord struggles to evict tenant he claims brought chaos to neighbourhood,https://globalnews.ca/news/10728884/montreal-landlord-tenant-issues-drug-allegations/,2024-09-01,en,globalnews.ca,globalnews.ca,2024,False
c57652324c26165392e4d303b1224cbce893d8f15cb891a9c25bf1b66e0cfe07,Montreal landlords and developers rally for the right to evict,https://montreal.ctvnews.ca/montreal-landlords-and-developers-rally-for-the-right-to-evict-1.5101958,2020-09-11,en,ctvnews.ca,ctvnews.ca,2020,False
a310b8b9d5eb980ca3ad63522040da6244369db80e02d072a612adda363fcf60,Montreal landlords bumping up the rent price of listings after posting,https://montrealgazette.com/news/local-news/montreals-landlords-are-bumping-up-prices-to-whittle-down-applicants-even-as-vacancy-rate-increases,2021-03-24,en,montrealgazette.com,montrealgazette.com,2021,False
a9c2f2c1e61e8dbd467691205ea9528198bf57c413f5ca85f7f32f508056d808,Montreal landlords not collecting enough condo rent to recoup expenses: CMHC,https://globalnews.ca/news/4727518/montreal-condo-investing-rent/,2018-12-04,en,globalnews.ca,globalnews.ca,2018,False
a361e8062234b2232b7f1670696bbf90cbae7e6e9496af3dbe710400747b47ee,Montreal landlords to crack down on marijuana use by tenants,http://montrealgazette.com/news/montreal-landlords-to-crack-down-on-marijuana-use,2017-01-22,en,montrealgazette.com,montrealgazette.com,2017,False
e1acd5fc8960fa584d39f63002c1b2d3e2e4100b82d2913ca35f1e0367fc0b2a,Montreal landlords worried about recovering cost of replacing lead pipes,http://www.cbc.ca/news/canada/montreal/lead-pipes-landlords-cost-1.3696022?cmp=rss,2016-06-08,en,cbc.ca,cbc.ca,2016,False
c829dc09231d3806c7d2545c20b56546fa1d56b691901f942f25a1c2a37c2115,Montreal man charged with murdering his neighbour and a landlord with an axe,https://montreal.ctvnews.ca/montreal-man-charged-with-murdering-his-neighbour-and-a-landlord-with-an-axe-1.5072819,2020-08-20,en,ctvnews.ca,ctvnews.ca,2020,False
b4c5c72d460eac941c0e205e381e1436edabebea4dc2e1e0d183d090b744780f,Montreal man who murdered his landlord to be sentenced next week,https://montreal.ctvnews.ca/montreal-man-who-murdered-his-landlord-to-be-sentenced-next-week-1.5355230,2021-03-19,en,ctvnews.ca,ctvnews.ca,2021,False
5c311468c3c19ccfadde3dd570a364e07400d7f323155cd30d601192465eb118,"Montreal passes bylaw with heavier fines, stricter regulations for negligent landlords",https://globalnews.ca/news/9692286/montreal-bylaw-fines-regulations-negligent-landlords/,2023-05-11,en,globalnews.ca,globalnews.ca,2023,False
bada2671cebdaa1f75f056c49fa679b7649584727b3fb72e7c05bef7ff919cd7,Montreal publishes list of delinquent landlords,https://montrealgazette.com/news/local-news/montreal-publishes-names-of-delinquent-landlords,2020-02-06,en,montrealgazette.com,montrealgazette.com,2020,False
71bb954c7b57c3ee92043d30202927e6acae9925f1b9426539163216b94a7e14,Montreal SPCA asks landlords to show compassion amid COVID-19 by renting to tenants with pets,https://montreal.ctvnews.ca/montreal-spca-asks-landlords-to-show-compassion-amid-covid-19-by-renting-to-tenants-with-pets-1.4913551,2020-04-27,en,ctvnews.ca,ctvnews.ca,2020,False
6f1e48501c745074c7b79d679bd6689fc94f5cac134cbb42f14d6ee0eabfa7dc,Montreal tenant refuses to remove Palestinian flag despite orders from landlord,https://montreal.ctvnews.ca/montreal-tenant-appalled-after-landlord-orders-removal-of-palestinian-flag-1.6962093,2024-07-13,en,ctvnews.ca,ctvnews.ca,2024,False
4cff103549071663c0718dc5366d26bf682ace86bc1c2962d511ce164c6e1e47,Montreal tenant shoots himself in hand while threatening landlord,https://montrealgazette.com/news/local-news/montreal-tenant-shoots-himself-in-hand-while-threatening-landlord,2021-07-01,en,montrealgazette.com,montrealgazette.com,2021,False
39c63d1ab514bfb7d2aef8a1a62747cffd1158130ad940aa43c9021f0c4c4c9c,"Montreal tenant, landlord want to stop encroachment of illegal Airbnb rentals: ‘It’s a nightmare’",https://globalnews.ca/news/6538435/montreal-tenant-landlord-airbnb-rentals/,2020-02-11,en,globalnews.ca,globalnews.ca,2020,False
e36c540b94828b49cc3a9b3117d1449cf87b839bf1687c96f6a66e3d90962bd5,Montreal tenants fight to keep pets after landlord orders them out,https://globalnews.ca/news/9664991/montreal-tenants-pets-eviction/,2023-05-01,en,globalnews.ca,globalnews.ca,2023,False
15060931818e4aea4abd6dd006107b70bd440c7823ec16ac6b238efb7b8884b1,Montreal to publish names of delinquent landlords in bid to improve rental availability,https://www.cbc.ca/news/canada/montreal/rental-inspection-reports-public-1.5213259?cmp=rss,2020-02-04,en,cbc.ca,cbc.ca,2020,False
8129aba5a24ed3dceff9258f605d03078bb3d800982f1c92dc7bea40f4536e5b,Montreal to set up rental building registry to crack down on bad landlords,https://montreal.ctvnews.ca/montreal-to-set-up-rental-building-registry-to-crack-down-on-bad-landlords-1.5782455,2022-02-15,en,ctvnews.ca,ctvnews.ca,2022,False
ff028500e5c98dfbeb3a6a1d3094357af32ddc47b265d7ef4ff0cfe648edccf7,Montreal university student says he’s out $700 due to a fraudulent landlord,https://globalnews.ca/news/9940359/montreal-university-student-victim-apartment-fraud-warning/,2023-09-06,en,globalnews.ca,globalnews.ca,2023,False
27ddfce990436a89a6f9af105c759035f15086a5bd6b2aca36b21e3e182e818a,Montreal vows to ramp up rental inspections under new 'Responsible Landlord' program,https://montreal.ctvnews.ca/montreal-vows-to-ramp-up-rental-inspections-under-new-responsible-landlord-program-1.6824925,2024-03-27,en,ctvnews.ca,ctvnews.ca,2024,False
0c878c252a8d6c72e422aa4042087e1d1f83d490a19498d7279500ca600d5bad,Montreal woman in battle with landlord over illegal deposit,https://montreal.ctvnews.ca/totally-illegal-montreal-family-battling-with-landlord-over-deposit-1.6535976,2023-08-26,en,ctvnews.ca,ctvnews.ca,2023,False
987b37d5fd44999460e7d65d79ff677d1e85a98f3d9089ee5958b17dadb9fe07,Montreal's N.D.G. borough cracks down on neglectful landlords,http://montrealgazette.com/news/local-news/montreals-n-d-g-borough-cracks-down-on-neglectful-landlords,2017-04-15,en,montrealgazette.com,montrealgazette.com,2017,False
f191ab0a49c6eca8d124bcc83055489890308bbedb44959db787256dfbf902d8,More funds to speed up landlord-tenant disputes,https://vancouversun.com/news/more-funds-to-speed-up-landlord-tenant-disputes,2022-12-28,en,vancouversun.com,vancouversun.com,2022,False
640834f649d12014e9442dad8b56de4668ab7e8e386f750fe6cfbafb0df5bc5b,More landlords expected to appeal phased-in rent hikes,https://tj.news/telegraph-journal/102184295?ref=rss,2023-10-19,en,tj.news,tj.news,2023,False
71aeb8ab91e818b0754c6fc083e614cfd4ced5f9efcdc9c409b324a7dfe513d4,More landlords warned to stop renting space to marijuana operations,https://www.thestar.com/news/city_hall/2016/05/20/more-landlords-warned-to-stop-renting-space-to-marijuana-operations.html,2016-05-20,en,thestar.com,thestar.com,2016,False
33d6e153aec6e83d512098d0478eab4d626b31bf0f4af2fea48150db45892eae,More tenants fight back as landlord applications for own-use evictions rise 85% in Ontario,https://www.cbc.ca/news/canada/housing-rent-evictions-ontario-1.7266000?cmp=rss,2024-07-17,en,cbc.ca,cbc.ca,2024,False
0a80f3cda9452e1b0401b3c5e52381bcfea1aa75f99d38b4462d161638a5d805,More tenants of Kelowna landlord step forward with concerns,http://globalnews.ca/news/2076603/more-tenants-of-kelowna-landlord-step-forward-with-concerns,2015-06-25,en,globalnews.ca,globalnews.ca,2015,False
25a33de71f48802aac7af47ea9dd443c51ad7461bba04200e04caeb333a0c06a,More Toronto landlords trying to evict tenants for not paying rent even when they've paid in full: advocates,https://www.cbc.ca/news/canada/toronto/toronto-landlords-evictions-rent-loophole-1.7642694?cmp=rss,2025-09-25,en,cbc.ca,cbc.ca,2025,False
91e14ee21bf45aa30e16e88c8a87349a135b322e5fe6abab4849894ba62efbdf,More Vancouver landlords using drug-sniffing dogs on tenants,http://bc.ctvnews.ca/landlords-use-of-drug-sniffing-dogs-raises-privacy-concerns-1.3571070,2017-08-31,en,ctvnews.ca,ctvnews.ca,2017,False
542a2e4d1c268e76b144a541f8d3ac103ee8953f8ebc9b57c2e393ac1bd8de95,Most new Landlord and Tenant Board adjudicators in Ontario are part time: review,https://toronto.ctvnews.ca/most-new-landlord-and-tenant-board-adjudicators-in-ontario-are-part-time-review-1.5807600,2022-03-06,en,ctvnews.ca,ctvnews.ca,2022,False
f8c7e72476a2de81d6edb429b89147be75a07032c65ffbddc7c3dcc8631a322d,"Mother charged in overdose death of infant was a model tenant, says landlord",http://www.cbc.ca/news/canada/edmonton/edmonton-michelle-rice-mikayla-1.4111676?cmp=rss,2017-05-11,en,cbc.ca,cbc.ca,2017,False
2fbe49fd8cc8cabc2a98cfcf1b5afef53980384d978d0656c037bf5b29140fb6,"Move out by Wednesday, landlord tells flooded Rebecca St. building tenants",http://www.cbc.ca/news/canada/hamilton/news/move-out-by-wednesday-landlord-tells-flooded-rebecca-st-building-tenants-1.3410134?cmp=rss,2016-01-10,en,cbc.ca,cbc.ca,2016,False
8c31f679882f7abdb99aca083942445b1d91b10f140cc06451303b244cbce4bf,Moving day: Most landlords say dwellings left in unacceptable state,http://montrealgazette.com/news/local-news/moving-day-most-landlords-say-dwellings-left-in-unacceptable-state,2018-07-01,en,montrealgazette.com,montrealgazette.com,2018,False
2f0d19de917ce42c7b177be5e875a940460a77dd7d9b06b599136005a502da46,Moving day: Quebec landlords want security deposits legalized,http://montrealgazette.com/news/local-news/moving-day-quebec-landlords-want-security-deposits-legalized,2018-06-30,en,montrealgazette.com,montrealgazette.com,2018,False
9ec966af91eae4213682bde85b875d3b5e09dc588a0e31a6e901eb2098285a6c,Murder in Stoney Creek: SIU release shocking details from the night a landlord shot and killed his tenants,https://www.thespec.com/news/crime/murder-in-stoney-creek-siu-release-shocking-details-from-the-night-a-landlord-shot-and/article_2d306b20-12de-56f9-adb5-610980b29a19.html,2023-09-27,en,thespec.com,thespec.com,2023,True
cbbfdccd46b964d5e6c21c65f9597f9bf5ebf91228bb48b0c29c3359a7e09d53,"Muslim boy killed, landlord charged",https://www.ctvnews.ca/video?clipId=2786848,2023-10-16,en,ctvnews.ca,ctvnews.ca,2023,False
6ae219c803c0635ef437f96c70d9f9a4929f1024440fcec3b99a67947ddbcc35,My apartment had been my affordable refuge during divorce. Then my landlord sent me the email all tenants dread,https://www.thestar.com/real-estate/my-apartment-had-been-my-affordable-refuge-during-divorce-then-my-landlord-sent-me-the/article_3657312f-f46d-4395-a5bb-6d21a4a25baf.html,2025-05-26,en,thestar.com,thestar.com,2025,False
85b97c0765ee60f3ca0a3649f0bf871cc00fc9706fb8f4f0ab69b435023791cf,N.B. government accelerates plan to reduce taxes for landlords,https://globalnews.ca/news/9245924/n-b-government-accelerates-plan-reduce-taxes-landlords/,2022-11-02,en,globalnews.ca,globalnews.ca,2022,False
7d8c552ecd0c8eaa597cb5efedd23e23f54d87c570058732c17d8fa32e66f542,N.B. landlords concered by record high property assesments,https://atlantic.ctvnews.ca/n-b-landlords-concered-by-record-high-property-assesments-1.5773565,2022-02-08,en,ctvnews.ca,ctvnews.ca,2022,False
1ecb155f8e39386bbfba45bc827da44c57d9ec39ff13eab21cdd6e458a3a9929,N.B. news: Moncton landlord puts up barbed wire,https://atlantic.ctvnews.ca/more/moncton-landlord-installs-barbed-wire-to-curb-drug-use-protect-tenants-1.6709638,2024-01-03,en,ctvnews.ca,ctvnews.ca,2024,False
4c11fd37b0f9ba5a766c9dbee126d222ad75f2b90f59d3f2f22604e98a4fdcad,N.B. news: Moncton landlord worried about tenant safety,https://atlantic.ctvnews.ca/i-will-not-go-out-back-moncton-landlord-worried-about-tenant-safety-1.6703716,2023-12-28,en,ctvnews.ca,ctvnews.ca,2023,False
5ea0b0187703406a6b521c450fec3898f31dcb5a1c59a455eaca3c38fd78f451,"N.B. opposition parties say rent cap uncertainty is bad for tenants, landlords",https://globalnews.ca/news/9203005/n-b-opposition-parties-say-rent-cap-uncertainty-is-bad-for-tenants-landlords/,2022-10-16,en,globalnews.ca,globalnews.ca,2022,False
8d25c0d84a6ac5eeef04f6417c140c199093f6b705a1d220110c3c4f9a8dedb7,"N.B. tenants, landlords taken off guard by rent increase cap",https://globalnews.ca/news/8704728/nb-tenants-landlords-rent-increase-cap/,2022-03-23,en,globalnews.ca,globalnews.ca,2022,False
1b723c0e4ac796a81bed66db20741aae7200f4e31e5ea48751d2e543d3ed1c32,"N.B. to consider making landlords justify rental increases, minister says",https://globalnews.ca/news/9335496/nb-propose-landlords-justify-rent-increases/,2022-12-08,en,globalnews.ca,globalnews.ca,2022,False
5292ce879bf5ee1a644282fcf440e80a52fcf3705b1fad3142dfbbbdeba44265,N.S. landlord charged with extortion after allegedly threatening tenants,https://globalnews.ca/news/8441153/ns-landlord-charged-extortion-threats/,2021-12-10,en,globalnews.ca,globalnews.ca,2021,False
44a99334ff339f63714b3622517109d66325c2f59e739cdff4b964b857a79a1a,N.S. landlord group says fixed-term leases are needed. Not everyone’s convinced,https://globalnews.ca/news/10285176/ns-fixed-term-leases-ipoans-survey/,2024-02-10,en,globalnews.ca,globalnews.ca,2024,False
a67c36a8630cccfc75fbc93b3de97dc6cf43bfa2e4639a8901c591ad63d81b06,N.S. landlord who struggled to evict tenants seeks reform of system,https://globalnews.ca/news/9104450/ns-landlord-eviction-system-reform/,2022-09-03,en,globalnews.ca,globalnews.ca,2022,False
c7f56c8c8e0643b77d2860713889ab4659858e9a7018f976803622ff0d126b08,N.S. landlords complain they can't cover rising costs without rent increases,https://atlantic.ctvnews.ca/n-s-landlords-complain-they-can-t-cover-rising-costs-without-rent-increases-1.5633710,2021-10-21,en,ctvnews.ca,ctvnews.ca,2021,False
3ae43598a0cb3735d8430a71cf2f5ed85b72890e2359752da069c7d38d49b968,N.S. landlords dealing with huge mess,https://www.ctvnews.ca/video?clipId=1878256,2020-01-16,en,ctvnews.ca,ctvnews.ca,2020,False
35228ac869b3571119d0d04817c1da210cea4c657842e39d8b97742c35c68db2,"N.S. landlords get greenlight to ban smoking, growing pot",https://www.ctvnews.ca/canada/n-s-landlords-get-greenlight-to-ban-smoking-growing-pot-1.3872267,2018-04-05,en,ctvnews.ca,ctvnews.ca,2018,False
43c8596e9fa94db71db4fbb8579ae15e9be7f254ffca6414d6d6f2d132f39e42,N.S. landlords taking precautions ahead of marijuana legalization,https://atlantic.ctvnews.ca/n-s-landlords-taking-precautions-ahead-of-marijuana-legalization-1.3815580,2018-02-22,en,ctvnews.ca,ctvnews.ca,2018,False
6285aba3ba510293f6d9df3480ff9688c2c3c5a61795a2a596667c95d33c4a62,"N.S. landlords using fixed-term leases to skirt rent control: renters, advocate",https://atlantic.ctvnews.ca/renters-advocate-say-some-n-s-landlords-using-fixed-term-leases-to-skirt-rent-control-1.6284876,2023-02-22,en,ctvnews.ca,ctvnews.ca,2023,False
949366b99ab6ae8ead14f5d19491378fa9b035038ddd0763f0d1d978bf36a03d,N.S. rent caps not long-term solution: landlords,https://www.winnipegfreepress.com/business/governments-rent-caps-wont-solve-ns-affordable-housing-shortfall-landlords-573205461.html,2020-11-26,en,winnipegfreepress.com,winnipegfreepress.com,2020,True
e1ee831643615c7265d1cd8bafbb7c09f0172f670fe9de9a4170e1da65b53d2b,N.S. tenant nearly arrested after scam by fake landlord,http://atlantic.ctvnews.ca/n-s-tenant-nearly-arrested-after-scam-by-fake-landlord-1.2414664,2015-06-09,en,ctvnews.ca,ctvnews.ca,2015,False
8f17e2a6a5e704259316787eaf9e9cc00fbd8d6082c669dfe8ff12f50c173ac1,N.S. woman alleges landlords refuse to rent to her because of her children,https://www.cbc.ca/news/canada/nova-scotia/affordable-housing-landlords-vacancy-rates-human-rights-1.5334020?cmp=rss,2019-10-28,en,cbc.ca,cbc.ca,2019,False
b58beb32d4d78e3cb0dd6112126a96f4d57ebb69389923413cd350b6f23d149b,N.S. woman says landlord forced her to ditch service dog,http://atlantic.ctvnews.ca/n-s-woman-says-landlord-forced-her-to-ditch-service-dog-1.2937648,2016-06-08,en,ctvnews.ca,ctvnews.ca,2016,False
95f4fa0ecef7758f54d1db841b5007b1eac02a88aa2e83217e9b4885f727876d,N.W.T. government urged to reduce reliance on southern landlords,https://www.thestar.com/news/canada/2021/03/13/nwt-government-urged-to-reduce-reliance-on-southern-landlords.html,2021-03-13,en,thestar.com,thestar.com,2021,False
8d9f8eef6b98341f7f58ddef2e6ec8f9769122de9d4e6839a724a89c47e176a4,"N.W.T. tenants, landlords face new fees to access rental officer",http://www.cbc.ca/news/canada/north/n-w-t-rental-office-to-charge-landlords-tenants-to-file-complaints-1.3218853?cmp=rss,2015-09-08,en,cbc.ca,cbc.ca,2015,False
f05fedd47b40a8f1300eac2c091cdce1c4e91e83cd990ab76892416ccdc339e6,"Naked landlord found in tenants' Wheatley apartment, cops say",https://www.cbc.ca/news/canada/windsor/naked-landlord-found-by-tenants-in-apartment-1.4764387?cmp=rss,2018-07-27,en,cbc.ca,cbc.ca,2018,False
24670c51a811687abaa388815a549b0ed6a3ed65acdd2f75baa56d6ebf3138ff,"Nanaimo landlord fined $17,000 for illegal eviction of dying tenant",https://www.trailtimes.ca/news/nanaimo-landlord-fined-17000-for-illegal-eviction-of-dying-tenant/,2023-10-13,en,trailtimes.ca,trailtimes.ca,2023,True
4714405774eacd33ed22bebfce5783fe8c07ff731e9c370522ae6475263fb2af,"NDG family relieved landlord patches hole in ceiling after mice, cockroach infestation",https://montreal.ctvnews.ca/after-mice-and-cockroach-nightmare-ndg-family-relieved-landlord-patches-hole-in-ceiling-1.6885546,2024-05-13,en,ctvnews.ca,ctvnews.ca,2024,False
90f038a84fd4d8abda9b72d31d2bbbd65aae8f06e4cc16eb3ac8b80687bef424,NDG tenants are devastated that landlord cut down tree illegally,https://montreal.ctvnews.ca/ndg-tenants-sad-and-traumatized-after-landlord-cuts-down-treasured-old-tree-without-a-permit-1.6545434,2023-09-01,en,ctvnews.ca,ctvnews.ca,2023,False
4a2f93236c3712e531c90efddd097596b123c18bf244046dfe4dc6584331141f,"NDG tenants say landlord pressuring them to leave, making them live in poor conditions",https://globalnews.ca/news/9906259/ndg-tenants-landlord-pressuring-them-to-leave/,2023-08-19,en,globalnews.ca,globalnews.ca,2023,False
cc4b6ef65412c96e81d062f711769bc44d9e5574e785a39eb38aa0bdbd5c186f,NDP ask competition watchdog to investigate potential rent-fixing by landlords,https://www.winnipegfreepress.com/business/2024/09/20/ndp-ask-competition-watchdog-to-investigate-potential-rent-fixing-by-landlords,2024-09-20,en,winnipegfreepress.com,winnipegfreepress.com,2024,True
054f174901f404d926a7b354f735680826525f3ec2a57519e9bc898ef433ec72,NDP asks competition watchdog to probe potential rent-fixing by corporate landlords,https://www.cbc.ca/news/politics/rent-fixing-ndp-1.7329896?cmp=rss,2024-09-12,en,cbc.ca,cbc.ca,2024,False
f1bbe2dbbe841d4163361e03996455eaa66f89d57c05393804b45a697bd93bd8,NDP asks competition watchdog to probe potential rent-fixing by corporate landlords,https://www.thestar.com/business/ndp-asks-competition-watchdog-to-probe-potential-rent-fixing-by-corporate-landlords/article_33addd5d-cc8a-52d1-8b74-f88bdc94806b.html,2024-09-20,en,thestar.com,thestar.com,2024,True
6e7a04670e4a56948ada3568ff5904aeaf8eea77e964c981252660fd1c3a5713,NDP bill would require Manitoba landlords to improve energy efficiency before big rent increases,http://www.cbc.ca/news/canada/manitoba/ndp-bill-rent-increases-energy-efficiency-1.4625816?cmp=rss,2017-10-12,en,cbc.ca,cbc.ca,2017,False
12b6d23a3631e8fd0b64416b0ea06b77c1c8c1b5f9b7b17422eef1b08b420d08,"NDP housing promise includes new landlord limits, more help for non-profits",https://www.thestar.com/politics/federal-elections/ndp-housing-promise-includes-new-landlord-limits-more-help-for-non-profits/article_177b79fa-261a-5d10-8add-49f38e283bf4.html,2025-03-28,en,thestar.com,thestar.com,2025,True
7a9f81962c0095f4d3ec57fda6ebb519783da0f72dfbf60abcad0221b73193eb,"NDP housing promise includes new landlord limits, more help for non-profits",https://www.cbc.ca/news/politics/ndp-housing-landlord-limits-1.7496836?cmp=rss,2025-03-29,en,cbc.ca,cbc.ca,2025,False
bd72521944a01f57ba9340ed09d861ec7960571e0e3024c3c214165e014aaff3,NDP Leader Jagmeet Singh targets corporate landlords on campaign trail in Toronto,https://www.thespec.com/politics/federal-elections/ndp-leader-jagmeet-singh-targets-corporate-landlords-on-campaign-trail-in-toronto/article_ffef0d29-0995-546a-a943-6ddbfb8d4a2a.html,2025-03-25,en,thespec.com,thespec.com,2025,True
4303908a70de1c01e90686a188ec03ecea9b0bdb67f811de1f8a23ff95531002,NDP proposes big changes for renters and landlords,https://vancouverisland.ctvnews.ca/video?clipId=2896540,2024-04-02,en,ctvnews.ca,ctvnews.ca,2024,False
23c4a279e957a48d24af8768083fd4aead34f636e21bacfa977664070a53b5d0,"NDP wags finger, saying Liberals' slow reaction to landlord loophole hurts tenants",http://www.torontosun.com/2017/06/21/ndp-wags-finger-saying-liberals-slow-reaction-to-landlord-loophole-hurts-tenants,2017-06-21,en,torontosun.com,torontosun.com,2017,False
c0276230b1097d140db2aa504a9e673521fc27e585720199ca95b5a6ad20166b,NDP want competition watchdog to probe potential rent-fixing by landlords,https://globalnews.ca/news/10766582/ndp-competition-bureau-potential-probe-rent-fixing-landlords/,2024-09-20,en,globalnews.ca,globalnews.ca,2024,False
e0eca947c898d0c0803ba46f1cc61f492da8154afec7ce9bcdb9040b792b4ff0,NDP wants corporate landlords in Canada probed in wake of US AI lawsuit,https://www.abbynews.com/news/ndp-wants-corporate-landlords-in-canada-probed-in-wake-of-us-ai-lawsuit-7547726,2024-09-20,en,abbynews.com,abbynews.com,2024,True
eed031d6c7e14a29be4495658d2e2dc38d17be2b441e59f90b36a296bdb36d9a,Nearly half of Quebec landlords say they haven't gotten April rent yet: poll,https://montrealgazette.com/news/local-news/nearly-half-of-quebec-landlords-say-they-havent-gotten-april-rent-yet-poll,2020-04-11,en,montrealgazette.com,montrealgazette.com,2020,False
5104e5d0897ed19a3d859d204f6d7601fa1a348a8a65c28629a5374dd5726315,Needles all over': Landlord frustrated with 'squatters' during eviction process,http://www.cbc.ca/news/canada/saskatoon/needles-landlord-squatters-eviction-1.4304521?cmp=rss,2017-09-24,en,cbc.ca,cbc.ca,2017,False
ff7f884749345b98d42bd3d79996c53d7edf44d222180c6e9aeccc7aca4b219a,"Needles, blood, destruction: Landlord on the hook after tenants wreak havoc",http://www.cbc.ca/news/canada/newfoundland-labrador/needles-blood-destruction-residential-tenancies-act-newfoundland-eviction-1.4351705?cmp=rss,2017-10-12,en,cbc.ca,cbc.ca,2017,False
4438a16f7bb13f38b517d6e462348d2e8c14ba3e955605a9f204bbc37074b5e1,Negotiate rent with your landlord to reap savings,https://www.thestar.com/business/personal_finance/2021/03/29/negotiate-rent-with-your-landlord-to-reap-savings.html,2021-03-29,en,thestar.com,thestar.com,2021,True
c7725f29e6d4d480413b697eb3c4a13d5b1d7f830106281909e7565ffe8639fd,"Negotiations between landlord, tenants seeking to buy Hamilton apartment at impasse",https://globalnews.ca/news/9828676/negotiations-hamilton-apartment-sale-impasse/,2023-07-13,en,globalnews.ca,globalnews.ca,2023,False
21a5b2572e1b21bd4fc4ec469b0ba72d6e6ca3dbd47880a894775e64ba4885c9,NeighbourLink charity saved by generous landlord,http://www.cbc.ca/news/canada/calgary/neighbourlink-calgary-charity-saved-1.3282260?cmp=rss,2015-10-21,en,cbc.ca,cbc.ca,2015,False
26b618aca6aef5dc6482ed435a16df2a6759464d3ba8064aa21959fcd6344d6d,Neighbours helping landlord who struggled with alleged 'professional squatter',https://atlantic.ctvnews.ca/neighbours-helping-landlord-who-struggled-with-alleged-professional-squatter-1.4651053,2019-10-22,en,ctvnews.ca,ctvnews.ca,2019,False
cc758d269ceecd8294f4e1da7c87fc4a3de78b9b940203c49b8f6150d473c80a,Neighbours helping landlord who struggled with alleged ‘professional squatter’,https://globalnews.ca/news/6068626/neighbours-helping-landlord-who-struggled-with-alleged-professional-squatter/,2019-10-22,en,globalnews.ca,globalnews.ca,2019,False
3a08537a33553570765e7528f95eb8ea96cd5b8879b499c3d20464c23895e94b,Neighbours lose latest fight against problem landlord,http://www.cbc.ca/news/canada/edmonton/parkdale-residents-fail-to-block-basement-suite-for-problem-landlord-1.3182503?cmp=rss,2015-08-07,en,cbc.ca,cbc.ca,2015,False
7d3e972c7c7da27c41f4bd200f5f6008c1f00f328d225522249c1e3f71f5d5c1,Neighbours lose latest fight against problem landlord,http://www.canadastandard.com/index.php/sid/235571277/scat/71df8d33cd2a30df,2017-05-17,en,canadastandard.com,canadastandard.com,2017,False
7173b455ba02f1f931fa4be2b6f906eddee39386f81ff4f29701f8682364ca2e,Neighbours lose latest fight against troublesome landlord,http://www.canadastandard.com/index.php/sid/235559091/scat/71df8d33cd2a30df,2017-05-17,en,canadastandard.com,canadastandard.com,2017,False
27cdbbb567127a2e1a2f4fa5f45903766a13a0f423959a96a6736ae5f90018fd,Neighbours rescue elderly landlords as fire destroys Sea Island home,https://bc.ctvnews.ca/neighbours-rescue-elderly-landlords-as-fire-destroys-sea-island-home-1.3956717,2018-06-02,en,ctvnews.ca,ctvnews.ca,2018,False
67c694942596fb82215112c6e46e23e6fce6f486ad177dd42d50f5101835282f,"New app aims to level Toronto's rental playing field, but who will it help - tenants or landlords?",http://www.cbc.ca/news/canada/toronto/new-rental-app-biddwell-rental-properties-toronto-1.3795193?cmp=rss,2015-09-18,en,cbc.ca,cbc.ca,2015,False
305d5db026cccaea0cd9824f74512f6933dcf354fd2b963c1d8aa52c0432854b,New App from Belleville will help landlords find the perfect tenant,https://globalnews.ca/news/6261035/app-landlord-tenant-finances/,2019-12-06,en,globalnews.ca,globalnews.ca,2019,False
a3f6d80ece45ef9eb184f0fe6d701c4a80c450fb0c48579eb7d206d775805b9d,New Brunswick landlord drops security deposit claim after false photo accusation,https://www.cbc.ca/news/canada/new-brunswick/nb-tenants-security-deposit-fraud-1.7507032?cmp=rss,2025-04-14,en,cbc.ca,cbc.ca,2025,False
f3c5878123460a94af6a924beee2eddb583a9f6ce9ac24161f67f5e6d3187edd,New information on engaged couple shot dead by landlord near Hamilton,https://toronto.ctvnews.ca/new-details-emerge-on-landlord-who-allegedly-shot-engaged-couple-near-hamilton-ont-1.6418264,2023-05-29,en,ctvnews.ca,ctvnews.ca,2023,False
b038f37551d7f3a03834026381d5e1e239d240fe62d56266b409b44d64a567c7,New landlord for Granville Island?,http://www.cbc.ca/player/News/Canada/BC/ID/2471200866/?cmp=rss,2016-12-22,en,cbc.ca,cbc.ca,2016,False
a9569e5d6fd86a95b6f216835172b5710d6ea7ab63c184f084684435cad8f018,New landlord restrictions announced in Alberta as COVID-19 pandemic continues,https://edmonton.ctvnews.ca/new-landlord-restrictions-announced-in-alberta-as-covid-19-pandemic-continues-1.4871791,2020-03-27,en,ctvnews.ca,ctvnews.ca,2020,False
4ad758be2864b9e1662c699ebdfaff6cf7c38c06aa57511cd892a929d1b8dd09,"New law will worsen rental shortage in Nelson, landlords say",https://www.bclocalnews.com/news/new-law-will-worsen-rental-shortage-in-nelson-landlords-say/,2017-12-21,en,bclocalnews.com,bclocalnews.com,2017,False
b19b64bd2147240fc9ecd117eb52a6e8978360d99e82127220dce6b706453389,"New law will worsen rental shortage in Nelson, landlords say",http://www.trailtimes.ca/news/new-law-will-worsen-rental-shortage-in-nelson-landlords-say/,2017-12-22,en,trailtimes.ca,trailtimes.ca,2017,False
691b0515e708af80afd823b599f20db0eb0d7838c87d003330667fb43f2bbb83,New limits for a rent algorithm that prosecutors say let landlords drive up prices,https://www.winnipegfreepress.com/business/2025/11/25/new-limits-for-a-rent-algorithm-that-prosecutors-say-let-landlords-drive-up-prices,2025-11-25,en,winnipegfreepress.com,winnipegfreepress.com,2025,False
0d05abc8f3b75f5653460e7ccfcf202db4109054f3e9c8a4a7fd2ef63dbacc2a,"New Montreal website lists prices of rental units, draws ire of landlords",http://www.cbc.ca/news/canada/montreal/rent-prices-website-myrent-1.4159236?cmp=rss,2017-06-13,en,cbc.ca,cbc.ca,2017,False
09318574c9b83942661fc454c02bc7148163475a20287540d120cdc5ff562dc0,New Port Moody bylaw can crack down on landlords who don’t maintain their buildings,https://www.thespec.com/news/canada/new-port-moody-bylaw-can-crack-down-on-landlords-who-don-t-maintain-their-buildings/article_58687d6f-1077-5b7b-aec3-7ef521fad833.html,2024-10-31,en,thespec.com,thespec.com,2024,True
646d380931ee0bbef02ffb4faf29c97837f08e3de7e810b3878f5427d357b827,New pot legislation causing concerns for Sudbury landlords,https://www.cbc.ca/news/canada/sudbury/landlords-cannabis-law-sudbury-1.4744875?cmp=rss,2018-07-13,en,cbc.ca,cbc.ca,2018,False
9d9f908264561eadec6c642a849337e2176a6d11f9d0d9e9e604fc55a2c2310f,New Quebec contest sees landlords poking fun at dirty apartments,http://www.cbc.ca/news/canada/montreal/quebec-landlords-highlight-gross-apartments-in-new-contest-1.3151162?cmp=rss,2015-07-14,en,cbc.ca,cbc.ca,2015,False
c84ef4af4da65167f549242cad48169b4ddee8ac605cf9971cb1634cdcb488e3,New rules for landlords sound good to tenant of much-lamented building,https://www.thestar.com/news/gta/2016/08/07/new-rules-for-landlords-sound-good-to-tenant-of-much-lamented-building.html,2016-08-07,en,thestar.com,thestar.com,2016,False
3ed66e3a94654577b0c7507c12256100f60d4841a924aa66adebf98c36f27154,New tool kit to help Waterloo Region landlords choose ‘humanity over profits’,https://www.therecord.com/news/waterloo-region/2022/12/30/new-tool-kit-to-help-waterloo-region-landlords-choose-humanity-over-profits.html,2022-12-30,en,therecord.com,therecord.com,2022,False
a30a25fcdbfb24a173ab0cab9b49cd2deac73671efc76da860e8123ed2bcd0e0,New website links noise complaints to landlords in Sandy Hill,http://www.cbc.ca/news/canada/ottawa/sandy-hill-noise-complaint-website-1.3419431?cmp=rss,2016-01-25,en,cbc.ca,cbc.ca,2016,False
373b1cfde1a727dd8cc57a3680fa9ec656c75bc06e749e727f8cd4ce68276d3f,New website may help landlords and tenants keep peace,http://www.cbc.ca/news/canada/new-brunswick/new-website-tenant-landlord-1.4261974?cmp=rss,2017-08-26,en,cbc.ca,cbc.ca,2017,False
6edae8af901f3e17efcbc307c1f9d3602563176a714c62aace023ed121fb2476,New Westminster clinic runs afoul of landlord over coronavirus testing,https://globalnews.ca/video/6778037/new-westminster-clinic-runs-afoul-of-landlord-over-coronavirus-testing/,2020-04-03,en,globalnews.ca,globalnews.ca,2020,False
1f7bca7a56d07e34e21844ec0485cc50bec349011e0f6c74fe261f1c28c2a2da,New Westminster tenants rally against 'landlord who stole Christmas',https://vancouversun.com/news/local-news/new-westminster-tenants-rally-against-landlord-who-stole-christmas,2019-03-03,en,vancouversun.com,vancouversun.com,2019,False
e3b9c46e771b4b777067624e597364c3d887ab5958a7f7ee04fd40438fac88f4,New York City landlord to pay $8M in tenant-harassment suit,http://nationalpost.com/pmn/news-pmn/new-york-city-landlord-to-pay-8m-in-tenant-harassment-suit,2017-12-21,en,nationalpost.com,nationalpost.com,2017,False
abf0e978c0f0198d814c74fc5b071f0e70d2bda3d510c0d10ac554259fd506db,"New York landlord 'went nuts,' allegedly stabbed tenant to death over unpaid rent",http://www.torontosun.com/2017/02/23/new-york-landlord-went-nuts-allegedly-stabbed-tenant-to-death-over-unpaid-rent,2017-02-23,en,torontosun.com,torontosun.com,2017,True
0f3c2e156b73e3c6211d14a46769cd0b9d20fe1d02919480d54ff6c54e8b370e,"Newfoundland Power attempted to evict tenant due to previous bill, landlord says",http://www.cbc.ca/news/canada/newfoundland-labrador/nf-power-attempts-eviction-1.4384858?cmp=rss,2017-11-02,en,cbc.ca,cbc.ca,2017,False
0c697feb610265962e2bdf5cb212a8750f1eaf4900a1ccdb6d2cc4a389011f4a,Niagara politician’s private member’s bill aimed at holding bad landlords accountable,https://www.wellandtribune.ca/news/niagara-region/2022/12/08/private-members-bill-aimed-at-holding-bad-landlords-accountable.html,2022-12-08,en,wellandtribune.ca,wellandtribune.ca,2022,False
0d98dad67be436501ddf4b3ff7c0b90854b66ea4b1ec05349c05364cd1e86769,Nightmare tenant motivates landlord to pursue rental review system,http://leaderpost.com/news/local-news/nightmare-tenant-motivates-landlord-to-pursue-rental-review-system,2020-07-02,en,leaderpost.com,leaderpost.com,2020,False
796d753820915a7fa38a3d57bc5c02ed8b33c96bbbc65484a79e9d92fabb5469,Nightmare tenants 'an everyday occurrence:' Sask. landlords association,http://www.cbc.ca/news/canada/saskatchewan/nightmare-tenants-an-everyday-occurrence-sask-landlords-association-1.3253432?cmp=rss,2015-09-10,en,cbc.ca,cbc.ca,2015,False
b80554f516c7421eaba702efee5ec121953fd29ef5ac35daea7b83b04a33ad25,"Nightmare' tenants, high costs make rental landscape a challenge for landlords, too",http://www.cbc.ca/news/canada/toronto/landlords-no-fixed-address-1.4000142?cmp=rss,2017-02-27,en,cbc.ca,cbc.ca,2017,False
34c5be334755942b5272dd5ab26151a054f177c63764c21f7bd014d6c781b584,No adjudicators for Landlord Tenant Board; disputes resolved over the phone,https://www.nugget.ca/news/local-news/no-adjudicators-for-landlord-tenant-board-disputes-resolved-over-the-phone,2018-10-06,en,nugget.ca,nugget.ca,2018,False
d6791dea4aba539dfdb7e486842035ba265a8d787d44e16ab47bd53d72953ff9,No children allowed: Landlords refuse to rent to families with kids,http://www.cbc.ca/news/business/got-kids-find-another-place-to-live-1.3233761?cmp=rss,2015-09-18,en,cbc.ca,cbc.ca,2015,False
5bbc9b3101224d172393d59fd2e6f928191e076dc1c0bc1b8de119b38db4820f,No deal yet with landlord on one of two day spaces for homeless in Kamloops,https://www.thestar.com/news/canada/2021/09/01/no-deal-yet-with-landlord-on-one-of-two-day-spaces-for-homeless-in-kamloops.html,2021-09-01,en,thestar.com,thestar.com,2021,False
e61065d72615ca04bb697c5740cfcd43ac8306d42ed1caa3b7057afcee9fad11,No incentive to be a landlord; pool lobbying is entitlement,https://www.timescolonist.com/opinion/letters-july-23-no-incentive-to-be-a-landlord-lobbying-for-pool-shows-entitlement-keep-paper-bus-tickets-9254834,2024-07-23,en,timescolonist.com,timescolonist.com,2024,False
1fd3d8b9733685aa6d7d4075109033a87d7d0124b054cecb36acf413d86ac658,No pot party for Canada’s landlords who want to limit drug’s use,https://www.thestar.com/business/2018/02/12/no-pot-party-for-canadas-landlords-who-want-to-limit-drugs-use.html,2018-02-12,en,thestar.com,thestar.com,2018,False
f6a040f4fb8a01dd501ed410524abff5343e4e86c471fec13886c6d37f205693,No protection for landlords,http://www.timescolonist.com/opinion/letters/no-protection-for-landlords-1.23139393,2018-01-09,en,timescolonist.com,timescolonist.com,2018,False
68557941ab316e998306aeb9c83afe3670824038eed47e7f05591de863aaa322,No security deposit policy leaves Quebec landlords vulnerable,http://montrealgazette.com/news/local-news/west-island-gazette/no-security-deposit-policy-leaves-quebec-landlords-vulnerable,2016-07-06,en,montrealgazette.com,montrealgazette.com,2016,False
53ef17e7ffb683425efa2f6d412523806966d73a348a28d90c197b0769a0a78e,No smoke alarms proves costly for landlord,http://www.niagarafallsreview.ca/2017/04/27/no-smoke-alarms-proves-costly-for-landlord,2017-04-27,en,niagarafallsreview.ca,niagarafallsreview.ca,2017,True
8404b31926f49e51e4c6adb3afa9956a5ad809fac860da425fb4a0b5597b6b1f,No-cause evictions have the potential to hurt renters – with little gain for good landlords,https://theconversation.com/no-cause-evictions-have-the-potential-to-hurt-renters-with-little-gain-for-good-landlords-232810,2024-06-19,en,theconversation.com,theconversation.com,2024,False
9cb7b373f63347cc2d883caeefe11457a8deba901902995a2d81ee5133bb53dd,Non-paying tenant tells landlord to buy a smaller house,https://torontosun.com/news/provincial/levy-non-paying-tenant-tells-landlord-to-buy-a-smaller-house,2021-02-26,en,torontosun.com,torontosun.com,2021,False
dc76e23aa8ed024f7deb7d7d932cc5b9624e56cd14545b18ae2307393fd9e4d1,"Non-profit B.C., landlord launches pet-friendly policy",http://www.cbc.ca/news/canada/british-columbia/pacifica-pro-pet-policy-rental-housing-1.4481319?cmp=rss,2018-01-10,en,cbc.ca,cbc.ca,2018,False
83864f9956e7f74b8acc6aafb2acc85a2e2081f21d921f3f65e000978b763aaf,Non-profit that runs Nanaimo soup kitchen locked out by landlord,https://www.cbc.ca/news/canada/british-columbia/nanaimo-bc-soup-kitchen-1.7393201?cmp=rss,2024-11-26,en,cbc.ca,cbc.ca,2024,False
05574dd5b5ce8037955c257117effb4ac77fda0eefbc518a69ca217369f5cdc7,"Non-urgent evictions spiked last month, but not as high as landlords expected",https://thestarphoenix.com/news/local-news/non-urgent-evictions-spiked-last-month-but-not-as-high-as-landlords-expected,2020-09-02,en,thestarphoenix.com,thestarphoenix.com,2020,False
e7ad48617ea787a0dbcd0a92f7627c94891bc4e55a6ef72ad3c5dc2c3392e0be,Nordstrom closing: Mall landlords likely to get 'creative',https://www.ctvnews.ca/business/mall-landlords-likely-to-get-creative-to-fill-nordstrom-vacancies-experts-1.6298407,2023-03-03,en,ctvnews.ca,ctvnews.ca,2023,False
7a5999903349d0d7f70db9955f17aa995512e88e68fc5efc6254530143e52303,North Bay landlords group demonizing low-income tenants,https://www.nugget.ca/opinion/letters/north-bay-landlords-group-demonizing-low-income-tenants,2018-10-10,en,nugget.ca,nugget.ca,2018,False
a394ca33fbc3e4978044e1034c0f535bf34fe88c2ec94d6b6312786ef1668534,North Vancouver landlord can’t evict jailed tenant,https://bc.ctvnews.ca/north-vancouver-landlord-can-t-evict-jailed-tenant-1.4841308,2020-03-05,en,ctvnews.ca,ctvnews.ca,2020,False
a1259235549c032ecf531214bd441317195d4726ab9ed885f1626a7052c3ba9e,Northeastern University student sues sorority and landlord over fall from window,https://www.thestar.com/news/world/united-states/northeastern-university-student-sues-sorority-and-landlord-over-fall-from-window/article_7b2fb91d-9a7b-5c02-b9c9-a9549208b970.html,2024-08-28,en,thestar.com,thestar.com,2024,True
873f0052546f5a8a321174fa30fd7a98c03f123ac39eaf97c05c93f87877a972,Northern California landlord charged with shooting tenant,http://nationalpost.com/pmn/news-pmn/northern-california-landlord-charged-with-shooting-tenant,2018-06-20,en,nationalpost.com,nationalpost.com,2018,False
a5cdf4a3d88c500fd12b1b9e86965b0be338f17130397e3279f7cae2ba91b97c,"Northwood hiring more staff, urging landlords to provide short-term leases for health-care workers",https://globalnews.ca/news/6882542/northwood-hiring-more-staff-urging-landlords-to-provide-short-term-leases-for-health-care-workers/,2020-04-29,en,globalnews.ca,globalnews.ca,2020,False
b2105ef4dc3c04ef6b758634f050f4d06f885c5f8bec6907e532016aa5e64db6,Not all landlords are rich,http://www.bclocalnews.com/opinion/not-all-landlords-are-rich/,2019-11-19,en,bclocalnews.com,bclocalnews.com,2019,False
7d4c61c725cd1ec90a006215484b436f62a6d85c6ac3aac408294cae6b33daf7,Not the right thing to do': Sask. Landlord Association concerned about end of rental supplement program,http://www.cbc.ca/news/canada/saskatchewan/landlord-association-concerned-rental-program-1.4645477?cmp=rss,2018-05-02,en,cbc.ca,cbc.ca,2018,False
a6c8c494b2cb8cfee4bfdbb37acca6dcf200c1f2bb77861a1b16b420cbfe1ab3,Notorious Downtown Eastside landlords slapped with 500 new building violations by city inspectors,https://globalnews.ca/news/3913239/notorious-downtown-eastside-landlords-slapped-with-500-new-building-violations-by-city-inspectors/,2017-12-12,en,globalnews.ca,globalnews.ca,2017,False
9485824a3cbae8f5c1aa0e46a59b4a8453de845f5780baa28983d8e9079ed662,Notorious Edmonton inner-city landlord in hospital after being shot in the head,https://edmonton.ctvnews.ca/notorious-edmonton-inner-city-landlord-in-hospital-after-being-shot-in-the-head-1.5549352,2021-08-16,en,ctvnews.ca,ctvnews.ca,2021,False
b5e2829a944f6698916b34bf2756933d8c1846f62409aaf1508e5f1f4266df9d,Nova Scotia becomes second province to resolve tenant-landlord disputes by telephone,https://www.thestar.com/halifax/2018/07/31/nova-scotia-becomes-second-province-to-resolve-tenant-landlord-disputes-by-telephone.html,2018-07-31,en,thestar.com,thestar.com,2018,False
d4de753ed5b0a9ea6853c0192b7afbab66dc9a35be8790e9134bc37b7f305fa8,Nova Scotia landlord charged with extortion over alleged threats to tenants,https://www.thestar.com/news/canada/2021/12/10/nova-scotia-landlord-charged-with-extortion-over-alleged-threats-to-tenants.html,2021-12-10,en,thestar.com,thestar.com,2021,False
5c67036df255d5647b1b7157daff0449a2e03df0ba667ba97702be4047594b38,Nova Scotia landlord receives helping hand from neighbours after struggling with alleged ‘professional squatter’,https://www.thestar.com/halifax/2019/10/22/nova-scotia-landlord-receives-helping-hand-from-neighbours-after-struggling-with-alleged-professional-squatter.html,2019-10-22,en,thestar.com,thestar.com,2019,False
488c6dc206007e8452ed44ace54a11542057d4f0786dd78db29e107ec55eb172,Nova Scotia landlord who struggled to evict tenants seeks reform of system,https://atlantic.ctvnews.ca/nova-scotia-landlord-who-struggled-to-evict-tenants-seeks-reform-of-system-1.6054528,2022-09-03,en,ctvnews.ca,ctvnews.ca,2022,True
e3d11e2edaa17b2971be19d06fc8ec2165a93bf5e335284e29dad752f8cc9931,Nova Scotia landlords complain about insurance hikes,https://atlantic.ctvnews.ca/nova-scotia-landlords-complain-about-insurance-hikes-1.5651544,2021-11-03,en,ctvnews.ca,ctvnews.ca,2021,False
a9104b91ae27c3d9275a905be6f580afbeccb954f943422e8dcdcd0203959555,Nova Scotia landlords say they should decide their units’ pot rules,https://globalnews.ca/news/3941857/nova-scotia-landlords-say-they-should-decide-their-units-pot-rules/,2018-01-02,en,globalnews.ca,globalnews.ca,2018,False
82b3f7b6a0e83c5838dbcb85dde181e5fdb5b34da3330f5fc50811aef08ba48b,Nova Scotia NDP accuse government of prioritizing landlord profits over renters,https://globalnews.ca/news/10762332/ns-ndp-accuse-government-prioritize-landlords/,2024-09-18,en,globalnews.ca,globalnews.ca,2024,True
9198f6e1efcd874bca560b6cbfe28eda85ac79903faf52e371b4587dbc6d3576,Nova Scotia renters to get landlord database,https://www.thestar.com/halifax/2019/04/22/nova-scotia-renters-to-get-landlord-database.html,2019-04-22,en,thestar.com,thestar.com,2019,False
36973bee5e71a559cd2cb39c98ac86abb9ae27e0e5711b65d59f174667ac8a70,Nova Scotia second province to resolve tenant-landlord disputes by telephone,https://atlantic.ctvnews.ca/nova-scotia-second-province-to-resolve-tenant-landlord-disputes-by-telephone-1.4035057,2018-07-31,en,ctvnews.ca,ctvnews.ca,2018,False
0f35bce07e9d599c73e072b47ae9e0c6f960c90285b40641f449ef2569db1c2d,Nova Scotia studying creation of enforcement unit for tenant-landlord disputes,https://atlantic.ctvnews.ca/nova-scotia-studying-creation-of-enforcement-unit-for-tenant-landlord-disputes-1.6173273,2022-11-29,en,ctvnews.ca,ctvnews.ca,2022,True
2b1348ec1b44771ad5cfd08b52e901442ef84dfc8e91bbd63c08d5f76998e18b,Nova Scotia tenant advocacy group calls for landlord licensing bylaw,https://globalnews.ca/news/7305974/landlord-licensing-bylaw/,2020-08-29,en,globalnews.ca,globalnews.ca,2020,False
6e46f9e060ecfaf1fdcfc6887ae8bab7208a345b26618031035a649d9b8bebee,Nuisance party bylaw decision defferred amidst landlord pushback,https://www.thestar.com/news/canada/2022/02/23/nuisance-party-bylaw-decision-defferred-amidst-landlord-pushback.html,2022-02-23,en,thestar.com,thestar.com,2022,False
18e5315e023edde6a70963bc23de1da06653a5204dc6ca505a2f3fb9f3e310c4,"Numerous renters scammed by a tenant who posed as the landlord, took their rent money and disappeared.",http://www.cbc.ca/news/canada/montreal/numerous-renters-scammed-by-a-tenant-who-posed-as-the-landlord-took-their-rent-money-and-disappeared-1.3567338?cmp=rss,2016-05-04,en,cbc.ca,cbc.ca,2016,False
8bb77c6e6135dcb05ad15b33cdd6ed2f3d939d493742e645e85edae2da2411d7,NYC bans unusual practice of forcing tenants to pay real estate brokers hired by landlords,https://www.winnipegfreepress.com/business/2024/11/13/nyc-bans-unusual-practice-of-forcing-tenants-to-pay-real-estate-brokers-hired-by-landlords,2024-11-13,en,winnipegfreepress.com,winnipegfreepress.com,2024,False
4b307a1d19e54afedb97ee3436ba6bc8fabf2dcde527993baaf12e643d953096,NYC landlord accused of stabbing tenant to death over outstanding rent,http://globalnews.ca/news/3267564/nyc-landlord-stabbing-accused/,2017-02-23,en,globalnews.ca,globalnews.ca,2017,False
4dd3af576d54eb8f080874b8e6de0cbc6b00af0e2bbb6e7db9922c97491a08d6,NYC poised to force landlords to sell private property to non-profits to ensure ‘affordable housing’,https://thepostmillennial.com/nyc-poised-to-force-landlords-to-sell-private-property-to-non-profits-to-ensure-affordable-housing,2025-12-29,en,thepostmillennial.com,thepostmillennial.com,2025,False
d9e0d4e7716895883424e67f191b0d00a42aae579c6bafe7eb0eab8114077849,"Oct. 15: Ford will always get my vote, fed up with absent landlords and other letters to the editor",https://www.thespec.com/opinion/letters-to-the-editors/2020/10/15/oct-15-ford-will-always-get-my-vote-fed-up-with-absent-landlords-and-other-letters-to-the-editor.html,2020-10-15,en,thespec.com,thespec.com,2020,False
9b91cd173fc2f77ff5b55390cc947f05aeeaf6e67b4334f7e343bb4bfd5870ed,Of landlords and legal pot: Province charts course for tenancy restrictions,https://www.cbc.ca/news/canada/new-brunswick/legal-cannabis-landlords-tenants-leases-1.4727630?cmp=rss,2018-06-29,en,cbc.ca,cbc.ca,2018,False
1cf2dc311937ad1bf43032d31f05a9af7378a867d64688bff73a211fa538ece6,Oil woes have Calgary landlords turning empty offices into apartments,https://www.thestar.com/business/2019/06/10/oil-woes-have-calgary-landlords-turning-empty-offices-into-apartments.html,2019-06-10,en,thestar.com,thestar.com,2019,False
4228787986b0934101e7342a22701e61a5a720121cff40976b10b6dc1b06a261,Okanagan landlord shocked after tenants move out,http://globalnews.ca/news/3156803/okanagan-landlord-shocked-after-tenants-move-out/,2017-01-02,en,globalnews.ca,globalnews.ca,2017,False
3df30d1f1a0e0e9c77766cab9ae1df6ff4274b7540a4a657bc92dfbbb1c6fb77,Okanagan landlords unite to fight tenant and warn others,https://globalnews.ca/news/5661373/okanagan-landlords-unite-to-fight-tenant-and-warn-others/,2019-07-19,en,globalnews.ca,globalnews.ca,2019,False
80c2aa9b2cbe059d203f3a5944fb639949c5a31e47e8e4fc066e5ef651c95ad1,Ombudsman to investigate Toronto's heating bylaw after landlords turn off AC amid rising temperatures,http://www.cbc.ca/news/canada/toronto/toronto-ombudsman-investigates-hot-apartments-1.4302494?cmp=rss,2017-09-22,en,cbc.ca,cbc.ca,2017,False
c1d540b8c9ee3f4c2180ceec1dc3529c101fa9c32b507537e02adbf3c2a339a3,On the Brink: Halifax-area landlords say housing crisis is harming them too,https://globalnews.ca/news/10165166/on-the-brink-landlords-housing-crisis/,2023-12-13,en,globalnews.ca,globalnews.ca,2023,False
034ebe11eb1f004a631bccae8489fb045855327aa98f12e732bd9fc5ac48c421,On the Brink: How a tight rental market makes it easier for landlords to discriminate,https://globalnews.ca/news/10177893/on-the-brink-rental-discrimination/,2023-12-19,en,globalnews.ca,globalnews.ca,2023,False
6760bc5f837074bf9bfed98165ac9395735688178b65cc3590ee6da938fffd10,Once-homeless landlord settling into renovated pad previously trashed by tenants who refused to leave,https://www.thespec.com/news/hamilton-region/once-homeless-landlord-settling-into-renovated-pad-previously-trashed-by-tenants-who-refused-to-leave/article_4b51c0b9-5d26-5e90-973a-f772cf59924f.html,2025-02-13,en,thespec.com,thespec.com,2025,False
926e02d59628d0511516448d9877135d61d9cf71e73dfee4563dff95007ff74f,"One landlord, one apartment, multiple renters adds up to 13 fraud charges",http://www.cbc.ca/news/canada/edmonton/st-albert-landlord-charged-with-13-counts-of-rental-fraud-1.3713543?cmp=rss,2016-08-09,en,cbc.ca,cbc.ca,2016,False
e3a0a70ee2eb36fbdfaf2c64a93a36639a94179a18dce15acc8602adbf1da14b,One Montreal landlord blames lazy owners for empty storefronts,https://montrealgazette.com/news/local-news/one-montreal-landlord-blames-lazy-owners-for-empty-storefronts,2020-01-13,en,montrealgazette.com,montrealgazette.com,2020,False
f576dacda010a52f0cd7f0e30d074d9a0f74f0c34745ca2f4d95e69bcb1b4fd2,One of the North's largest landlords is for sale. How will it affect renters?,https://www.cbc.ca/news/canada/north/northview-for-sale-kingsett-capital-1.5472034?cmp=rss,2020-02-21,en,cbc.ca,cbc.ca,2020,False
19b1fdb3070def712f1b2324646404621cfd0c1698f9f495fe22ba1b701415ad,"One year for man in landlord assault, break-in",https://tj.news/greater-saint-john/101936662?ref=rss,2022-08-06,en,tj.news,tj.news,2022,False
cd46cba8e2924fd487a3e20aac9673cf49a4863b060929f566c75e115e622e14,One year in jail for man who maced landlord,https://www.brandonsun.com/local/2023/08/18/one-year-in-jail-for-man-who-maced-landlord,2023-08-18,en,brandonsun.com,brandonsun.com,2023,False
c6288163fafbc4d3f3a9cd06bfb1b8cccb197afc3916ff25a35c0d7d890215bc,Online registry aims to crowdsource tracking of Toronto evictions for landlords’ personal use,https://www.thestar.com/news/gta/2019/01/22/online-registry-aims-to-crowdsource-tracking-of-toronto-evictions-for-landlords-personal-use.html,2019-01-22,en,thestar.com,thestar.com,2019,False
21305e3eeac4bf9846e2fe1f5f0640ad8f1afa01d6c0965f813cf967a78dc68a,Ont. judge orders HBC to pay outstanding rent to landlord Oxford Properties,https://www.thestar.com/business/2021/06/25/ont-judge-orders-hbc-to-pay-outstanding-rent-to-landlord-oxford-properties.html,2021-06-25,en,thestar.com,thestar.com,2021,True
641739ddb00e9426edbc7b0a3ed1a74929ee2214f15a595218fe0ebd4b28837e,Ont. judge orders Hudson's Bay Co. to pay outstanding rent to landlord Oxford Properties,https://toronto.ctvnews.ca/ont-judge-orders-hudson-s-bay-co-to-pay-outstanding-rent-to-landlord-oxford-properties-1.5486183,2021-06-25,en,ctvnews.ca,ctvnews.ca,2021,False
ceb413388f7b29f1c67e878989d200a56c6cc2dfbbf6cf303f96d278c3001959,Ont. landlords seek to ban pot in rentals,http://www.niagarafallsreview.ca/2018/01/22/ont-landlords-seek-to-ban-pot-in-rentals,2018-01-22,en,niagarafallsreview.ca,niagarafallsreview.ca,2018,True
2400f6256755b2c389e9b9695a71b53aaa60510d6d89daedc66658a6567c0f23,Ont. landlords will able to raise your rent by 1.8 per cent next year,http://barrie.ctvnews.ca/ont-landlords-will-able-to-raise-your-rent-by-1-8-per-cent-next-year-1.3473495,2017-06-23,en,ctvnews.ca,ctvnews.ca,2017,False
dc8d8a0c8ac92ac6b2762ca55e5d98d7c2b047e46c99b2c3de658bb18e2058d4,Ont. man found NCR of stabbing landlord at least 127 times,http://cnews.canoe.com/CNEWS/Crime/2017/05/10/22723741.html?cid=rssnewscrime,2017-05-10,en,canoe.com,canoe.com,2017,False
ae8702a416296610f590bc62d82ac8b9122826bbbbc00d93a872291942ac285a,Ont. Premier Ford warns landlords: 'Don't push me',https://www.ctvnews.ca/video?clipId=1961168,2020-05-19,en,ctvnews.ca,ctvnews.ca,2020,False
c257ab8b0528a66f2f64e40e01af919e780065f08bd64df8b90b2e4b23e08f34,Ont. residential landlords call on government to accelerate evictions after moratorium,https://www.ctvnews.ca/health/coronavirus/ont-residential-landlords-call-on-government-to-accelerate-evictions-after-moratorium-1.5177314,2020-11-05,en,ctvnews.ca,ctvnews.ca,2020,False
2aa3f49e3b9d59dde239f9ecb47305e8d7cbd702750afb0e1fd90728e549ac9e,Ontario backpedals on proposed rule changes that prevent landlords from evicting tenants,https://www.theglobeandmail.com/canada/article-ontario-housing-landlords-tenants-renting-rules/,2025-10-27,en,theglobeandmail.com,theglobeandmail.com,2025,False
413d9b1f81a165514b93e035a206d8dc3a3dad8a0ab09570defc931f8b708af6,Ontario city cracking down on ‘slum’ landlords who ‘ruin neighbourhoods’,https://globalnews.ca/news/10764009/brampton-landlord-registration-plan-update/,2024-09-19,en,globalnews.ca,globalnews.ca,2024,False
5004a78985aa383b0c24187c8364587aea4fa167219b1ab67ebe2d35cbde89af,Ontario earmarks $19M for Landlord Tenant Board in effort to reduce long-standing backlog,https://toronto.ctvnews.ca/ontario-earmarks-19m-for-landlord-tenant-board-in-effort-to-reduce-long-standing-backlog-1.5844425,2022-04-01,en,ctvnews.ca,ctvnews.ca,2022,False
8f5d05f41c3a01c59853666cd617b678931edd9c6e2c85c55daade60d0179062,Ontario eyes measures to stop landlords hiking rents to dodge future rent control,https://www.thestar.com/news/canada/2017/04/04/ontario-eyes-measures-to-stop-landlords-hiking-rents-to-dodge-future-rent-control.html,2017-04-04,en,thestar.com,thestar.com,2017,False
1bbe7a50291146fc7fed9fe84bb79944ddcaf59e2632609b27177f4b785e6e19,"Ontario government must close loopholes that allow landlords to hike rent, advocacy groups say",https://www.thestar.com/business/2018/02/13/ontario-government-must-close-loopholes-that-allow-landlords-to-hike-rent-advocacy-groups-say.html,2018-02-13,en,thestar.com,thestar.com,2018,False
6d4127b0b9ab6bb76d77af788d5c73fbc3d3f03d646b82a98448fb5431c3b82b,"Ontario government willing to let Landlord and Tenant Board backlog 'fester,' says watchdog group",https://www.cbc.ca/news/canada/toronto/ontario-landlord-tenants-board-backlog-tribunal-watch-report-1.7118845?cmp=rss,2023-03-08,en,cbc.ca,cbc.ca,2023,False
3fdfead0ccbe8fc8fb823275f39a5830ada4d16653b36f6c1569e67a6baf17d1,Ontario increases amount landlords can raise rent by highest level in a decade,https://toronto.ctvnews.ca/ontario-increases-amount-landlords-can-raise-rent-by-highest-level-in-a-decade-1.5968069,2022-06-29,en,ctvnews.ca,ctvnews.ca,2022,False
1ee8f18caa5b2e720a082ce204ce3a0e195d3e58791e49dfb0187f37ad2d4f16,Ontario judge orders Hudson’s Bay Co. to pay outstanding rent to landlord,https://globalnews.ca/news/7981298/judge-orders-hudsons-bay-pay-rent-landlord-ontario/,2021-06-25,en,globalnews.ca,globalnews.ca,2021,False
99908541b99da057918f36a6f512307eaa216cacd698c08e12c6b04624f5f059,Ontario Landlord and Tenant Board delays reach 2 years,https://toronto.ctvnews.ca/ontario-s-landlord-and-tenant-board-hit-with-excruciating-delays-of-up-to-2-years-1.6383925,2023-05-04,en,ctvnews.ca,ctvnews.ca,2023,False
7e4eb27842abff912ed570798cdf2c47a04fbb8f02ca0a9a1ba55f48637f7922,Ontario Landlord and Tenant Board’s ‘digital first’ system harms vulnerable renters: advocate,https://globalnews.ca/news/8956135/ontario-landlord-tenant-board-digital-system-vulnerable-residents/,2022-06-29,en,globalnews.ca,globalnews.ca,2022,False
2793f9cd0dcc76e3857e9c88473ad18d20c7d4609e657b50b8e6c0d1f2cfe2cc,"Ontario landlord claims he’s owed $76,000 in rent by a Canadian border guard",https://toronto.ctvnews.ca/ontario-landlord-claims-he-s-owed-76-000-in-rent-by-a-canadian-border-guard-1.6138286,2022-11-03,en,ctvnews.ca,ctvnews.ca,2022,False
8e1ad8f71a1d887d9c6631a996a2eb6883a56f33ea8decf62de0a98fab168f57,Ontario landlord fears over $26K lost forever in long wait for tenant eviction hearing,https://www.cbc.ca/news/canada/london/london-landord-ltb-hearing-long-process-1.7133733?cmp=rss,2024-03-05,en,cbc.ca,cbc.ca,2024,False
7b543d1736f2ae57347d38abfb4cba1a478f907f0918f4c86d9d5319efe31649,"Ontario landlord must pay Muslim couple $12,000 for not removing shoes, giving headsup before visits",http://cnews.canoe.com/CNEWS/Canada/2017/04/26/22720450.html?cid=rssnewscanada,2017-04-26,en,canoe.com,canoe.com,2017,False
ea3ceed1d36104c4c607d2ff0f86e386479830524aee0995c8d683702c76437d,Ontario landlord owing $27M loses control over building where tenants faced 3-month water shut-off,https://www.cbc.ca/news/canada/hamilton/1083-main-st-e-receivership-1.7425882?cmp=rss,2025-01-08,en,cbc.ca,cbc.ca,2025,False
188680cef0e35e2d3cbb7c0c84e959a3bd251d3474ec12ee97f819367315e6e2,Ontario landlord says he's drained his savings after tenants stopped paying rent last year,https://toronto.ctvnews.ca/ontario-landlord-says-he-s-drained-his-savings-after-tenants-stopped-paying-rent-last-year-1.5905631,2022-05-16,en,ctvnews.ca,ctvnews.ca,2022,False
42994a475e77e4df85edfe4457ad94c7378d956dac09fa4a71e91299c6882f96,Ontario landlords able to increase rent up to 1.8 per cent next year,http://globalnews.ca/news/3551121/ontario-landlords-able-to-increase-rent-up-to-1-8-per-cent-next-year/,2017-06-23,en,globalnews.ca,globalnews.ca,2017,False
e0bc0f6da99590a2ac334f85ab7006830ca0cddf0f0270052cf31eacee82f4fc,"Ontario landlords aren't the problem, the Landlord and Tenant Board is",https://www.thepostmillennial.com/ontario-landlords-arent-the-problem-the-landlord-and-tenant-board-is/,2019-12-16,en,thepostmillennial.com,thepostmillennial.com,2019,False
5ecf027013eabf36ac626effd9805521ef940d19c97659c398560f5cd73847c0,Ontario landlords call for right to immediately ban pot in rentals despite tenant laws,https://www.ctvnews.ca/business/ontario-landlords-call-for-right-to-immediately-ban-pot-in-rentals-despite-tenant-laws-1.3770397,2018-01-22,en,ctvnews.ca,ctvnews.ca,2018,True
f047ab4dccf3cc30a7732877b8e5145d1d37d6e83c4a1088c72a0195d31f99db,Ontario landlords call for right to immediately ban pot in rentals once legalized,https://toronto.ctvnews.ca/ontario-landlords-call-for-right-to-immediately-ban-pot-in-rentals-once-legalized-1.3770590,2018-01-22,en,ctvnews.ca,ctvnews.ca,2018,False
9696cd6db261d54e3a0efe65b55cd750c7408befb12caf0d867d3b06aef150c1,Ontario landlords facing dilemma with possible unpaid rent on April 1,https://windsor.ctvnews.ca/ontario-landlords-facing-dilemma-with-possible-unpaid-rent-on-april-1-1.4867952,2020-03-25,en,ctvnews.ca,ctvnews.ca,2020,False
77673b14494ee2f642127ba1f3f3dff52d2915aa33c52d77c996260b67b9fcad,Ontario landlords group lobby for easier evictions at upcoming Queen’s Park protest,https://www.thespec.com/news/ontario-landlords-group-lobby-for-easier-evictions-at-upcoming-queens-park-protest/article_f816c26b-bc4d-5111-80ff-8fd42c78d486.html,2024-06-04,en,thespec.com,thespec.com,2024,False
b93457f7f64377711f8436cf66c8a0f4d1bebd380d67480fb65b59feae45efe2,Ontario landlords hand over control of real estate empire after allegation of 'misappropriated' investor funds,https://www.cbc.ca/news/canada/hamilton/expanded-monitor-powers-1.7251922?cmp=rss,2024-02-09,en,cbc.ca,cbc.ca,2024,False
b668d4d319789ab3d33d4746d48ce96677ccdf662c296583120688d6cc326578,Ontario landlords push for right to ban cannabis smoking by renters despite tenant laws,http://www.cbc.ca/news/canada/toronto/ontario-landlords-push-for-right-to-ban-cannabis-smoking-by-renters-despite-tenant-laws-1.4499579?cmp=rss,2018-01-23,en,cbc.ca,cbc.ca,2018,True
31253f48feb1c8f496b0e8141603cbe4e3ec98feff2cce907d0eb770815b209f,Ontario landlords say some tenants using pandemic as excuse not to pay rent,https://toronto.ctvnews.ca/ontario-landlords-say-some-tenants-using-pandemic-as-excuse-not-to-pay-rent-1.5176982,2020-11-05,en,ctvnews.ca,ctvnews.ca,2020,False
3d5face2cfacbf44ac680548df9c05118af09ecf30545fcee6eb59da4814f2be,Ontario landlords seek right to immediately ban marijuana use in rentals,https://www.theglobeandmail.com/news/national/ontario-landlords-seek-right-to-immediately-ban-marijuana-use-in-rentals/article37683897/,2018-01-22,en,theglobeandmail.com,theglobeandmail.com,2018,True
556b985b9d8df555c2e9c496afac8672199b7d8056829cd07f23aa591f767b36,Ontario landlords struggle as major delays continue to plague LTB hearings,https://globalnews.ca/news/7605966/ontario-landlords-delays-ltb-hearings/,2021-01-28,en,globalnews.ca,globalnews.ca,2021,False
2fc625b6cbea54f40e0d6f281d5e27600793027bb9744411be3878bb912a1dff,Ontario landlords want ability to ban pot in rentals,http://torontosun.com/news/provincial/ontario-landlords-call-for-right-to-immediately-ban-pot-in-rentals-despite-tenant-laws,2018-01-22,en,torontosun.com,torontosun.com,2018,False
2dedd1e48296809128e9eb0b8d21580fec7eaaac7d9134141085e0821d6f7813,Ontario landlords want right to ban pot in rental units despite tenant laws,https://globalnews.ca/news/3979715/ontario-landlords-legalized-pot-rental-units/,2018-01-22,en,globalnews.ca,globalnews.ca,2018,False
9f3aa2c2d223da40fe149416a7008f777fd597aa1f26cedb0f299f7cae1708c1,Ontario landlords want right to ban pot in rentals immediately after legalization,https://www.thestar.com/news/canada/2018/01/22/ontario-landlords-want-right-to-ban-pot-in-rentals-immediately-after-legalization.html,2018-01-22,en,thestar.com,thestar.com,2018,False
078c5209ea186033e1abe6c15a01d0c1665e03b65cd213bbf756f40650d3a7a6,Ontario landlords want the right to ban pot in units despite tenant laws,http://nationalpost.com/pmn/news-pmn/canada-news-pmn/ontario-landlords-call-for-right-to-immediately-ban-pot-in-rentals-despite-tenant-laws,2018-01-22,en,nationalpost.com,nationalpost.com,2018,True
398489120f1e3b69737863d438418700f09eba8d0141f319fd119163ff98360e,"Ontario landlords want to keep legal pot out of their units, but is a ban the way to go?",http://www.cbc.ca/news/canada/toronto/landlord-pot-ban-1.4501455?cmp=rss,2018-01-21,en,cbc.ca,cbc.ca,2018,False
5cd31a7013ce38d78c6c5f2b4c297600764b41c1dd94d3451a4b41069280be63,Ontario landlords who owe investors $144M 'misappropriated' funds for 'extravagant' expenses: court report,https://www.cbc.ca/news/canada/hamilton/landlords-bankruptcy-protection-ontario-1.7234290?cmp=rss,2024-02-09,en,cbc.ca,cbc.ca,2024,False
85d0484123e55e86bd58e796ce9bd1179e02e68caf27dd2c71b580c5a0bf8bfc,Ontario mandates landlords must hold long-term rent increases to 2.5% in 2023,https://www.thewhig.com/news/ontario-mandates-landlords-must-hold-long-term-rent-increases-to-2-5-in-2023/wcm/9a6b2eae-4737-4df6-a2b5-b2d1aa8dc087,2022-06-30,en,thewhig.com,thewhig.com,2022,True
3eb3e025faec42d01784ce960c677b8df045cd4328bdb3dbe715b00f900980e6,"Ontario must change law to put tenants, not landlords, first",https://www.thestar.com/opinion/letters_to_the_editors/2022/07/20/ontario-must-change-law-to-put-tenants-not-landlords-first.html,2022-07-20,en,thestar.com,thestar.com,2022,False
02def532b0a07341759897616e8654b9a5ff2eea04a0475e8cd9db1697d95b8d,Ontario must close 'loopholes' that allow landlords to hike rent: activist groups,https://www.ctvnews.ca/canada/ontario-must-close-loopholes-that-allow-landlords-to-hike-rent-activist-groups-1.3801998,2018-02-13,en,ctvnews.ca,ctvnews.ca,2018,False
ef461930dee96c6ac3a0561a3f2c3c3a3e08b9bc0f6d5f1d8930426980595dbc,Ontario must close loopholes that allow landlords to hike rent: groups,https://globalnews.ca/news/4023436/ontario-must-close-loopholes-that-allow-landlords-to-hike-rent-groups/,2018-02-13,en,globalnews.ca,globalnews.ca,2018,True
ff66f9ee4c3162b0e1a2dd7bbc08af7f1df8c5629fd3f4ed67c2a3a54bf7493d,Ontario needs to fix a dysfunctional landlord and tenant board which has caused immense problems,https://www.thestar.com/opinion/editorials/2023/05/11/ontario-needs-to-fix-a-dysfunctional-landlord-and-tenant-board-which-has-caused-immense-problems.html,2023-05-11,en,thestar.com,thestar.com,2023,False
c6319202d6fcc34b1c1080d6546ce207823c06f4c3e64b2b3a52436777ce517c,"Ontario News This Week: Child dies in daycare tragedy, bad news for slum landlords, plus credit card scam",https://www.niagarafallsreview.ca/news/ontario-news-sep-14/article_27110a72-0a9f-59ec-b943-46aa6f25f836.html,2025-09-14,en,niagarafallsreview.ca,niagarafallsreview.ca,2025,True
a8ad6e4735ccb968cd5844cbaad64bfa16517a2e449ef153562655171bcc26a7,Ontario ombud probing Landlord and Tenant Board delays,https://torontosun.com/news/provincial/ontario-ombud-probing-landlord-and-tenant-board-delays,2020-01-09,en,torontosun.com,torontosun.com,2020,False
0a41e758263111916ac26ad2fa1f45a98cee7569d1222f723c32ef4e2bd45a72,Ontario ombudsman launches probe of Landlord and Tenant Board delays,https://nationalpost.com/pmn/news-pmn/canada-news-pmn/ontario-ombudsman-launches-probe-of-landlord-and-tenant-board-delays,2020-01-09,en,nationalpost.com,nationalpost.com,2020,True
d77e2a820c52cc5dd76c5a72588caae4f32b1865518e33c598e58adfdc113c9a,"Ontario premier issues warning to commercial landlords, but has not yet banned evictions",https://toronto.ctvnews.ca/ontario-premier-issues-warning-to-commercial-landlords-but-has-not-yet-banned-evictions-1.4967682,2020-06-03,en,ctvnews.ca,ctvnews.ca,2020,False
f5807f2a39125ed3e1362ddbc89eda44f95da4bd4107aef2312f34ba8c3fb91a,Ontario premier urges 'vicious landlords' to go easy on tenants as commercial evictions loom,https://toronto.ctvnews.ca/ontario-premier-urges-vicious-landlords-to-go-easy-on-tenants-as-commercial-evictions-loom-1.4940743,2020-05-15,en,ctvnews.ca,ctvnews.ca,2020,False
f3292d3e17848abba3d1f41e36dd44acecebc36233ffcebd3d9c0c0f8f47634b,Ontario premier warns landlords price-gouging after Barrie tornado to 'stop immediately',https://barrie.ctvnews.ca/ontario-premier-warns-landlords-price-gouging-after-barrie-tornado-to-stop-immediately-1.5519751,2021-07-22,en,ctvnews.ca,ctvnews.ca,2021,False
c2b4ea373d497d299d847dd986f88c4853c72bde3e2b853323a9f1e92c7807aa,Ontario rights tribunal finds landlord violated tenants' religious rights,http://www.brandonsun.com/lifestyles/breaking-news/tribunal-finds-landlord-violated-tenants-religious-rights-421175103.html,2017-05-03,en,brandonsun.com,brandonsun.com,2017,True
d8026317b9b948ba057a02772246202afc778b44a23a58f30ff2f2cb176e6d28,Ontario rights tribunal finds landlord violated tenants’ religious rights,http://www.theglobeandmail.com/news/national/ontario-rights-tribunal-finds-landlord-violated-tenants-religious-rights/article34886303/?cmpid=rss1,2017-05-03,en,theglobeandmail.com,theglobeandmail.com,2017,True
391750ff457773dfb1390f23c13d8ebf97e7ef786e231161bf319884a157d5f3,Ontario wants to make landlords liable for preventing drug activity on their property,https://www.cbc.ca/news/canada/toronto/bill-10-landlord-drug-liability-1.7588576?cmp=rss,2025-07-20,en,cbc.ca,cbc.ca,2025,False
dfef7c7ec6cf7d4d3359a06289ff27de52795cd8fd196a9d17b91a94c1743825,Ontario woman says landlord went inside apartment without permission,https://toronto.ctvnews.ca/brampton-woman-says-landlord-entered-her-apartment-without-proper-permission-1.6625629,2023-10-31,en,ctvnews.ca,ctvnews.ca,2023,False
fbb8be3a73eb3d2e02b8de0b18e105cb55b2484ee03efd7c1c03d1bde3e6b53c,"Ontario's Landlord and Tenant Board isn't working for anyone, so how do the parties plan to fix it?",https://www.cbc.ca/news/canada/london/ontario-s-landlord-and-tenant-board-isn-t-working-for-anyone-so-how-do-the-parties-plan-to-fix-it-1.7452392?cmp=rss,2025-02-10,en,cbc.ca,cbc.ca,2025,False
876d9fe418b145b7b4ce8983dfb83f243a3b81e3736e3ecb15a4d8613b97d2f1,Ontario's unresolved landlord-tenant dispute backlog causing tensions to boil over,https://barrie.ctvnews.ca/rising-backlog-of-landlord-tenant-disputes-causing-tensions-to-boil-over-1.6776842,2024-02-20,en,ctvnews.ca,ctvnews.ca,2024,False
db923f22dad935b26fcd15cdfe910ea1f0b8188000dd086c823994d84eac72da,Ontario’s housing crisis: Small landlords being squeezed out,https://www.thespec.com/opinion/contributors/ontario-s-housing-crisis-small-landlords-being-squeezed-out/article_4e83a6bd-1a57-502a-a8b4-8cef76e8ea89.html,2024-10-04,en,thespec.com,thespec.com,2024,True
ca491b537a16beb5c1c96b4b72657b01025505ee3607462f0959413b0aa8fdcc,Ontario’s Landlord Tenant Board expected to be hit with wave of eviction applications,https://globalnews.ca/video/7248440/ontarios-landlord-tenant-board-expected-to-be-hit-with-wave-of-eviction-applications/,2020-08-03,en,globalnews.ca,globalnews.ca,2020,False
6d31b9c2b47ea78db5205e2922482f98a5414469fff6f0c13fc8f1ee5365314e,Ontario’s landlord-tenant dispute system system broken,https://www.niagarafallsreview.ca/opinion/editorials/2022/12/02/ontarios-landlord-tenant-dispute-system-system-broken.html,2022-12-02,en,niagarafallsreview.ca,niagarafallsreview.ca,2022,True
ee506461a8a79e14ee4856d4bc31f6ba49530f56e145eeb4df4f18f6aba7e6ee,Ontario’s public servants have been ordered back to the office. So why will Landlord and Tenant Board hearings stay virtual?,https://www.thestar.com/news/gta/ontarios-public-servants-have-been-ordered-back-to-the-office-so-why-will-landlord-and/article_d4ed7665-98fd-4fa1-b87d-c52442f3d7f9.html,2025-09-24,en,thestar.com,thestar.com,2025,False
99ab16bf29341051c22b3202955a40e723ff40963a29b4e768eb347d9e747694,Open fires near building leaves landlord smoking mad,https://winnipegsun.com/news/news-news/open-fires-near-building-leaves-landlord-smoking-mad,2021-11-05,en,winnipegsun.com,winnipegsun.com,2021,False
3e5cb3bcd789a0460ed294bf578de4e3a24c38e4e23f9f474d438c66f0488557,"Opinion: Blame landlords, not market",https://www.winnipegfreepress.com/opinion/analysis/2023/02/21/blame-landlords-not-market,2023-02-21,en,winnipegfreepress.com,winnipegfreepress.com,2023,False
453cafbd3df8f8e54f2e8c119b2b86af3734dc5ab35761ecbeac81f6fa2577ea,Opinion: Quebec shouldn't let landlords demand security deposits,http://montrealgazette.com/opinion/columnists/opinion-quebec-shouldnt-let-landlords-demand-security-deposits,2016-05-11,en,montrealgazette.com,montrealgazette.com,2016,False
4a3d28f3264011cd8db3435e7dd7fe4da1f094f3bc34855bc148a9bb167210c4,Ottawa city worker and landlord charged with fraud in alleged kickback scheme: police,https://www.thestar.com/news/ontario/ottawa-city-worker-and-landlord-charged-with-fraud-in-alleged-kickback-scheme-police/article_85d5a405-efc0-5464-bf7d-292cdc1ee423.html,2025-05-06,en,thestar.com,thestar.com,2025,True
56c51e1e86d5fe01cf517eb13f54a91fdb4da9e24507b5fdebf5e56a8c1e2c75,"Ottawa couple, landlord in legal battle after pets 'boiled to death' when radiator pipe bursts",https://www.cbc.ca/news/canada/ottawa/couple-blames-minto-pets-death-1.5294572?cmp=rss,2019-09-24,en,cbc.ca,cbc.ca,2019,False
35bbbe3ed817a43ee16df3727afb0f4f997ae816697da279e1ba449f04fb7d30,"Ottawa hopes friends, neighbours and landlords will provide parking spots during overnight parking bans",https://ottawa.ctvnews.ca/ottawa-hopes-friends-neighbours-and-landlords-will-provide-parking-spots-during-overnight-parking-bans-1.5156825,2020-10-22,en,ctvnews.ca,ctvnews.ca,2020,False
b5dd66bd19db73667d15bf68b24dddfe543707d577312fb9a47f622c309fe5b7,Ottawa landlord breathing new life into formerly decrepit Erie St. building,http://windsorstar.com/news/local-news/ottawa-landlord-breathing-new-life-into-formerly-decrepit-building,2018-06-28,en,windsorstar.com,windsorstar.com,2018,False
9aedd7b9c8c2fbe0bbf259ab4792067c0c3b95e6ef9661828a713270a6a0baaf,Ottawa landlord left with hefty bill after tenant trashes rental property,https://ottawa.ctvnews.ca/ottawa-landlord-left-with-hefty-bill-after-tenant-trashes-rental-property-1.6950256,2024-07-03,en,ctvnews.ca,ctvnews.ca,2024,False
862b4b0fcbb899b6c5444f45aadc52ff55381882fe68c9bd3b0a4e4388e6bdcc,Ottawa landlord reserves apartments for Syrian refugees,http://ottawacitizen.com/news/local-news/ottawa-landlord-reserves-apartments-for-syrian-refugees,2015-12-09,en,ottawacitizen.com,ottawacitizen.com,2015,False
498b5a576e6c092800392de28dd873b454f1d2992a74cb7d308488f5e63c33d1,Ottawa landlord warns against renting to foreign diplomats after U.S. embassy worker skips rent,https://www.theglobeandmail.com/news/politics/ottawa-landlord-warns-against-renting-to-foreign-diplomats-after-us-embassy-worker-skips-rent/article37784522/?cmpid=rss1,2018-01-29,en,theglobeandmail.com,theglobeandmail.com,2018,False
b13cb46e7c3906fb0f7837e897eb713b047e3c7e0b731dee5ba68e96da72fcd3,Ottawa landlords face uncertain future as post-secondary schools prepare for online learning,https://ottawa.ctvnews.ca/ottawa-landlords-face-uncertain-future-as-post-secondary-schools-prepare-for-online-learning-1.4941781,2020-05-15,en,ctvnews.ca,ctvnews.ca,2020,False
3024b8a34b6a0ce7d696daf9e8d69ff871084ac3dadb20a07b2518755f018a96,Ottawa landlords urged to go 100% smoke free,http://www.cbc.ca/news/canada/ottawa/ottawa-smoking-ban-apartments-1.3939954?cmp=rss,2017-01-18,en,cbc.ca,cbc.ca,2017,False
34fc9ee10cd0c5d1b0456a3ec0a2a4ca957670815b253088c9dce6f0c64ed2c2,Ottawa man clashes with landlord over right to charge his EV,https://www.cbc.ca/news/canada/ottawa/electric-vehicle-charging-rental-tenant-rules-1.7371633?cmp=rss,2024-11-09,en,cbc.ca,cbc.ca,2024,False
1fc1bef681ef560d764088800fa8e18c797a358fcbd4c9b733099f2e1761c836,"Ottawa Police see rise in family disputes, landlord-tenant issues during pandemic",https://ottawa.ctvnews.ca/ottawa-police-see-rise-in-family-disputes-landlord-tenant-issues-during-pandemic-1.4941394,2020-05-15,en,ctvnews.ca,ctvnews.ca,2020,False
6076982943989b3b295275b79ffa9fd553eb944c2e0fb22988a6223779b8373a,"Ottawa police warn landlords illegal pot shops could be raided, property seized",http://ottawacitizen.com/news/local-news/ottawa-police-warn-landlords-illegal-pot-shops-could-be-raided-property-seized,2016-10-25,en,ottawacitizen.com,ottawacitizen.com,2016,False
1ff8753b90f4b8ad62c252546e061a8a93515eef7dc1331c2a06dce26447e489,Ottawa pot shop landlord fears truck crash is 'a message',http://ottawacitizen.com/news/local-news/front-of-pot-shop-near-hunt-club-smashed-in-by-vehicle,2016-10-14,en,ottawacitizen.com,ottawacitizen.com,2016,False
0286833007692c98014874465a54c6d3ed2346a00ba34e2682af03d2d6dee35b,Ottawa real estate: Tensions rise in Glebe landlord-tenant showdown,https://ottawa.ctvnews.ca/the-tension-between-a-landlord-and-tenant-in-ottawa-at-a-breaking-point-1.6656540,2023-11-22,en,ctvnews.ca,ctvnews.ca,2023,True
25186e71de564c9dd6ef7d2db5e2f851d65509ee8abba96ec2c2aac75a742964,Ottawa urged to amend law on non-resident landlords’ taxes,https://www.theglobeandmail.com/politics/article-ottawa-urged-to-amend-law-on-non-resident-landlords-taxes/,2024-05-19,en,theglobeandmail.com,theglobeandmail.com,2024,False
b7c1c801bc08270c9aa434402c9cbebc9e99e6dfcf461805255373769417d17b,Ottawa Vacant Unit Tax: Landlords say tax is unfair,https://ottawa.ctvnews.ca/the-city-of-ottawa-s-vacant-unit-tax-continues-to-leave-several-residents-frustrated-1.6849835,2024-04-16,en,ctvnews.ca,ctvnews.ca,2024,False
3e9495c54dd564019d08980c4400b03d3376aded0b4a6cf5a216e887c3f764ee,"Ottawa's 'draconian' Airbnb rules will hurt students, landlord says",https://www.cbc.ca/news/canada/ottawa/airbnb-reaction-housing-1.5350603?cmp=rss,2019-11-06,en,cbc.ca,cbc.ca,2019,False
a17e80f2b2689e2ab85e0dbc7b96a4f7b0c3751cbd0ee56350fd2e9eae3eb4ee,Ottawa-area businesses urge landlords to access COVID-19 rent relief program,https://ottawa.ctvnews.ca/ottawa-area-businesses-urge-landlords-to-access-covid-19-rent-relief-program-1.4947443,2020-05-20,en,ctvnews.ca,ctvnews.ca,2020,False
d153974e8b5552d45adf030f5e7a5117d68657b2e58917f32df300cacc4bd597,"Out with the old, in with the new tenants: Parkdale landlord accused of playing favourites to millenials",http://www.cbc.ca/news/canada/toronto/toronto-parkdale-rent-apartment-protest-1.4027266?cmp=rss,2017-03-16,en,cbc.ca,cbc.ca,2017,False
56bd51b0abb621ec80cabb66e332e73f50d0dd427423c99de3cdb5f7a5f0b00a,Over 100 Hamilton tenants face threat of eviction as landlord starts listing townhouses for sale,https://www.cbc.ca/news/canada/hamilton/tenant-eviction-dicenzo-1.7255603?cmp=rss,2024-07-05,en,cbc.ca,cbc.ca,2024,False
b0ab29fecddbf5660974a411c8a3aec15008603940d5094d2477f0dc72a37e77,Owe money for rent during the pandemic? Here's B.C.'s plan for tenants to pay back their landlords,https://bc.ctvnews.ca/owe-money-for-rent-during-the-pandemic-here-s-b-c-s-plan-for-tenants-to-pay-back-their-landlords-1.5027469,2020-07-16,en,ctvnews.ca,ctvnews.ca,2020,False
7455ab324d48b515e3df2c7f6df36c2e3ba37ebdf615242996e3d8108980b8e3,Owner of Chilliwack business destroyed by drug lab fire suing his landlord – Abbotsford News,https://www.abbynews.com/news/owner-of-chilliwack-business-destroyed-by-drug-lab-fire-suing-his-landlord/,2022-07-07,en,abbynews.com,abbynews.com,2022,False
4b763095ee9a31b60e2ab81af435742aba7ad5ad6a875c40c359dfc8b0dec293,P.E.I. landlord says rental turned into a nightmare after tenants 'ruined' her property,https://www.cbc.ca/news/canada/prince-edward-island/pei-tenants-destroying-rental-property-1.7579015?cmp=rss,2025-07-08,en,cbc.ca,cbc.ca,2025,False
78a6f489f93857c1bb52617be0aaee48341cb0ccc8f8735c34afea3dbb1463d1,P.E.I. landlords allowed 1.5% rent increase for 2018,http://www.cbc.ca/news/canada/prince-edward-island/pei-irac-rent-increase-1.4299958?cmp=rss,2018-05-24,en,cbc.ca,cbc.ca,2018,False
bf6d03f563606c22c81d00db871c4bed94d91229b37f080ca7fdd09457ee2747,"Pandemic causes Kingston landlords to fill empty rooms, houses",https://globalnews.ca/video/7384785/pandemic-causes-kingston-landlords-to-fill-empty-rooms-houses/,2020-10-07,en,globalnews.ca,globalnews.ca,2020,False
94fe353e5633781ab59c41af603931fdeab003ea05bae160eddc86f796f7a567,Pandemic creating a ‘nightmare’ for local landlords and tenants,https://www.thestar.com/news/canada/2020/12/22/pandemic-creating-a-nightmare-for-local-landlords-and-tenants.html,2020-12-22,en,thestar.com,thestar.com,2020,False
4837fd963f4001268e445f1113d8699e1aecd7a4d78120562133a058a8903ab0,Pandemic fraying the nerves of landlords and tenants: Police,https://www.thestar.com/news/canada/2020/10/22/pandemic-fraying-the-nerves-of-landlords-and-tenants-police.html,2020-10-22,en,thestar.com,thestar.com,2020,False
6d6127688c5fa43c1c154fea2b27b07336617a334fdd958f439a9ab96efd2df8,"Pandemic orders sparking more landlord-tenant disputes, says Princeton RCMP",https://www.bclocalnews.com/news/pandemic-orders-sparking-more-landlord-tenant-disputes-says-princeton-rcmp/,2020-05-15,en,bclocalnews.com,bclocalnews.com,2020,False
8b21a46a106a0680f8a1f7198e86c7cff2d4824f0b1f3f4263bee1c83c35a910,Parc-Extension tenant takes landlord to Quebec Superior Court,http://www.cbc.ca/news/canada/montreal/montreal-tenant-taking-landlord-to-quebec-superior-court-1.2945048?cmp=rss,2015-02-04,en,cbc.ca,cbc.ca,2015,False
2c904cd9bb843f4f4fa242bcf56e12acb52ef1fb0dfebff9979a3f3ec0c25f8d,Parc-Extension tenants rally against their landlord,https://globalnews.ca/news/7377661/parc-extension-tenants-rally-against-their-landlord/,2020-10-04,en,globalnews.ca,globalnews.ca,2020,False
5720c58ca1283de82190f5e8d018446759a8bfdac13dbdb3d43af2a9d250e6d1,"Parents of Toronto rooming house fire victim sue landlord, push to raise awareness of dangers",https://www.cbc.ca/news/canada/rooming-houses-fires-alisha-lamers-1.5313747?cmp=rss,2019-10-09,en,cbc.ca,cbc.ca,2019,False
69e2c9993d114dd20e25dbfbf7ea2bbce7a2f43353383699d14d03357d2c958e,Parham landlord sheds light on recently reported ‘violent attack’,https://globalnews.ca/video/5790598/parham-landlord-sheds-light-on-recently-reported-violent-attack/,2019-08-20,en,globalnews.ca,globalnews.ca,2019,False
a2116d2dc21f21d03fa91fba9378959ef407c306d14a1ecbcb29982d2af88e6f,Park Royal tenants on edge as landlord isn't taking federal rent-assistance loans,https://vancouversun.com/business/park-royal-tenants-on-edge-as-landlord-isnt-taking-federal-rent-assistance-loans,2020-07-10,en,vancouversun.com,vancouversun.com,2020,False
ae2895ed81577d68c1a477e90de587820ea4778009265d83b0d93b1b50bff6dc,Parkdale residents fail to block basement suite for troublesome landlord,http://www.cbc.ca/news/canada/edmonton/parkdale-residents-try-to-block-basement-suite-for-troublesome-landlord-1.3182503?cmp=rss,2015-08-07,en,cbc.ca,cbc.ca,2015,False
135ca3efdc19a314a73e507903a82d911b07b4b163bd0590e5f8e16f02fb68a3,Parkdale residents protest ‘loophole’ allowing landlords to drive up rent,https://www.thestar.com/news/gta/2018/02/04/parkdale-residents-protest-loophole-allowing-landlords-to-drive-up-rent-prices.html,2018-02-04,en,thestar.com,thestar.com,2018,False
9d773aa42e8ae290f01e1c529dae3dd581ed75aaa318e8d1c78165c03376e2ee,Parkdale tenant strike expected to end after landlord backs down on rent increase,https://www.thestar.com/news/gta/2018/03/26/parkdale-tenant-strike-expected-to-end-after-landlord-backs-down-on-rent-increase.html,2018-03-26,en,thestar.com,thestar.com,2018,False
67ed0cc91fce538a7b7e1c12fcaf6ab84ebd1597b1591c8004dbae3a939fa67f,"Parkdale tenants declare victory, end strike saying they've 'won' deal with landlord",http://www.cbc.ca/news/canada/toronto/parkdale-rent-strike-ends-1.4245237?cmp=rss,2017-03-16,en,cbc.ca,cbc.ca,2017,False
6691889c38cc39ab0a8f9c0fc37bbc9895230e23eb55878ccff97adb58f66974,"Parkdale tenants fear for their homes after receiving eviction notices from landlord previously fined $135,000 for ‘renovictions’",https://www.thestar.com/news/gta/2022/02/18/parkdale-tenants-fear-for-their-homes-after-receiving-eviction-notices-from-landlord-previously-fined-135000-for-renovictions.html,2022-02-18,en,thestar.com,thestar.com,2022,False
cbbd619f92181f717d9fa6aeed2b9908d12b81d00543669bd458b1a66fe8025f,Parking fees become a battleground between landlord and tenants,https://www.therecord.com/opinion/columnists/parking-fees-become-a-battleground-between-landlord-and-tenants/article_0a2be3b3-df37-575f-af06-849ac4bdba81.html,2024-04-26,en,therecord.com,therecord.com,2024,False
33990eff1ab3d26d0e1d23d7ffe3bb8ffec029e48b1941f889bdbb8652e60d33,Parole eligibility set at 14 years for Roxboro man who killed landlord,https://montrealgazette.com/news/local-news/parole-eligibility-set-at-14-years-for-roxboro-man-who-killed-landlord,2021-03-23,en,montrealgazette.com,montrealgazette.com,2021,False
ccf4fb04ff104b4c170ca2c4fcaabcf3ba563c4de12eac5a0aa7f8c9ad682e37,"Party professional' threw huge bash in luxury condo, repeatedly dodged $15K rent, landlord says",https://www.cbc.ca/news/canada/british-columbia/rees-cameron-vancouver-party-professional-landlord-lawsuit-1.5306936?cmp=rss,2019-10-03,en,cbc.ca,cbc.ca,2019,False
0844a2e6ffa6098ebac35ea3f21f38f6d49968463f1725c86824f3672a2df294,Paula Simons: Time to rethink the rights of landlords to ban children,http://edmontonjournal.com/business/commercial-real-estate/paula-simons-time-to-rethink-the-rights-of-landlords-to-ban-children,2017-04-05,en,edmontonjournal.com,edmontonjournal.com,2017,False
08fc864a8781ee0de968da63f9d12a9d7cd5d6fc1bea8db37c0951caac77b151,Pay or be evicted': Tenant says landlords ignoring rent cap,https://tj.news/telegraph-journal/101840776?ref=rss,2022-04-08,en,tj.news,tj.news,2022,False
efbdee54d0593460b332e6c1d91b2ddf2f5d35544205c6b021dafef8295e8e37,PELASS transitional housing program partners with local landlords to address homelessness,https://www.thespec.com/news/canada/pelass-transitional-housing-program-partners-with-local-landlords-to-address-homelessness/article_3872bfbe-4650-5ce8-bd12-082a18f53dd0.html,2025-03-18,en,thespec.com,thespec.com,2025,True
0b2acd635b94c3233f268e9e62e72f184b288d64d80b0390e916c1a6d86fdc56,Penticton police officer assaulted during dispute between tenant and landlord,http://www.bclocalnews.com/news/penticton-police-officer-assaulted-during-dispute-between-tenant-and-landlord/,2021-02-09,en,bclocalnews.com,bclocalnews.com,2021,True
41bfaf70fa91a7cc8f2ae25239d8aad2cfd842e8387eac9a7e42623bd6676890,People are sharing rent info in Montreal -- and landlords aren't happy,http://www.ctvnews.ca/canada/people-are-sharing-rent-info-in-montreal-and-landlords-aren-t-happy-1.3464227,2017-06-17,en,ctvnews.ca,ctvnews.ca,2017,False
b8e971d80f87de02c7d29aaf39989fcd496fe0c364838ffcbd4bbafc7eb431b1,People are sharing rent info in Montreal -- and landlords arent happy,http://www.canadanews.net/index.php/sid/253639776,2017-06-18,en,canadanews.net,canadanews.net,2017,False
48779cad7576a9795a71c7c8e0b7103f1379b4c55a5bfd61380984de272c83bf,"Pergola breaks rules, says landlord",https://www.brantfordexpositor.ca/news/local-news/pergola-breaks-rules-says-landlord,2020-06-12,en,brantfordexpositor.ca,brantfordexpositor.ca,2020,False
1d1964f945c6f34da8cb31fed936ebb7ef8fbc09051c535e3c7ea585d68d8afc,Person in potentially life-threatening condition after landlord-tenant dispute sparks Calgary collision,https://globalnews.ca/news/6754158/calgary-panamount-crash/,2020-03-30,en,globalnews.ca,globalnews.ca,2020,False
8ff1431068c8ec09150cfa694d3847bcd71dd51250c1a02c7b8c37de9693af24,"Pet spa owners livid over 30% rent hike, but landlord counters it’s ‘market rate’",https://torontosun.com/news/provincial/small-business-owners-push-province-for-commercial-rent-freeze,2020-05-20,en,torontosun.com,torontosun.com,2020,False
be48410c1bbd7e8f370f500c76ce8540703565bde688ae5f6d6d4848d8d4089d,Peter Dutton makes Labor’s case. Tax breaks for landlords should be restricted to those who build homes,https://theconversation.com/peter-dutton-makes-labors-case-tax-breaks-for-landlords-should-be-restricted-to-those-who-build-homes-230518,2024-05-21,en,theconversation.com,theconversation.com,2024,False
48b076aff1ca2b92b934a629280d6df17af89644da530b69baa02a41b71d7f71,Peterborough landlord charged with assault against tenant: police,https://globalnews.ca/news/9730879/peterborough-landlord-charged-assault-tenant-police/,2023-05-29,en,globalnews.ca,globalnews.ca,2023,False
265857690281f1f6adce93ec788eb38a1ef7bc9e4bf6d678ffe825eb9a42284b,"Peterborough landlord takes unusual approach, erects sign, following unpaid rent",https://globalnews.ca/video/7258587/peterborough-landlord-takes-unusual-approach-to-unpaid-rent/,2020-08-07,en,globalnews.ca,globalnews.ca,2020,False
8348f19d5bb3400857042ddc83a173ac0489e9a25636633335eb22375efdffd0,"Peterborough landlords jailed, fined for fire code violations",https://globalnews.ca/news/4197638/peterborough-landlord-fire-code-violations/,2018-05-09,en,globalnews.ca,globalnews.ca,2018,False
b9963da69a10d028cbfe245a29d50a9a7285e11f999727ac6a4d78c94ade19cb,Petition saying B.C. laws are unfair to landlords is 'absurd': advocate,https://bc.ctvnews.ca/more-rent-control-needed-in-b-c-not-less-say-advocates-in-wake-of-absurd-landlord-petition-1.6617211,2023-10-25,en,ctvnews.ca,ctvnews.ca,2023,False
84876a5c825a2c77dbc9daf76904417cd06e9ce3cd81dc9a8344494b5b6d5156,"Plan to licence some Kingston rental properties, rooming houses worries landlords",https://globalnews.ca/news/10250222/licensing-plan-kingston-rental-properties-rooming-houses-landlords/,2024-01-25,en,globalnews.ca,globalnews.ca,2024,False
d7859380160663fe9cd68cda10fac9a50fe2cb1848e447b337bbab7e97022a6d,Plea issued to Guelph landlords to help fire victims,https://kitchener.ctvnews.ca/plea-issued-to-guelph-landlords-to-help-fire-victims-1.6366869,2023-04-22,en,ctvnews.ca,ctvnews.ca,2023,False
117cfa7be295c72806fe7c149df0a88817e5fdbc2dc65f81d5c9116df6e18e90,"Pleasant Hill landlords 'desperately trying to not have their properties destroyed,' says association",https://www.cbc.ca/news/canada/saskatoon/pleasant-hill-landlords-respond-boarded-up-homes-1.5259531?cmp=rss,2019-08-25,en,cbc.ca,cbc.ca,2019,False
b506437dbe2936ddfae14ace1743481c29da35555c02219ad58afa55ca104d43,Pleasant Hill residents favour tougher laws for landlords,https://saskatoon.ctvnews.ca/pleasant-hill-residents-favour-tougher-laws-for-landlords-1.4548664,2019-08-13,en,ctvnews.ca,ctvnews.ca,2019,False
12ffce122a63702bccebc227503d5aae2cc1bd54f00c9b8c21391e5d992955b3,Police disciplinary hearing ordered for officer who pulled over controversial landlord,https://edmontonjournal.com/news/local-news/police-disciplinary-hearing-ordered-for-officer-who-pulled-over-controversial-landlord,2019-07-21,en,edmontonjournal.com,edmontonjournal.com,2019,False
8c3eaf5d4127af17d05c9ec466de35ba7e4b85e87c0b574eeebc866efdeb6d3c,Police eye landlords in crackdown on illegal London pot shops. Will it work?,https://lfpress.com/news/local-news/property-owners-among-those-charged-in-illegal-pot-shot-raids-police,2018-12-12,en,lfpress.com,lfpress.com,2018,False
a40754f5a32bf1f0395f9069ad0af94ea1d5c70ba2ce6ff2e54ecd05619aa5c2,Police identify Hamilton couple shot dead in landlord-tenant dispute,https://globalnews.ca/news/9733393/couple-identified-tenants-killed-landlord-hamilton/,2023-05-30,en,globalnews.ca,globalnews.ca,2023,False
f2c0795d88823d0b03a09cca7cb64a42537ef910167ac3254e47bb0a39e018c1,Police in Hamilton investigate double homicide involving landlord and tenants,https://www.thestar.com/news/canada/2023/05/28/police-in-hamilton-investigate-double-homicide-involving-landlord-and-tenants.html,2023-05-28,en,thestar.com,thestar.com,2023,True
5896867f968fa002c3c0b74522e76fa49972e2fbaafb3362c428f927aa3bf1c0,Police looking at landlord-tenant dispute in 'suspicious' fire that killed woman,https://www.cbc.ca/news/canada/hamilton/beach-road-fire-arrests-1.5204935?cmp=rss,2019-07-09,en,cbc.ca,cbc.ca,2019,False
8507c6d5faad3c23817358b8c486df3856a9c4ec75333a18086bed21f323b805,Police respond to a report of threats during a landlord-tenant dispute,https://www.bclocalnews.com/news/police-respond-to-a-report-of-threats-during-a-landlord-tenant-dispute/,2019-09-04,en,bclocalnews.com,bclocalnews.com,2019,False
f2c3732c3d716ad1678f1bef3b126eec235ad536d8e7e47fb794160af45cbc70,Police reveal more details one year after ‘well-organized hit’ of notorious Edmonton landlord,https://globalnews.ca/news/9547773/abdullah-shah-murder-edmonton-landlord-update/,2023-03-13,en,globalnews.ca,globalnews.ca,2023,False
7d16c553fb3920952f5653a3d3519e84cb2dc5c0e7d6e568166304a54d19d75a,Police seek suspect in landlord-renter scam,https://calgaryherald.com/news/crime/police-seek-suspect-posing-as-landlord-in-apartment-rental-scam,2022-12-14,en,calgaryherald.com,calgaryherald.com,2022,False
3f53b8337f7db2f73f8fce6cd9b3d5629c7936ffc75461467e7cb674c92e3743,Police send warning letters to landlords in escalation of anti-pot shop campaign,http://leaderpost.com/news/local-news/police-send-warning-letters-to-landlords-in-escalation-of-anti-pot-shop-campaign,2018-02-26,en,leaderpost.com,leaderpost.com,2018,False
05ceb98790a09909fb7d9a3b9de45fe7bf2f8f3d3292a1fbf87a3034a0016aaa,"Police show suspect vehicle in ‘brazen, targeted’ shooting that killed notorious Edmonton landlord",https://globalnews.ca/news/8687522/suspect-vehicle-shah-pervez-shooting-edmonton-landlord/,2022-03-16,en,globalnews.ca,globalnews.ca,2022,False
155e818fd5f4cb60847bbc9a5d4692e417d55d97b6ca7ad2560cb742e480b8fe,Police watchdog clears Hamilton officer that shot dead landlord who killed tenants,https://globalnews.ca/news/9985420/watchdog-clears-hamilton-officer-that-shot-landlord/,2023-09-26,en,globalnews.ca,globalnews.ca,2023,False
696d7024ec80e74fd6947ad1b1d924c99f0f380afd0ac4477ee23c6f1b5ac811,"Pop up shops bounce into malls as short term leases benefit retailers, landlords",http://www.canadianbusiness.com/business-news/pop-up-shops-bounce-into-malls-as-short-term-leases-benefit-retailers-landlords/,2017-01-13,en,canadianbusiness.com,canadianbusiness.com,2017,False
8dcb965e167fb93205e5493abc355a1ef9e1afc1a565322473eafec2cd059ddc,"Pop-up shops bounce into malls as short-term leases benefit retailers, landlords",http://www.nationalnewswatch.com/2017/01/13/pop-up-shops-bounce-into-malls-as-short-term-leases-benefit-retailers-landlords/,2017-01-13,en,nationalnewswatch.com,nationalnewswatch.com,2017,False
4ac677dcf2696e9c8a0efc6b8f18a185e8648caf25ca472b6dad76ba7ce3c49b,Popular family-owned Montreal restaurant blindsided after landlord puts building in rental ad,https://montreal.ctvnews.ca/popular-family-owned-montreal-restaurant-blindsided-after-landlord-puts-building-in-rental-ad-1.6144827,2022-11-08,en,ctvnews.ca,ctvnews.ca,2022,False
8959ed9feff220fe65b4c47cdeabe0982b19c5a0a90221eb430d4e1486881c61,Popular Montreal restaurant blindsided after landlord posts rental ad for their space,https://montreal.ctvnews.ca/popular-montreal-restaurant-blindsided-after-landlord-posts-rental-ad-for-their-space-1.6144827,2022-11-08,en,ctvnews.ca,ctvnews.ca,2022,False
85aaeb200660bc70d8a3e4ad3e832b6ddf940cd9d8ddf7afedf9a91757b044d7,Port Moody wants province stop landlords and stratas from banning pets,https://globalnews.ca/news/6633206/port-moody-tenancy-act-changes-pet-owners/,2020-03-04,en,globalnews.ca,globalnews.ca,2020,False
7ca12faf0be60761262297aa5aa3bd609ca44a96aaf7fa8160351b3ae7ff7634,Pot landlord sues San Bernardino over marijuana regulations,https://www.winnipegfreepress.com/business/pot-landlord-sues-san-bernardino-over-marijuana-regulations-477985283.html,2018-03-26,en,winnipegfreepress.com,winnipegfreepress.com,2018,True
e158633d72540c1920a343cd5cccda93f16a177c2aabdc179d3b51e2ca0a6eee,Prairie landlords cheer rent market stability,https://www.winnipegfreepress.com/business/prairie-landlords-singing-slightly-happier-tune-as-rents-rise-vacancies-slip-507267842.html,2019-03-17,en,winnipegfreepress.com,winnipegfreepress.com,2019,True
f76367c3c288a1a55bf335963b6b6db032169805fe87b0fdd52c29be7d0a3bf3,"Prairie landlords singing (slightly) happier tune as rents rise, vacancies slip",https://www.thestar.com/business/2019/03/17/prairie-landlords-singing-slightly-happier-tune-as-rents-rise-vacancies-slip.html,2019-03-17,en,thestar.com,thestar.com,2019,True
eeab40e0ebc86ee20a0deaad58e7b57ae10094a5d89be5ad1418708267d3c134,"Prairie landlords singing (slightly) happier tune as rents rise, vacancies slip",https://www.reddeeradvocate.com/business/prairie-landlords-singing-slightly-happier-tune-as-rents-rise-vacancies-slip/,2019-03-18,en,reddeeradvocate.com,reddeeradvocate.com,2019,False
a4564b4b663cd3199e04a7235f5db42bab33c950fa236f5b6e05df5c485cea02,Premier Doug Ford rails against ‘greedy landlords’ for not being fair to commercial tenants,https://www.thestar.com/politics/provincial/2020/05/20/premier-doug-ford-rails-against-greedy-landlords-for-not-being-fair-to-commercial-tenants.html,2020-05-20,en,thestar.com,thestar.com,2020,False
33ef88891c193296eeb3468a33e5b230a9399785986f8aa27d7072ef6692919c,"Pressure landlords if smoke alarms don't work, tenants told following fatal fire in Vancouver",http://vancouversun.com/news/local-news/pressure-landlords-if-smoke-alarms-dont-work-tenants-told-following-fatal-fire-in-vancouver,2017-01-10,en,vancouversun.com,vancouversun.com,2017,False
df0b6023e9b967e2f4ded99a928205bf6673f5ee736d9bc675bdecc62fe5ae82,Preston Street landlord faces property 'forfeiture' for renting to illegal pot shops,https://ottawacitizen.com/cannabis/cannabis-business/preston-street-landlord-faces-property-forfeiture-for-renting-to-illegal-pot-shops,2019-08-28,en,ottawacitizen.com,ottawacitizen.com,2019,False
6c53b219d9e348a0f4a6c1908850123067ed217881c63dffecf80f0135a39b1a,Prince George to charge landlords hourly rates for police calls to nuisance properties,http://www.cbc.ca/news/canada/british-columbia/prince-george-nuisance-property-landlords-1.4479838?cmp=rss,2018-01-16,en,cbc.ca,cbc.ca,2018,False
2cc0c11b31396cc691aa171347161fee755af509c3d578e41566896c52fa464f,Princeton man guilty of threatening landlord now lives in car,http://www.bclocalnews.com/news/princeton-man-guilty-of-threatening-landlord-now-lives-in-car-2/,2021-02-18,en,bclocalnews.com,bclocalnews.com,2021,False
b9f3b140b780a33e64b803418da31df1ea532755b60e208066c7d0faf10971d2,Privacy commissioner to query whether landlords violate prospective tenant privacy,http://vancouversun.com/news/local-news/privacy-commissioner-to-query-whether-landlords-violate-prospective-tenant-privacy,2017-08-23,en,vancouversun.com,vancouversun.com,2017,False
4ecc7e27faf1e112da3897104126ad4e8ecf9039a367c3da14f2da4d00c4780a,Privacy commissioners investigate B.C. firm that does background checks for landlords,https://www.thestar.com/politics/federal/privacy-commissioners-investigate-b-c-firm-that-does-background-checks-for-landlords/article_0e18ae7e-b9e1-556b-b995-7ac7b3ad69f5.html,2024-06-04,en,thestar.com,thestar.com,2024,True
3540499ba61d7f5860617b270c0c26aa4e70bdad66826af9d013db3bae570d4a,Privacy commissioners probe B.C. company that snoops on tenants for landlords,https://www.nationalobserver.com/2024/06/05/news/privacy-commissioners-probe-bc-company-tenants-landlords,2024-06-05,en,nationalobserver.com,nationalobserver.com,2024,False
91fa79343e68ad5aeb40e67d793862eb81a7baf935a270552bbcf8d40c762038,"Private jets, yachts and parties: Ontario landlords flaunted lavish lifestyle as business began to crumble",https://www.cbc.ca/news/canada/hamilton/investors-bankruptcy-protection-1.7108994?cmp=rss,2024-02-09,en,cbc.ca,cbc.ca,2024,False
9f4317c751f126dc19730e15b27975d255c894ff89a983dda1f5d3ac5922a731,Private landlords are not to blame for housing crisis,https://www.thestar.com/opinion/contributors/2023/03/06/private-landlords-are-not-to-blame-for-housing-crisis.html,2023-03-06,en,thestar.com,thestar.com,2023,False
f839532403a5c43dacc4f0e5bce88d00b63e8326ae07c094a35dc30b9b5d28ae,Private landlords are partly to blame for housing crisis,https://www.thestar.com/opinion/contributors/2023/03/08/private-landlords-are-partly-to-blame-for-housing-crisis.html,2023-03-08,en,thestar.com,thestar.com,2023,False
027fe1cc47b39f7322fadf1412152e2c20b586ea6d4afd25e7d0f21f311f17bd,Probe launched into B.C. landlords' demands for sensitive information,http://www.cbc.ca/news/canada/british-columbia/privacy-commissioner-landlord-information-1.4261256?cmp=rss,2017-04-03,en,cbc.ca,cbc.ca,2017,False
311d9611cb62fe719ae272cf451878ee803d56451dd8d401dbf3301a1f49aab7,Problems plague Waterloo building owned by 48 Weber landlord,http://www.cbc.ca/news/canada/kitchener-waterloo/problems-plague-waterloo-building-owned-by-48-weber-landlord-1.3161669?cmp=rss,2015-07-22,en,cbc.ca,cbc.ca,2015,False
ba018264793f7a3478351642bc29ab91c86f561b4c6818ec6699c5b9fc4e305f,"Projet Montreal proposes landlord certification to protect tenants from rent hikes, renovictions",https://montreal.ctvnews.ca/projet-montreal-proposes-landlord-certification-to-protect-tenants-from-rent-hikes-renovictions-1.5602030,2021-09-27,en,ctvnews.ca,ctvnews.ca,2021,False
8d8b9bf15c956b0622ad6410ab8b5a81f771d5e0139323eabf4f0d863528aefc,Property tax hikes will hurt poorest tenants the most: landlord,https://tj.news/daily-gleaner/101711416?ref=rss,2021-11-05,en,tj.news,tj.news,2021,False
7608c8ab2b8af12328cdcfefa6738d3b0bac3ade4f637507fad861b316868a93,Proposed bylaw would allow city to bill landlords of 'nuisance' residences,http://www.cbc.ca/news/canada/british-columbia/good-neighbour-bylaw-1.4392898?cmp=rss,2017-11-08,en,cbc.ca,cbc.ca,2017,False
b144ec579f692e77ca1901bbb81606445acac2ddf472cab8314760d062424682,Proposed changes to public nuisance bylaw draw issue with London landlords,https://globalnews.ca/news/5324594/proposed-public-nuisance-bylaw-issue-london-landlords/,2019-05-28,en,globalnews.ca,globalnews.ca,2019,False
43c66b211c036e7754a3d6089464a59456841ab14ac4d4e398c3c9dbbb17bc60,"Proposed daycare sparks dispute between rental tenants, landlord",https://www.timescolonist.com/proposed-daycare-sparks-dispute-between-rental-tenants-landlord-1.24187349,2020-08-16,en,timescolonist.com,timescolonist.com,2020,False
08e52c96c35743774c91a464d24e6c1c072007ef9e27913ae097d18f2be8598a,Proposed demolition pits Bathurst St. tenants and their landlord in dispute over whether the residents live in one building or two,https://www.thestar.com/news/gta/2021/08/20/proposed-demolition-pits-bathurst-st-tenants-and-their-landlord-in-dispute-over-whether-the-residents-live-in-one-building-or-two.html,2021-08-20,en,thestar.com,thestar.com,2021,False
04a3fd26f6003b700fb67f28318504e04231c173ae006499b97b2ca5303cf3e0,"Proposed new landlords tenants act strikes balance, Service NL Minister says",http://www.cbc.ca/news/canada/newfoundland-labrador/residential-tenancies-act-changes-1.4666848?cmp=rss,2018-05-17,en,cbc.ca,cbc.ca,2018,False
e6d957a7d6fac1f3503fed2b5a00544148481ed193a7cad11e8ec8ec418daa1d,"Pros and cons of Moving Day — whether you're a landlord, tenant or mover",http://montrealgazette.com/news/local-news/moving-day-still-strong-though-movers-hope-it-will-fade,2018-06-28,en,montrealgazette.com,montrealgazette.com,2018,False
554e1c072a3b023850e001974d7f7b1d989fde67d5de368037940f2222a2cea7,Protesters disrupt Ontario legislature over controversial landlord legislation,https://www.thestar.com/politics/provincial/protesters-disrupt-ontario-legislature-over-controversial-landlord-legislation/article_7934780a-5d2c-45e1-98e5-37a9b52d4a99.html,2025-11-24,en,thestar.com,thestar.com,2025,True
cd8322e0d9825f1deff900b2c0035a8349ba68988a6cc66fbcc507e57a220a5a,Province releases new rental agreement lease form to cut down on tenant-landlord disputes,http://www.cbc.ca/news/canada/toronto/standard-lease-agreement-ontario-form-1.4643405,2018-05-01,en,cbc.ca,cbc.ca,2018,True
f6377617d891a65054a9ddc6f5ab078607c6e13ccf5c282c0eb9f398df2302ae,Province reminding landlords of options to deal with problem tenants,https://winnipeg.ctvnews.ca/province-reminding-landlords-of-options-to-deal-with-problem-tenants-1.4131933,2018-10-12,en,ctvnews.ca,ctvnews.ca,2018,False
a9b8c9c68ec8b1d8cfbda2c7cc30817bee40cbd2346f4cc33eb1c752cf42a91f,Province reminds landlords: criminal tenants can be kicked out in five days,https://winnipegsun.com/news/news-news/province-reminds-landlords-criminal-tenants-can-be-kicked-out-in-five-days,2018-10-12,en,winnipegsun.com,winnipegsun.com,2018,False
c2edaf0b1ac3fde7d6847c33d7eb7e3521080d836efd96789fbbe7eeabda47e9,Province seeks partnerships with private landlords to battle homelessness,https://www.winnipegfreepress.com/breakingnews/2023/07/18/province-seeks-partnerships-with-private-landlords-to-battle-homelessness,2023-07-18,en,winnipegfreepress.com,winnipegfreepress.com,2023,False
5858409d4386203584e880ea9e86a415dc3cc3990a9720a3fe7911ee5668a2ee,Province stacks the deck against landlords,http://www.nugget.ca/2018/04/20/province-stacks-the-deck-against-landlords,2018-04-20,en,nugget.ca,nugget.ca,2018,False
08db100b80043e5d14cddad6dfe18071ad05eec0adbcaa35c08f240eb9f91ae3,"Province touts plan to clear Landlord Tenant Board backlog, but critics say efficiency is trumping justice",https://ottawacitizen.com/news/local-news/province-touts-plan-to-clear-landlord-tenant-board-backlog-but-critics-say-efficiency-is-trumping-justice,2022-04-02,en,ottawacitizen.com,ottawacitizen.com,2022,False
bca65514e53f4ff383208f314d771d8e50fc47dbc1f1f35968177aebc3a07ffa,Province unveils measures to help landlords evict dangerous tenants,https://winnipeg.ctvnews.ca/province-unveils-measures-to-help-landlords-evict-dangerous-tenants-1.4410500,2019-05-06,en,ctvnews.ca,ctvnews.ca,2019,False
7146444a898513903da018e1baa81b45b9dd8f825e641c80b134cfac4395dbb4,"Province’s COVID-19 freeze comes to an end, landlords can now raise rents",https://northernontario.ctvnews.ca/province-s-covid-19-freeze-comes-to-an-end-landlords-can-now-raise-rents-1.5727828,2022-01-04,en,ctvnews.ca,ctvnews.ca,2022,False
60cda6befce49a4f17433f2c244138f30faf7d9ffa4dec67fd1c0b5a6652c9a4,"Pub landlords might ask drinkers for COVID-19 vaccine certification, U.K.’s Johnson says",https://globalnews.ca/news/7716693/coronavirus-vaccine-passports-bars/,2021-03-24,en,globalnews.ca,globalnews.ca,2021,False
9afb5cd363f47757925e748b090541789a81467b1f987480519803bf4b2924e6,Public shaming: for a Chilliwack landlord an attempt to get what’s owing from deadbeat tenants,https://www.bclocalnews.com/news/public-shaming-for-a-chilliwack-landlord-an-attempt-to-get-whats-owing-from-deadbeat-tenants/,2019-04-12,en,bclocalnews.com,bclocalnews.com,2019,False
7d67ba00d8a3e912126716982d4161dca3969929988bc22f1c688a0ce16374ec,Purple martin landlord' devastated by forced relocation of bird condo,http://www.cbc.ca/news/canada/saskatchewan/purple-martin-bird-condo-to-be-relocated-regina-sask-1.4270163?cmp=rss,2017-08-31,en,cbc.ca,cbc.ca,2017,False
32dde7e61ebf10286298141dbbae5465ea5d1d5477df89666da494200e332ce9,Push on to ban N.S. landlords from having pet-free buildings. Not everyone agrees,https://globalnews.ca/news/10038450/nova-scotia-ndp-no-pet-clauses-landlords-housing/,2023-10-21,en,globalnews.ca,globalnews.ca,2023,False
30c7e73df96bd159a9d3f0032112f38f87c315de3561b0de0dc97ad4e3bea0be,Q : What B.C. renters and landlords need to know during the pandemic,https://www.abbynews.com/news/qa-what-b-c-renters-and-landlords-need-to-know-during-the-pandemic/,2020-05-02,en,abbynews.com,abbynews.com,2020,True
504aaf00e077f6af444937e8e6a582dc55b153017ca884b73faaea062cad2f14,QS MNA calls on Quebec government to rein in commercial landlords in Montreal,https://montreal.ctvnews.ca/qs-mna-calls-on-quebec-government-to-rein-in-commercial-landlords-in-montreal-1.5374537,2021-04-05,en,ctvnews.ca,ctvnews.ca,2021,False
0bf8761f1ada5bfaa970da28feb56fc36ebe55f4f824a445a455f2b5d50f4f06,"Quebec couple ordered to pay former landlords $18k over homophobic Facebook posts, comments",https://montrealgazette.com/news/local-news/quebec-couple-ordered-to-pay-former-landlords-18k-over-homophobic-facebook-posts-comments,2019-10-26,en,montrealgazette.com,montrealgazette.com,2019,False
63eb16219834e4ce141dd9c58d8a7eaa2888898c1b4b3c30601f5cb8133acfb2,Quebec judge orders Hudson's Bay to pay rent to landlords at multiple shopping malls,https://montreal.ctvnews.ca/quebec-judge-orders-hudson-s-bay-to-pay-rent-to-landlords-at-multiple-shopping-malls-1.5200833,2020-11-23,en,ctvnews.ca,ctvnews.ca,2020,True
b453665d2c89159ac139c995f81a8a46561521af04ee1bcd7fbb4f822bb4aea0,Quebec judge orders Hudson’s Bay to pay rent to landlords at multiple malls,https://globalnews.ca/news/7478952/quebec-hudsons-bay-rent-department-stores/,2020-11-23,en,globalnews.ca,globalnews.ca,2020,False
64badbb704897d1e5c4eb9a3cc8e46be6ab11afbbeaed76d6803ceeb6226e49e,Quebec judge orders Hudson’s Bay to pay rent to landlords at multiple shopping malls,https://www.thestar.com/business/2020/11/23/quebec-judge-orders-hudsons-bay-to-pay-rent-to-landlords-at-multiple-shopping-malls.html,2020-11-23,en,thestar.com,thestar.com,2020,False
e76210e9f240d2b0808f70d12ea0f55f7020f2264bb1275f469869a0fef4bd23,"Quebec landlord ordered to pay $14,000 after refusing family with service dog",https://globalnews.ca/news/7341264/quebec-landlord-ordered-to-pay-14000-refusing-family-with-service-dog/,2020-09-17,en,globalnews.ca,globalnews.ca,2020,True
6203d945419877756294c988054492aef137648ecffdb0bb9f0ee2aef1dd31bd,Quebec landlords have till Jan. 15 to add cannabis smoking ban to leases,https://montrealgazette.com/news/local-news/quebec-landlords-have-till-jan-15-to-add-cannabis-smoking-ban-to-leases,2019-01-08,en,montrealgazette.com,montrealgazette.com,2019,False
cca7a1dababaaa9c0504ee805efdc1542d69be911654bbb2041cc6a5927f0e38,Quebec landlords more worried than ever about cannabis legalization,http://montrealgazette.com/news/quebec/quebec-landlords-more-worried-than-ever-about-cannabis-legalization,2018-06-23,en,montrealgazette.com,montrealgazette.com,2018,False
39f3429a76410ffdc512d11604d153a0334e1ae5ba7c2bafb3ed58cec7b386ea,Quebec landlords push ban on smoking pot inside apartments,http://www.cbc.ca/news/canada/montreal/quebec-landlords-clauses-marijuana-leases-2018-1.4476344?cmp=rss,2018-01-06,en,cbc.ca,cbc.ca,2018,True
81349708ebc9b3849d88f1ba67a2274558fa2220fd9b71f5920ede4ef5a06578,"Quebec man charged in weekend slaying of landlord, 71, near Montreal",https://lethbridgeherald.com/news/national-news/2018/06/28/quebec-man-charged-in-weekend-slaying-of-landlord-71-near-montreal/,2018-06-28,en,lethbridgeherald.com,lethbridgeherald.com,2018,True
399499473ff58c9fcc41c7b63fa948e20a773b4cf7399cdcfa973f91db527792,"Quebec tribunal orders landlords to pay $5,000 for refusing to rent to parent of a baby",https://montreal.ctvnews.ca/quebec-tribunal-orders-landlords-to-pay-5-000-for-refusing-to-rent-to-parent-of-a-baby-1.4848161,2020-03-11,en,ctvnews.ca,ctvnews.ca,2020,False
c703294097f2198848c5c496abd10fdf703c4beb7e24f7e15c540ef346f0ff64,"Quebec tribunal orders landlords to pay $5,000 for refusing to rent to parent of a crying baby",https://montreal.ctvnews.ca/quebec-tribunal-orders-landlords-to-pay-5-000-for-refusing-to-rent-to-parent-of-a-crying-baby-1.4848161,2020-03-11,en,ctvnews.ca,ctvnews.ca,2020,False
00c59e783903d160a296de414ec3e6e29eb2745c0586ed0137c67cbe30cd7e82,Quebec-based Locnest offers landlords peace of mind,https://montrealgazette.com/business/local-business/real-estate/quebec-based-locnest-offers-landlords-peace-of-mind,2019-09-09,en,montrealgazette.com,montrealgazette.com,2019,False
d76aaf362559de21616f8341123ff60573f4c61799a84e69097a00df705b2ce5,Queensland landlords could soon face jail for ignoring illegal tobacco. What are other states doing?,https://theconversation.com/queensland-landlords-could-soon-face-jail-for-ignoring-illegal-tobacco-what-are-other-states-doing-266895,2025-10-07,en,theconversation.com,theconversation.com,2025,False
a7adcb3c5a4723319b19c9d875bfa45f08c9b486b660c3891d1995557681c087,Quinte landlords seek to reduce evictions,https://www.intelligencer.ca/news/local-news/quinte-landlords-seek-to-reduce-evictions,2022-10-31,en,intelligencer.ca,intelligencer.ca,2022,False
189bfc50cfea839735b8982667129bdcfa228a1836ab748f5bee6278e69c917c,Rate your landlord: Website 'explodes' in popularity,https://toronto.ctvnews.ca/new-website-for-tenants-to-rate-landlords-is-exploding-in-popularity-ontario-founder-says-1.6373279,2023-04-27,en,ctvnews.ca,ctvnews.ca,2023,False
5b20b66d12282359f02729c5f72d7b8f596aa48831605230746839766215d41f,Reader letter: Rent being charged by landlords in Windsor out of control,https://windsorstar.com/opinion/letters/reader-letter-rent-being-charged-by-landlords-in-windsor-out-of-control,2020-01-07,en,windsorstar.com,windsorstar.com,2020,False
ea3a5f922946cc0464d361c1d2c7d0c2c81f924a9a780e51e869672797a80a9c,Real estate no longer attractive to small-time landlords in Quebec: association,https://montreal.ctvnews.ca/real-estate-no-longer-attractive-to-mom-and-pop-landlords-in-quebec-says-association-1.6391165,2023-05-09,en,ctvnews.ca,ctvnews.ca,2023,False
2be97c0a37a941e8597c6d6de7d3b3df53dd04bc34c91bb1551818021fd8abd9,Red Cross assists New Waterford tenants abruptly evicted by landlord,https://atlantic.ctvnews.ca/red-cross-assists-new-waterford-tenants-abruptly-evicted-by-landlord-1.5807623,2022-03-06,en,ctvnews.ca,ctvnews.ca,2022,False
d656716e58dca939bd46907e269d2a3d35b02716b1d399d0bf49437c7f43ca2f,"Red tape forces Smithers landlord to build $10,000 sidewalk to nowhere",http://vancouversun.com/news/local-news/red-tape-forces-smithers-landlord-to-build-10000-sidewalk-to-nowhere,2016-08-25,en,vancouversun.com,vancouversun.com,2016,False
2d1e8aacca41b44839130a32905cee970dd02f876c3e770d12f4632cc506e051,"Reference letters from landlords not common, but experts make a case for why they should be",https://www.ctvnews.ca/canada/reference-letters-from-landlords-not-common-but-experts-make-a-case-for-why-they-should-be-1.5850299,2022-04-06,en,ctvnews.ca,ctvnews.ca,2022,False
76ac729b2ed63cf0352e59d2f183e9a3f1e9ab9d39360bc3147c2f396dc5feff,Refugee claimants facing housing crisis as some landlords refuse to rent,http://www.cbc.ca/news/canada/nova-scotia/refugee-housing-homelessness-shelters-crisis-landlords-1.4267312?cmp=rss,2016-02-12,en,cbc.ca,cbc.ca,2016,False
81aa84990b0b79bffb6ea11170f7a5d2c23123d54026f1c0a7e3a5b5e217ddf8,Refugee families settle fight with landlord over bedbugs,https://www.thestar.com/news/gta/2018/05/16/refugee-families-settle-fight-with-landlord-over-bedbugs.html,2018-05-16,en,thestar.com,thestar.com,2018,False
de8cd331809ccdae1c1f5827ac630b249a3275b08ec955ae65c4d3fade698ac5,Regina landlord frustrated about lack of refugees in neighbourhood,http://www.ctvnews.ca/canada/regina-landlord-frustrated-about-lack-of-refugees-in-neighbourhood-1.3295608,2017-02-21,en,ctvnews.ca,ctvnews.ca,2017,False
826c99562d613e8ba7668cc3d591bd474610cdac9c1093f80ff91dfdc742e7c3,Regina landlord left dealing with high costs after rental home gets trashed by tenant,https://globalnews.ca/news/8176399/regina-landlord-high-costs-nightmare-tenant/,2021-09-08,en,globalnews.ca,globalnews.ca,2021,False
56def33728c6fd6c72e29e24d7ad1b5dfe0d5a99b33d9bfabe77bc42150380a1,Regina landlord speaks out on lack of support after rental unit damaged,https://regina.ctvnews.ca/no-help-for-me-regina-landlord-speaks-out-on-lack-of-support-after-rental-unit-damaged-1.6511812,2023-08-09,en,ctvnews.ca,ctvnews.ca,2023,False
acb77dd8ab17403fe628d3052a2daef4b27af2eec07694f9bbab4b28fd39f3c6,Regina man creates website to match tenants with landlords,https://globalnews.ca/news/7145522/regina-tenant-landlord-website/,2020-07-06,en,globalnews.ca,globalnews.ca,2020,False
0fea13dc2dbe04a32a3a30550b097b8f8c1c4d937c34518728b628adb1fcabd9,"Regina man helping launch landlord, tenant review tool after property damages",https://regina.ctvnews.ca/regina-man-helping-launch-landlord-tenant-review-tool-after-property-damages-1.5010867,2020-07-04,en,ctvnews.ca,ctvnews.ca,2020,False
3ab8e32f0d51ea47b9fa20bf8fcf37e6c6e228bc2b1f739559bbfb6a42a1d16e,Regina rat rescuer says landlords should warm up to the rodents,http://www.cbc.ca/news/canada/saskatchewan/regina-rat-rescuer-defends-furry-pets-1.3529809?cmp=rss,2016-04-11,en,cbc.ca,cbc.ca,2016,False
32954766bd48574dc7d3c9c2f844826fefbdc90f16fa91fb239673f43add6c43,Regina tenant drags 3 landlords through court while getting free rent,http://www.cbc.ca/news/canada/saskatchewan/regina-tenant-free-rent-3-landlords-1.3622474?cmp=rss,2016-06-08,en,cbc.ca,cbc.ca,2016,False
ddffd53b540dbb6efdb9e36f04cd94394e84aaae250f2f20592d2af946c7c46f,Regina tenant manipulates system to squat for free at landlords' expense,http://www.cbc.ca/news/canada/saskatchewan/regina-tenant-manipulates-system-to-squat-for-free-at-landlords-expense-1.3244756?cmp=rss,2015-10-01,en,cbc.ca,cbc.ca,2015,False
5621d0d3c05144be593b3a94b60691be48cae9669f9d3bffbb9f5dfa27b11fb8,Region asks landlords to offer vacant homes to low income individuals,https://www.cbc.ca/news/canada/kitchener-waterloo/waterloo-region-landlords-offer-vacant-units-low-income-housing-1.5021068?cmp=rss,2019-02-15,en,cbc.ca,cbc.ca,2019,False
965b6cc4f05db3b9cfa514f867bd8d9195c2aba76b46843c7c2b9790967c563f,"Regulation needed to 'even the scales' between Alberta's landlords and tenants, advocate says",http://www.cbc.ca/news/canada/calgary/regulation-renters-landlords-1.4675669?cmp=rss,2018-05-23,en,cbc.ca,cbc.ca,2018,False
d2bf2c9a5d1100298a035e486123bb0ab0367105ca9f0d8839d368bf6cabf9c8,Relief for tenants or a bailout for landlords and banks?,https://www.thestar.com/opinion/contributors/2020/04/08/relief-for-tenants-or-a-bailout-for-landlords-and-banks.html,2020-04-08,en,thestar.com,thestar.com,2020,False
53ce81cdb1c84933e400c82bc129b4ff75c5cf0de9a3e6f02121e1d8da150a11,"Rendered homeless': Tenant, landlord question Newfoundland Power's ability to force evictions",http://www.cbc.ca/news/canada/newfoundland-labrador/newfoundland-power-eviction-kate-underhill-megan-coombs-1.4381426?cmp=rss,2017-11-01,en,cbc.ca,cbc.ca,2017,False
5200884aaa9f1ab39e5704ba92197c43ea4710bcdb6b58693802c5c23613d76b,Renovictions in Toronto: 'Landlord playbook' in new report,https://toronto.ctvnews.ca/new-report-reveals-landlord-playbook-on-renovictions-in-toronto-1.6353758,2023-04-13,en,ctvnews.ca,ctvnews.ca,2023,False
166eafbbf90ae72291a43b742aa420069dd1a0ab268c072a5f7f12bd92c06861,"Rent cap decision for tenants, landlords still up in the air",https://tj.news/telegraph-journal/102016659?ref=rss,2022-11-23,en,tj.news,tj.news,2022,False
22bc75516b6167dca69715dc553a1e03f88387bc25f86b2ff539f4af6c2b79cf,Rent cap loophole? Halifax-area landlords defend use of fixed-term leases,https://globalnews.ca/news/10758402/halifax-fixed-term-leases-landlords/,2024-09-16,en,globalnews.ca,globalnews.ca,2024,True
aec8896e6c9612ebbd0aeb4e9ba31934ef130cbc7fd747b8e47fd2fe3b2d890f,Rent control debate: More N.S. landlords consider selling units as advocate calls for permanent cap,https://globalnews.ca/news/8433949/ns-ipoans-landlords-selling-rent-cap/,2021-12-08,en,globalnews.ca,globalnews.ca,2021,False
2ef3ba9c78cca5683d5506397020f3b31fc91aea91308ec33ccacb95bb9900a7,Rent forgiveness without help to landlords is property theft,https://thepostmillennial.com/rent-forgiveness-without-help-to-landlords-is-property-theft,2020-03-31,en,thepostmillennial.com,thepostmillennial.com,2020,False
87c95c294c7aa8a50245f04699f1affddb5e67571f6e298bed3c15c3241897f1,"Rent hike increase in B.C. is frozen, but province says landlords can evict",https://www.thestar.com/business/2020/08/14/rent-hike-increase-in-bc-is-frozen-but-province-says-landlords-can-evict.html,2020-08-14,en,thestar.com,thestar.com,2020,True
e6b1eb628a9072af01b12ffd8f5a872e321efe4e17574ec641e7a7856a3d2e3b,"Rent hike increase is frozen, but B.C. says landlords can evict",https://vancouversun.com/news/local-news/rent-hike-increase-in-b-c-is-frozen-but-province-says-landlords-can-evict,2020-08-14,en,vancouversun.com,vancouversun.com,2020,False
897efa67a35b88192cb9a5f2706a4dcfd40f739272aff779a703ce7692b5973b,"Rent relief for business owners is on the way. The catch? Their landlords have to apply, and many say theirs won’t",https://www.thestar.com/business/2020/05/14/rent-relief-for-business-owners-is-on-the-way-the-catch-their-landlords-have-to-apply-and-many-say-theirs-wont.html,2020-05-14,en,thestar.com,thestar.com,2020,False
e3896223a0d76068d046b77c4a057c493b48b7a4d5f7abb995ea115173347327,Rent relief program for small business owners needs landlord involvement,https://winnipeg.ctvnews.ca/rent-relief-program-for-small-business-owners-needs-landlord-involvement-1.4911348,2020-04-24,en,ctvnews.ca,ctvnews.ca,2020,False
2ab16af908f3a028b4af485bde782709d94002574a0f96cc63357bb097fdfc34,Rent ruling: Can tenants in Canada be on the hook for landlord taxes?,https://toronto.ctvnews.ca/feds-offer-clarity-on-rent-ruling-after-ontario-housing-minister-mpp-raise-concerns-1.6892279,2024-05-17,en,ctvnews.ca,ctvnews.ca,2024,False
cd482813f4765aad22db19884491c7148660d7be93808c6f9a22a313172cd079,Rent strike tenants say landlord walled off public meeting rooms,https://www.cbc.ca/news/canada/hamilton/stoney-creek-strike-clv-wall-1.4835849?cmp=rss,2018-09-24,en,cbc.ca,cbc.ca,2018,False
343fc74c6b3fc5cdf8a72fb27db052ed412fb63931324e6f14c5be6da822bcec,"Rent subsidies should go directly to businesses, not landlords, London MPP says",https://lfpress.com/news/local-news/rent-subsidies-should-go-directly-to-businesses-not-landlords-london-mpp-says,2020-09-30,en,lfpress.com,lfpress.com,2020,False
cacc4ebbf0595b40324b1070cd80ec62df8a74233cb567ba1cc0852fd8521a56,Rent-free months and gift cards: How Ontario landlords are vying for tenants,https://globalnews.ca/news/11204810/toronto-rental-market-update/,2025-05-30,en,globalnews.ca,globalnews.ca,2025,False
7e4dcbf428356ebbccc9a96b4f51b859e723ee50fd00f999714c4a6fcf60086c,Rent-free months and gift cards: How Toronto-area landlords are vying for tenants,https://www.thestar.com/news/ontario/rent-free-months-and-gift-cards-how-toronto-area-landlords-are-vying-for-tenants/article_e09bba32-42c1-5365-99bc-d52b97cb686c.html,2025-05-30,en,thestar.com,thestar.com,2025,True
f022aa71586bb44b8be1e2b57df51af271e6e9cb7d6b216364f0f1faf6d35503,"Rental act changes leave N.W.T. landlord frustrated, forced to take dispute to Yellowknife",http://www.cbc.ca/news/canada/north/n-w-t-landlords-to-file-rental-office-orders-in-yellowknife-1.3921001?cmp=rss,2017-01-04,en,cbc.ca,cbc.ca,2017,False
722df4a3ac4516b0e9af867d927622863c5f999910581578111141d50bcc03f9,Rental and landlord advocates spar over solutions,https://vancouverisland.ctvnews.ca/video?clipId=2604033,2023-01-06,en,ctvnews.ca,ctvnews.ca,2023,False
01fdf652efc748077e4692a7e8cb25e88f55a37f36209d090870f201fb24737d,"Rental demand leading to ‘alarming shortage’ of up to 10,000 units a year, landlord group says",https://www.thestar.com/news/gta/2019/02/26/rental-demand-leading-to-alarming-shortage-of-up-to-10000-units-a-year-landlord-group-says.html,2019-02-26,en,thestar.com,thestar.com,2019,False
aade85ab94dabcb5aa104cc1faa5c3854ee66ca6fece724de782adbfc94f7d98,Rental hike data shows most landlords 'very fair': president,https://tj.news/telegraph-journal/102033369?ref=rss,2022-12-20,en,tj.news,tj.news,2022,False
1bbd067d9e1596768341d7a028e5c27bffff6d64a745496e867c8d3c3faf663b,"Rental office backlogs make renting in N.W.T. risky business, says landlord",http://www.cbc.ca/news/canada/north/backlogs-rental-office-1.4586644?cmp=rss,2015-11-24,en,cbc.ca,cbc.ca,2015,False
7ad053a9a1133288bd30eff55260a1627e769b76afddbd87cfd4e59093aee8e1,Rental property nightmares: landlords at their wit’s end,https://www.thestar.com/news/canada/2021/06/22/rental-property-nightmares-landlords-at-their-wits-end.html,2021-06-22,en,thestar.com,thestar.com,2021,False
425d201128ba31ea2b0cfa618fe5e16ae62fb181b2078b10991b725312480375,Rental reno? How to budget and sell your landlord on apartment upgrades,https://www.thestar.com/business/2020/01/28/rental-renovation-how-to-budget-and-sell-your-landlord-on-apartment-upgrades.html,2020-01-28,en,thestar.com,thestar.com,2020,False
dc460a7940a7b6b3513f5fe074e5706e8195e1c1962dc53ae949b0e359ce228a,"Rental security deposits are legal, Quebec landlords' association says",https://montrealgazette.com/news/local-news/rental-security-deposits-are-legal-quebec-landlords-association-says,2020-08-12,en,montrealgazette.com,montrealgazette.com,2020,False
fec51d513fc63a89f915a32df9e29e5f000d9b31ffe51d7d64bf11f3fadda846,"Rental unit overrun by maggots, mould and feces after city program fails landlord",http://www.cbc.ca/news/canada/ottawa/multimedia/rental-unit-overrun-by-maggots-mould-and-feces-after-city-program-fails-landlord-1.4362256?cmp=rss,2017-10-25,en,cbc.ca,cbc.ca,2017,False
8062781b29106d9f92f052accffb6f3b52c7da99ba6e2f5ff209cb726190c18f,"Renter without power, heat 17 days waits for landlord to make good on province’s order",https://www.winnipegfreepress.com/breakingnews/2023/10/27/renter-without-power-heat-17-days-waits-for-landlord-to-make-good-on-provinces-order,2023-10-27,en,winnipegfreepress.com,winnipegfreepress.com,2023,False
ff90eb37d6c34ee939e02eef55c518118feaa3b35b10b829939d8770803aea4c,Renter's market has landlords bending over backwards,http://www.cbc.ca/news/canada/saskatoon/vacancy-rates-rising-throughout-saskatoon-1.3232086?cmp=rss,2015-09-17,en,cbc.ca,cbc.ca,2015,False
4d0d837d49757f6c421b80ec5d965eb03bf986bdbdba5d552176e001d60c8922,Renters and Airbnb landlords square off as city considers new short-term rental rules,http://toronto.ctvnews.ca/renters-and-airbnb-landlords-square-off-as-city-considers-new-short-term-rental-rules-1.3705695,2017-12-04,en,ctvnews.ca,ctvnews.ca,2017,False
1610c8765712289b246a8b1bce87f1812017a0ab4c0c37360da78bb8d283a5ec,Renters and Airbnb landlords square off as Toronto considers new short-term rental rules,http://nationalpost.com/pmn/news-pmn/canada-news-pmn/renters-and-airbnb-landlords-square-off-as-toronto-considers-new-short-term-rental-rules,2017-12-04,en,nationalpost.com,nationalpost.com,2017,True
0cc8508725dad2f44263a864067d7d1d4dd5cb6325025ae26faf6095d8bd3dd7,Renters and landlords expected to face off after months-long COVID-19 rent strike,http://ottawacitizen.com/news/local-news/rent-strike-movement-risks-eviction-large-debts-owing-come-ltb-re-opening,2020-07-03,en,ottawacitizen.com,ottawacitizen.com,2020,False
516a6b82009e984adf029b9240ff52eb0c37d85c26902f95dc2f0307ed3ee617,"Renters and their landlords need government help, too",https://www.thestar.com/opinion/letters_to_the_editors/2020/03/24/renters-and-their-landlords-need-government-help-too.html,2020-03-24,en,thestar.com,thestar.com,2020,False
db08b2ad55e663225208ce4ed525dd6edae6874e340694a6fff0dc4a4658b5cd,Renters can screen landlords online with new B.C. registry,http://vancouverisland.ctvnews.ca/renters-can-screen-landlords-online-with-new-b-c-registry-1.3247172,2017-01-18,en,ctvnews.ca,ctvnews.ca,2017,False
ad2070883810e09314ccbe3092b9154e62e03c2c6ea43d3e43be48954ef44549,Renters facing eviction found a memo from their new landlord saying they wanted a new ‘demographic’ of tenant. The company says it was a mistake,https://www.thestar.com/real-estate/2022/07/29/renters-facing-eviction-found-a-memo-from-their-new-landlord-saying-they-wanted-a-new-demographic-of-tenant-the-company-says-it-was-a-mistake.html,2022-07-29,en,thestar.com,thestar.com,2022,False
2d9fbfabffbc46c24fc99b6bff539d31c527f046049611fbc4850fa650db1f9a,Renters feeling COVID-19 pinch advised to work out payment plan with landlords,https://london.ctvnews.ca/renters-feeling-covid-19-pinch-advised-to-work-out-payment-plan-with-landlords-1.4921202,2020-05-01,en,ctvnews.ca,ctvnews.ca,2020,False
444d7c1f23ae61b9da8772fca1799dcf2ac142a1708d2776d25b3c384e3d41dc,"Renters in England can now sue landlords over mouldy, cold or noisy properties – an expert explains",http://theconversation.com/renters-in-england-can-now-sue-landlords-over-mouldy-cold-or-noisy-properties-an-expert-explains-93299,2019-03-26,en,theconversation.com,theconversation.com,2019,False
3877106166c93f6438e36da2bc90ae6300fa8fe6993126905fb4f3a169e48537,Renters reform bill: protections for renters are overshadowed by new powers for landlords,https://theconversation.com/renters-reform-bill-protections-for-renters-are-overshadowed-by-new-powers-for-landlords-205853,2023-05-18,en,theconversation.com,theconversation.com,2023,False
17c621bbab5ac96c3cb576b09fa6813e160e0bcbcf6bdd89d728731a55651863,Renters say landlords haven’t paid up after court rulings,https://tj.news/times-and-transcript/102087972?ref=rss,2023-04-03,en,tj.news,tj.news,2023,False
a605781a38e2549a699003209ee2f198a48a547db233090737af6191c0649454,Renters want to go green too. Why your landlord may not invest — and what you can do,https://www.cbc.ca/news/science/what-on-earth-green-renters-1.7523855?cmp=rss,2025-05-01,en,cbc.ca,cbc.ca,2025,False
900f17a8401f3ed7dca137e6532424dba2bae4c25608d4efac835b3164cc55cf,Renters wanted Calgary landlords remove No from vacancy signs,http://www.canadastandard.com/index.php/sid/235735947/scat/71df8d33cd2a30df,2017-05-17,en,canadastandard.com,canadastandard.com,2017,False
d7a4efd1ef0c55ea16db5ea2067d4dc7541692bbf9f6ccdb4e8197e89b252a4a,"Renting from individual landlords is less expensive than a corporate owner, CMHC finds",https://beta.theglobeandmail.com/real-estate/cmhc-looks-at-varied-ownership-across-rental-markets/article35567646/?ref=http://www.theglobeandmail.com&,2017-07-05,en,theglobeandmail.com,theglobeandmail.com,2017,False
0eeecbfd56454193a190536184865f35be619f11573291bbd7286fe111e34406,Renting in Canada: Landlord and tenant board backlogs,https://www.ctvnews.ca/canada/what-renters-and-landlords-should-know-about-cash-for-keys-deals-1.6743484,2024-01-26,en,ctvnews.ca,ctvnews.ca,2024,False
ccd6a160a7b3b5b10a5ca15bbc4a94617b327012bf43b57734f3dc034c2a5a17,Repeat rent-dodger damages lives of landlords,https://www.winnipegfreepress.com/canada/repeat-rent-dodger-damages-lives-of-ns-landlords-brings-call-for-system-reforms-563224682.html,2019-10-16,en,winnipegfreepress.com,winnipegfreepress.com,2019,True
b998aa50cc2cead5d064893a1c274860d3f1083bc61764678147309c43b6f19f,"Repeat rent-dodger damages lives of N.S. landlords, brings call for system reforms",https://globalnews.ca/news/6040307/professional-squatters-ns/,2019-10-16,en,globalnews.ca,globalnews.ca,2019,True
9336d4ba404d2d199229dd8e2d612f6a0c5944279d3a92fd3fcb81ff89e8aa52,"Repeated landlord abuses, but few complaints, detailed in N.W.T. Rental Officer's report",https://www.cbc.ca/news/canada/north/rental-officer-report-2019-1.5424453?cmp=rss,2020-01-12,en,cbc.ca,cbc.ca,2020,False
3d9e2bafac1fed0fdd5e3edf3d33a373d0fa48f2ed44ceed7899d67d9d216bf8,"Residential landlords face mounting calls for rent relief as COVID-19 results in layoffs, income loss",https://www.theglobeandmail.com/business/article-residential-landlords-face-mounting-calls-for-rent-relief-as-covid-1/,2020-03-24,en,theglobeandmail.com,theglobeandmail.com,2020,False
ddcab870741bb0e15b394307b3fd92a1d2ea0bdcc845089c6567aed243737730,Residential Tenancy Branch won’t allow B.C. landlord to evict tenant even though he’s in jail,http://www.bclocalnews.com/news/residential-tenancy-branch-wont-allow-b-c-landlord-to-evict-tenant-even-though-hes-in-jail/,2020-02-25,en,bclocalnews.com,bclocalnews.com,2020,False
276efe24e4588dc79056c516de38c77ef4810d44bdbdfc2e567edc9bc58b8461,"Residential tenants, landlords face dilemma as rent comes due on April 1",https://www.ctvnews.ca/health/coronavirus/residential-tenants-landlords-face-dilemma-as-rent-comes-due-on-april-1-1.4867222,2020-03-25,en,ctvnews.ca,ctvnews.ca,2020,True
c3f59e019d6afea492e5cc8699f00bc01a74abbd84bf708510641785e4b399c4,Residents confront landlord accused of negligence,https://www.ctvnews.ca/video?clipId=2726138,2023-07-13,en,ctvnews.ca,ctvnews.ca,2023,False
dfd3653e681bec4762bb4c49e8191b0b1ee692254d9b6e7f1128a5add31012e5,Residents displaced by deadly fire say landlord is shirking duties,https://www.cbc.ca/news/canada/toronto/gosford-fire-1.5383011?cmp=rss,2019-12-03,en,cbc.ca,cbc.ca,2019,False
64f7e9beda2b904b3024acd5577485ffefaddc84f4589740cd982bdbdf974e93,Residents of Kimbrook Manor initate tenant-landlord dispute,https://www.kimberleybulletin.com/local-news/residents-of-kimbrook-manor-initate-tenant-landlord-dispute-8025796,2025-05-31,en,kimberleybulletin.com,kimberleybulletin.com,2025,False
4f2030f167fc6ba002255f42c66a0df4b6d144cba93b092b0803ff225ea7b8a6,Residents of Leslieville apartment building accuse their landlord of 'renoviction',https://www.cbc.ca/news/canada/toronto/renoviction-leslieville-logan-ave-1.5151943?cmp=rss,2019-05-27,en,cbc.ca,cbc.ca,2019,False
0f4b4ab2917f4dbc951613b1574111c799314504fb4a974478bae81ea97ada81,Restaurant owner takes landlord to court over definition of 'wrap',https://kitchener.ctvnews.ca/restaurant-owner-takes-landlord-to-court-over-definition-of-wrap-1.3807289,2018-02-16,en,ctvnews.ca,ctvnews.ca,2018,False
c5e640b596a5254d108580d36025b6db6b6fd7c3fa994b1eba09d5aec4d0c012,Retail landlords in talks on rent relief amid Canada shutdown,https://www.thestar.com/business/2020/04/06/retail-landlords-in-talks-on-rent-relief-amid-canada-shutdown.html,2020-04-06,en,thestar.com,thestar.com,2020,False
36bc2caf6e82eefdc9b58b845722920d644a3c69a58caf0100acd90a0dd2ae1b,"Retail tenants hopeful over federal relief plan, but landlords reluctant to join",https://www.ctvnews.ca/business/retail-tenants-hopeful-over-federal-relief-plan-but-landlords-reluctant-to-join-1.4943142,2020-05-17,en,ctvnews.ca,ctvnews.ca,2020,True
180d9c983d5468b37d3e09d59b9cced3ee86df6650a83a71781704004bc427cb,Retailer Laura’s keeping some stores open as mall landlords cut rents,http://globalnews.ca/news/2199821/retailer-lauras-keeping-some-stores-open-as-mall-landlords-cut-rents/,2015-09-02,en,globalnews.ca,globalnews.ca,2015,False
6178b2b61f2b394c10a21efc63d4f9eb0c68bba9dded40060a6af8ed839bb7db,"Revue Cinema, Toronto’s oldest operating movie theatre, faces closure over tensions with landlord",https://www.theglobeandmail.com/arts/film/article-torontos-revue-cinema-oldest-operating-theatre-in-city-faces-closure/,2024-06-27,en,theglobeandmail.com,theglobeandmail.com,2024,False
0cd1166af6d5b996ec35995d32921a1633d177ccb1798f77ae2e3adcecbcbe5f,Ricardo Tranjan: The law allows landlords to make the elderly homeless. Whose dreams of the future is government helping?,https://www.thestar.com/opinion/contributors/the-law-allows-landlords-to-make-the-elderly-homeless-whose-dreams-of-the-future-is/article_096409fa-fe80-4da5-9a57-72531ecfaa05.html,2025-07-09,en,thestar.com,thestar.com,2025,False
a19d97e2b3e2d0518d6e352cf66265d43ec8ad693a8482afdb29c1f8c8c91b5e,Richmond library event offers rent-boosting tips for landlords,https://www.cbc.ca/news/canada/british-columbia/richmond-library-event-rent-landlords-boost-1.5301346?cmp=rss,2019-05-23,en,cbc.ca,cbc.ca,2019,False
f145d530289b4c95f08d03f49eacc2aa685f3dee36ce261872d078028d26ffc6,Rising insurance rates pressure inner-city landlords,https://www.thestar.com/winnipeg/2021/05/29/rising-insurance-rates-pressure-inner-city-landlords.html,2021-05-29,en,thestar.com,thestar.com,2021,True
f18b4d0d9c8dd4bb865e7a15059620d6a6c19382cf9d4fb83672ea13e4533d48,RNC IDs suspect in fake landlord case after receiving 9 complaints,https://www.cbc.ca/news/canada/newfoundland-labrador/rnc-rental-scam-investigation-1.4817165?cmp=rss,2018-09-10,en,cbc.ca,cbc.ca,2018,False
d79c254823c5cb4d81107036e0b3f79402d650c535a055da044abd2c1f639ed1,Robo price-fixing: Why the Justice Department is suing a software company to stop landlords colluding on rents − a practice that costs renters billions,https://theconversation.com/robo-price-fixing-why-the-justice-department-is-suing-a-software-company-to-stop-landlords-colluding-on-rents-a-practice-that-costs-renters-billions-239811,2024-11-18,en,theconversation.com,theconversation.com,2024,False
cdd766be51b50e09c1aaeae58dd129f8fc7576ca2b83b3dcd3a586f987909134,Robo price-fixing: Why the Justice Department is suing a software company to stop landlords colluding on rents,https://theconversation.com/robo-price-fixing-why-the-justice-department-is-suing-a-software-company-to-stop-landlords-colluding-on-rents-239811,2024-11-18,en,theconversation.com,theconversation.com,2024,False
276a4eb2b2e9924aeade5d61d06376209cbb358b15fe74db49baea91ac7a6c7a,"Robson Street landlord applies for rent relief, but bulk of federal funds go untapped",https://vancouversun.com/news/local-news/robson-street-landlord-applies-for-rent-relief-but-bulk-of-federal-funds-go-untapped,2020-09-03,en,vancouversun.com,vancouversun.com,2020,False
b7880c3d176dc7c6a9c9d45a8100271e9453b5da7ac92337b6255a2a94a75e52,Robson Street stores desperate as landlord refuses to apply for rent relief,https://vancouversun.com/news/local-news/robson-street-stores-desperate-as-landlord-refuses-to-apply-for-rent-relief,2020-08-27,en,vancouversun.com,vancouversun.com,2020,False
5881d779064001aa7f50d5b1d529f59dcc1a67dbd4764e8abdd0a4f7fbbc8215,Rooming house landlords convicted of Fire Code offences following tenant death,https://www.thestar.com/news/gta/2017/12/28/rooming-house-landlords-convicted-of-fire-code-offences-following-tenant-death.html,2017-12-28,en,thestar.com,thestar.com,2017,False
f3104ea73dc9fd359cea50895270b8c31f2bfa1375bbd89c0f56f65345461a4a,Roommates convicted of manslaughter in beating death of landlord,https://calgarysun.com/news/crime/roommates-convicted-of-manslaughter-in-beating-death-of-landlord,2019-03-18,en,calgarysun.com,calgarysun.com,2019,False
2d255dcb0b91fd35692f5343ad7b0ea7e99a6355d9aa4ea56f3000587f4b149c,"Roommates killed landlord during fight over utility bill, judge hears",https://www.cbc.ca/news/canada/calgary/beaver-lambert-bowers-manslaughter-plea-calgary-1.5061117?cmp=rss,2016-10-11,en,cbc.ca,cbc.ca,2016,False
8e75f706a933bd372b4c4647bf4d676cc32c7344a4c183e79d8a56fa8e3a5dba,"S.W. Welch bookstore in Montreal’s Mile End to stay open after landlord, tenant renegotiate rent hike",https://globalnews.ca/news/7683856/s-w-welch-bookstore-in-montreals-mile-end-to-stay-open-after-landlord-tenant-renegotiate-rent-hike/,2021-03-08,en,globalnews.ca,globalnews.ca,2021,False
ab0f614c90e6d4215c3ad82847f271243b2bbef455aba06294a80223c299334e,Saanich landlord to hold protest against tent-city residents,https://www.timescolonist.com/news/local/saanich-landlord-to-hold-protest-against-tent-city-residents-1.23453153,2018-10-04,en,timescolonist.com,timescolonist.com,2018,False
cb0fa396830bf26d51277177e5decd708960cc731121d9676a29a3dcfaed2f31,"Saint John woman looking for new place after landlord more than doubles rent, stops including utilities",https://atlantic.ctvnews.ca/saint-john-woman-looking-for-new-place-after-landlord-more-than-doubles-rent-stops-including-utilities-1.5571842,2021-09-02,en,ctvnews.ca,ctvnews.ca,2021,False
ec03956fca1bce48196657fff4297c9e39e751a4be97743735ef5201d8176529,Sandy Hill residents can report noisy neighbours to landlords,http://ottawacitizen.com/news/local-news/sandy-hill-residents-can-report-noisy-neighbours-to-landlords,2016-03-17,en,ottawacitizen.com,ottawacitizen.com,2016,False
c7aaeeeeb1a12cc54f804a91ae30000f8f73f700882abf3f029fc85b1eb8e270,"Sask. Human Rights commissions report says landlords discriminate against low-income, Indigenous renters",http://www.cbc.ca/news/canada/saskatoon/rental-discrimination-human-rights-1.4675931?cmp=rss,2018-05-24,en,cbc.ca,cbc.ca,2018,False
0dcce331b45b30ce8ca6d0681bbe658d37eedf0af4dc430fd6e7c6d96e571a00,Sask. landlord association asks province to set up a COVID-19 rent bank,https://saskatoon.ctvnews.ca/sask-landlord-association-asks-province-to-set-up-a-covid-19-rent-bank-1.4864760,2020-03-23,en,ctvnews.ca,ctvnews.ca,2020,False
f148016f7947a311fd4081ffe7c89ea6e7f7a60a64ed82b7367d96816d2c0638,Sask. Landlord Association expects rent to increase,https://saskatoon.ctvnews.ca/sask-landlord-association-expects-rent-to-increase-1.5952302,2022-06-17,en,ctvnews.ca,ctvnews.ca,2022,False
a319b610986c90608a5889d5c9c1952941de4b4d3df55aca2a99487d8c14ecf5,Sask. Landlord Association wants government to delay rental supplement changes,https://globalnews.ca/news/4180530/sask-landlord-association-wants-government-to-delay-rental-supplement-changes/,2018-05-01,en,globalnews.ca,globalnews.ca,2018,False
f71a14121c5fe44fdebc115153127468473fd747d3c32f968f8cd35b2591b669,Sask. landlord loses case for rent arrears for cockroach-infested unit,https://saskatoon.ctvnews.ca/sask-landlord-loses-case-for-rent-arrears-for-cockroach-infested-unit-1.6072903,2022-09-17,en,ctvnews.ca,ctvnews.ca,2022,False
8e6344172ac4cd93ec115e32a8779990755345b9750c3499ea65c3a8b5588e35,Sask. landlords consider blanket smoking bans ahead of cannabis legalization,https://globalnews.ca/news/4335011/sask-landlords-consider-blanket-smoking-bans-ahead-of-cannabis-legalization/,2018-07-16,en,globalnews.ca,globalnews.ca,2018,False
b3e3b72781d82c7b6cb43bbd6d3275e0ec3de0c901d46c33564466a16eae7717,Sask. landlords out millions due to eviction ban,https://regina.ctvnews.ca/sask-landlords-out-millions-due-to-eviction-ban-1.4995231,2020-06-22,en,ctvnews.ca,ctvnews.ca,2020,False
d71a701005f35a4d3af6ae02fa9b2fae5d994a18ac6c90d6a83f30f24cd509ae,Sask. landlords resume filing eviction notices,https://regina.ctvnews.ca/sask-landlords-resume-filing-eviction-notices-1.5056086,2020-08-07,en,ctvnews.ca,ctvnews.ca,2020,False
5157305238e4405d2da1e74adbdca10f378a2e8a2e0d07c04fbfdd528649b877,Sask. legislation to let landlords make the rules on tenants’ use of marijuana,https://globalnews.ca/news/3898960/saskatchewan-legislation-landlords-rules-tenants-marijuana/,2017-12-05,en,globalnews.ca,globalnews.ca,2017,False
61ab86f3175bb6aba61cd41a4afc1a8032ec9a957c83943d5cebcdc35f6d9f49,"Sask. tenants $30M in arrears because of COVID-19, eviction ban, landlord association says",https://saskatoon.ctvnews.ca/sask-tenants-30m-in-arrears-because-of-covid-19-eviction-ban-landlord-association-says-1.5016008,2020-07-08,en,ctvnews.ca,ctvnews.ca,2020,False
c4ba0afa2742d75a0dc87aad1608c5474150f7db94fa396c0ed2c59c00eea2e6,Saskatchewan association concerned about impact of eviction ban on small landlords,https://globalnews.ca/news/6769018/saskatchewan-eviction-ban-impact/,2020-04-02,en,globalnews.ca,globalnews.ca,2020,False
f11ef5692bef51ccc51556ba768a4d863b6fa8efbcc60e23736af459b7f0f6f3,"Saskatchewan landlords face financial trouble, call on province to lift eviction ban",https://globalnews.ca/news/7099285/saskatchewan-landlords-financial-lift-eviction-ban/,2020-06-23,en,globalnews.ca,globalnews.ca,2020,False
22ade912f1a8ddd24acc31853b773c7dce19b53d34e5886a11b6be3329f55b4a,Saskatchewan legislation to let landlords make the rules on tenants' use of pot,https://www.brandonsun.com/lifestyles/breaking-news/saskatchewan-legislation-to-let-landlords-make-the-rules-on-tenants-use-of-pot-462176553.html,2017-12-05,en,brandonsun.com,brandonsun.com,2017,False
3f10cc127d8cd5c0177ab4b0a53de43d3c2fdb1628b23b978c3a927b65c599f2,Saskatchewan legislation to let landlords make the rules on tenants’ use of pot,https://www.nationalnewswatch.com/2017/12/05/saskatchewan-legislation-to-let-landlords-make-the-rules-on-tenants-use-of-pot/,2017-12-05,en,nationalnewswatch.com,nationalnewswatch.com,2017,False
57f646f69891ec7679386886cd1769b72f419036a946396ef87b984190ae4850,Saskatchewan to let landlords make the rules on tenants' use of pot,http://www.ctvnews.ca/canada/saskatchewan-to-let-landlords-make-the-rules-on-tenants-use-of-pot-1.3708885,2017-12-05,en,ctvnews.ca,ctvnews.ca,2017,False
d1ed0effc0fd9f5d64be2082bc297feb46f218c431c1eb8b7397da857cce2fc5,Saskatoon committee votes to create report on landlord licensing,https://globalnews.ca/news/5757750/saskatoon-landlord-licensing/,2019-08-12,en,globalnews.ca,globalnews.ca,2019,False
bca1138c5dd6055a46bfa8252abdee3aadf3f2176be3ceec39a6ceaa4407c3f0,Saskatoon family still waiting for payment two years after judgment against landlord,https://thestarphoenix.com/news/local-news/saskatoon-family-still-waiting-for-payment-two-years-after-judgment-against-landlord,2020-07-16,en,thestarphoenix.com,thestarphoenix.com,2020,False
94f3b735993969be5a0852036eda61baafa9691a01c0542d0ab82c6497a7a6d6,Saskatoon landlord expects family of man killed in apartment to clean up his blood,https://saskatoon.ctvnews.ca/saskatoon-landlord-expects-family-of-man-killed-in-apartment-to-clean-up-his-blood-1.6253596,2023-01-31,en,ctvnews.ca,ctvnews.ca,2023,False
4646de120dd798a4ce5223663147bc2b6efe853112b92f8b27bee64c1acdc255,Saskatoon landlord says COVID-19 eviction moratorium causing financial mess,https://saskatoon.ctvnews.ca/saskatoon-landlord-says-covid-19-eviction-moratorium-causing-financial-mess-1.5006325,2020-06-30,en,ctvnews.ca,ctvnews.ca,2020,False
60d56515be30ae5ba53fdae336ea343d49f0edb2a7ed9adec7b19298fcafa529,Saskatoon landlord serves eviction notice after one payment falls $150 short,https://saskatoon.ctvnews.ca/a-saskatoon-landlord-tried-to-evict-a-woman-for-coming-up-150-short-on-rent-1.6572758,2023-09-21,en,ctvnews.ca,ctvnews.ca,2023,False
d5bccd6153aa088b77975edc53d4eb5a56d522e7983d154366dcbf7b20c9130a,Saskatoon landlord still waiting for thousands in rent,http://www.cbc.ca/news/canada/saskatoon/saskatoon-landlord-still-waiting-for-thousands-in-rent-1.3308629?cmp=rss,2015-10-13,en,cbc.ca,cbc.ca,2015,False
4dbd0d557907311a6550cfb01d09e397ae3d9a80861a9b735d54a3edaf521d2e,Saskatoon landlord wants downtown sidewalk snow cleared by one contractor,https://globalnews.ca/news/3966395/saskatoon-landlord-wants-downtown-sidewalk-snow-cleared-by-one-contractor/,2018-01-15,en,globalnews.ca,globalnews.ca,2018,False
65e744433b2a9ff05b4584f95cd549dd7a88df510d0b6d276e10c526c0557ab3,Saskatoon landlords urge caution when building garage suites,http://globalnews.ca/news/2374994/saskatoon-landlords-urge-caution-when-building-garage-suites/,2015-12-02,en,globalnews.ca,globalnews.ca,2015,True
ad55393dcecd1e9b5864d2e4e62874337110710362a975bfad74f5004bdc5acd,Saskatoon woman battles landlord over pest infestation,https://saskatoon.ctvnews.ca/saw-the-mouse-turn-into-mice-very-quickly-saskatoon-woman-battles-landlord-over-pest-infestation-1.6906075,2024-05-29,en,ctvnews.ca,ctvnews.ca,2024,False
10d29092c5e3ba0b24e001d572d01a4fb233b2d3c62e1ef3551fcfba497060aa,Saturday's letters: Banks have it easy compared to landlords,http://edmontonjournal.com/opinion/letters/saturdays-letters-banks-have-it-easy-compared-to-landlords,2020-04-18,en,edmontonjournal.com,edmontonjournal.com,2020,False
e7581ad3b64192dad382229a99deb7760b030c79b3d875ea8d2f27e3dc378ea3,Sault Landlord fined for fire code violations,https://northernontario.ctvnews.ca/sault-landlord-fined-for-fire-code-violations-1.5795967,2022-02-25,en,ctvnews.ca,ctvnews.ca,2022,False
da293544440f135f21f0274c51634dc1641b5466f621fe91f6f2d81d9c2bfed5,Sault news: Landlord found to have violated rights of disabled tenant; victim awarded $8K,https://northernontario.ctvnews.ca/sault-st-marie-ont-landlord-found-to-have-violated-rights-of-tenant-with-a-disability-1.7089729,2024-10-28,en,ctvnews.ca,ctvnews.ca,2024,False
eeb452e397836e4cbbe6fac01b19c971b4c2d13bc3b4c6ad77aa1b937cc2c5e7,Sault news: Landlord violated rights of disabled tenant; victim awarded $8K,https://northernontario.ctvnews.ca/sault-ste-marie-ont-landlord-found-to-have-violated-rights-of-tenant-with-a-disability-1.7089729,2024-10-28,en,ctvnews.ca,ctvnews.ca,2024,False
e64a9a309861c6ac40fc98af8b5ff6892f532cd592b31031d316add24c373bc3,Sault news: Shingwauk Kinoomaage Gamig hoping to resolve landlord dispute,https://northernontario.ctvnews.ca/indigenous-university-hoping-to-resolve-dispute-with-landlord-1.6295435,2023-03-01,en,ctvnews.ca,ctvnews.ca,2023,False
274cbf4424e40a1a678aebe0e8cc8366a0e345079da07c28fd12de9d245dda17,Scammed Cole Harbour landlord now faces mountain of credit-card debt,https://www.cbc.ca/news/canada/nova-scotia/cole-harbour-landlord-jason-selby-rent-dodger-nadav-even-har-1.5387558?cmp=rss,2019-12-09,en,cbc.ca,cbc.ca,2019,False
b5c9d9ed3657ddcb03753e2a698c6fd4f4fddabb0f357f4fc5ca54b839b123f1,Scrap 'double tax' only for local landlords: housing org,https://tj.news/greater-saint-john/101799655?ref=rss,2022-02-17,en,tj.news,tj.news,2022,False
7ad66d1883a4597490af589705ee6be55b0a88c1985735e8231b8375c24efa57,SD ;G Landlords Association believes enforcement negates need for rental registry,https://www.standard-freeholder.com/news/local-news/sdg-landlords-association-believes-enforcement-negates-need-for-rental-registry,2021-05-04,en,standard-freeholder.com,standard-freeholder.com,2021,False
ec5be14e67329bfb598cc63e0bc9dc423d645c90ebaa21cc15c0224dad04e047,Sears landlords face major vacancies amid a changing retail landscape,https://www.theglobeandmail.com/report-on-business/sears-landlords-face-major-vacancies-amidst-a-changing-retail-landscape/article36554784/?cmpid=rss1,2017-10-11,en,theglobeandmail.com,theglobeandmail.com,2017,False
2537bb85efa44dee9121b596c7c1418d9bc33f090707df078659e1c61bc83bfd,Seattle demands landlords keep vacant properties pristine even as tenants flee,http://thepostmillennial.com/seattle-demands-landlords-keep-vacant-properties-pristine-even-as-tenants-flee,2023-09-21,en,thepostmillennial.com,thepostmillennial.com,2023,False
891616e1bc3b7f88d24f244f82f2ff70ddfec6744862b272cf9dafd53e32b6a3,Seattle landlords use DNA testing to catch dog owners who don't scoop,http://www.ctvnews.ca/sci-tech/seattle-landlords-use-dna-testing-to-catch-dog-owners-who-don-t-scoop-1.2312300,2015-04-04,en,ctvnews.ca,ctvnews.ca,2015,False
42a459824ad58c803d88f4f799ca596be13386f079347f13978b5e701a818991,Secret money. Elite Canadian families. And a corporate landlord accused of pandemic evictions,https://www.thestar.com/news/investigations/2021/12/15/secret-money-elite-canadian-families-and-an-corporate-landlord-accused-of-pandemic-evictions.html,2021-12-15,en,thestar.com,thestar.com,2021,False
04992b4a1234505f9e7056c9121e99520109ff766ca9495a6136897cb9f4c8f6,Seeking shelter: Revelstoke landlord has tenant build illegal bedrooms,https://www.bclocalnews.com/news/seeking-shelter-revelstoke-landlord-has-tenant-build-illegal-bedrooms/,2019-05-04,en,bclocalnews.com,bclocalnews.com,2019,False
54c00d75a9bba366aa5ad4298c4f107c10966b71e9c85f2c3caa1bde0808fc91,Self-professed 'Wolf of Airbnb' pleads guilty to wire fraud for defrauding landlords,https://www.winnipegfreepress.com/business/2023/06/26/self-professed-wolf-of-airbnb-pleads-guilty-to-wire-fraud-for-defrauding-landlords,2023-06-26,en,winnipegfreepress.com,winnipegfreepress.com,2023,False
5c4d59628310685f67a61ac28646a83d419aa0901ab749a359be085472d2def1,Self-professed ‘Wolf of Airbnb’ sentenced to over 4 years in prison for defrauding landlords,https://www.thestar.com/news/world/united-states/self-professed-wolf-of-airbnb-sentenced-to-over-4-years-in-prison-for-defrauding-landlords/article_c63cf031-5d5f-5313-a7a6-7bb7b91253fc.html,2024-07-22,en,thestar.com,thestar.com,2024,True
9f1c6407fc74aed5d7a713cacd562c67d2432bf7902311e6fb3a47d832f6add4,"Senegalese diplomat arrested by Quebec police owed $45,000 in rent to former landlord",https://www.nationalobserver.com/2022/08/10/news/senegalese-diplomat-arrested-quebec-police-45000-rent-former-landlord,2022-08-10,en,nationalobserver.com,nationalobserver.com,2022,False
e2c44c33c2fbb32da13f46d812d656e0b0ff06f34dfaad5c6d8e3a7c73a2d8fe,"Senegalese diplomat arrested by Quebec police owed former landlord more than $45,000",https://ottawa.ctvnews.ca/senegalese-diplomat-arrested-by-quebec-police-owed-former-landlord-more-than-45-000-1.6020283,2022-08-09,en,ctvnews.ca,ctvnews.ca,2022,True
32121e6bebe1d9f84066ede9ace3266ef9fa2e3829f944761073638a4573d2ef,"Senegalese diplomat arrested in Gatineau owed $45,000 to his landlord, rental board found",https://montrealgazette.com/news/local-news/senegalese-diplomat-arrested-in-gatineau-owed-45000-to-his-landlord-rental-board-found,2022-08-09,en,montrealgazette.com,montrealgazette.com,2022,False
f7a6da9ace8494e6c1ed689e329bfa535cc87a0fd82eb2fcb783030c99729e2d,Seniors asked to pay thousands more in monthly fees after landlord removes incentives,https://www.cbc.ca/news/canada/ottawa/senior-rent-services-fee-increase-ontario-1.7123685?cmp=rss,2024-02-28,en,cbc.ca,cbc.ca,2024,False
6b70ff1e4beb79de68e30f40dcc196b73720b91dbf9ab5ca43f27ef14c069286,"Sept. 9: Public education, wild salmon, police oversight, landlords' rights",http://vancouversun.com/opinion/letters/sept-9-public-education-wild-salmon-police-oversight-landlords-rights,2016-09-08,en,vancouversun.com,vancouversun.com,2016,False
4a9e3970622b14190073dedbe57ed071dfae78c5cf5534ba4b46ec0432a62318,Service N.B. minister makes ‘guarantee’ landlords won’t skirt new tenancy rules,https://globalnews.ca/news/8824244/service-nb-minister-makes-guarantee-that-landlords-wont-be-able-to-skirt-new-tenancy-rules/,2022-05-10,en,globalnews.ca,globalnews.ca,2022,False
6987975ae652640221047dbacd07ade2afa0eb6940902d4fe5701102a26e78a5,"Several Northern BC landlords pan rent freeze extension, but support protections against ‘renovictions’",https://www.thestar.com/news/canada/2021/03/27/several-northern-bc-landlords-pan-rent-freeze-extension-but-support-protections-against-renovictions.html,2021-03-27,en,thestar.com,thestar.com,2021,False
5fe79a2d36830127752561fe8d91fc42d5553d37023f8d2378ca47919b029af1,"Sex offender James Conway mentally challenged, little threat: Landlord",http://bc.ctvnews.ca/sex-offender-james-conway-mentally-challenged-little-threat-landlord-1.2561527,2015-09-13,en,ctvnews.ca,ctvnews.ca,2015,False
6b278e180a6f191c4c6de395cdd53ec2c9f3444eafe2bc66eddf2006922d0f81,She just had a C-section. The Landlord and Tenant Board says she has to move out in weeks,https://www.cbc.ca/news/canada/toronto/c-section-ltb-eviction-1.7232809?cmp=rss,2024-06-12,en,cbc.ca,cbc.ca,2024,False
eb8c378c4888a3d62a50a68333ccdeb02513856a4ecc65f9f2b861d2f0de548a,"Sherbrooke landlord renos, raises rent",https://www.sherbrookerecord.com/sherbrooke-landlord-renos-raises-rent/,2023-02-01,en,sherbrookerecord.com,sherbrookerecord.com,2023,False
2de0c951a8faf909dcb9c1de278c0b9d49a6fd0741fa9a32f78c09ec41d10759,"Shock turns to relief after Moncton landlord says he'll reverse $2,000 a month rent increase for tenant",https://atlantic.ctvnews.ca/shock-turns-to-relief-after-moncton-landlord-says-he-ll-reverse-2-000-a-month-rent-increase-for-tenant-1.5432179,2021-05-17,en,ctvnews.ca,ctvnews.ca,2021,False
bec69ab181f44f07e5c731c902ad1468d6844dff706d3be64f9042423c3bb38d,Shocking discovery for Calgary landlord,http://www.brandonsun.com/lifestyles/breaking-news/calgary-landlord-shocked-to-find-unattended-senior-in-rental-home-377957571.html,2016-05-03,en,brandonsun.com,brandonsun.com,2016,False
502b147e622f60f6606e81aab895976314074b095669a14c557cae0ae397928b,Short-term landlords in Belleville must now register with the city,https://globalnews.ca/news/8736564/short-term-landlords-belleville-register-city/,2022-04-05,en,globalnews.ca,globalnews.ca,2022,False
a560593e4cdcb7b88e2cf065029dd5baed0d32e0684df6dbb7160044f1697207,Short-term landlords launch court appeal of Toronto’s Airbnb rules,https://www.thestar.com/news/gta/2019/12/03/short-term-landlords-launch-court-appeal-of-torontos-airbnb-rules.html,2019-12-03,en,thestar.com,thestar.com,2019,False
1aaeb82445ddd932f514197b745bc57b7344e763937712d76b5bbf70a088945d,Shortage of adjudicators hits Landlord and Tenant Board,https://www.thestar.com/news/gta/2018/10/31/shortage-of-adjudicators-hits-landlord-and-tenant-board.html,2018-10-31,en,thestar.com,thestar.com,2018,False
718cca4d60bef7de71600ac916b4886240dbe77ff65aa2ae1ddea7660cd9c5c9,"Should B.C.'s rent supplement be increased to $1,000? Landlords say $500 isn't enough",https://bc.ctvnews.ca/should-b-c-s-rent-supplement-be-increased-to-1-000-landlords-say-500-isn-t-enough-1.4915644,2020-04-28,en,ctvnews.ca,ctvnews.ca,2020,False
1c85d159105b74ada0f94689f88eb8915c3c41ea1b50d8f42fafe2e3c4607fab,"Should emergency generators by required of landlords? An Ottawa MPP trying to make it happen, but city councillors not sold",https://ottawacitizen.com/news/local-news/should-landlords-have-to-have-generators-on-hand-for-power-outages-council-committee-debates,2023-02-14,en,ottawacitizen.com,ottawacitizen.com,2023,False
b12886a1c3b8b75bdd13e64ad962f870753a13847a7bb6f1d5cfc2a9ebf34664,"Should landlords be able to ban smoking, growing pot in apartments?",http://www.ctvnews.ca/canada/should-landlords-be-able-to-ban-smoking-growing-pot-in-apartments-1.3519477,2017-07-26,en,ctvnews.ca,ctvnews.ca,2017,False
ae99448c3e375a1478ef3638e6db46e7ad43c7cac431fa47303fd6e65cf2d627,Should landlords be able to refuse pets? B.C. city says 'discrimination' should end,https://bc.ctvnews.ca/should-landlords-be-able-to-refuse-pets-b-c-city-says-discrimination-should-end-1.4840662,2020-03-05,en,ctvnews.ca,ctvnews.ca,2020,False
a5a9097963da6f8c6b5db191a7dfe9a5f4fbf28ca039a3bf08fe69a8b16a3060,Should landlords be required to provide air conditioning during heat waves?,http://www.cbc.ca/news/canada/should-cooling-be-required-during-heat-waves-1.3719006?cmp=rss,2015-07-03,en,cbc.ca,cbc.ca,2015,False
7ad9fdfcecd2139781338379b28012cc83e916282d9607425f1d4ccb1a19cf76,Should pet bans be banned? Renters and landlords square off,http://www.cbc.ca/news/canada/british-columbia/pet-bans-rental-tenancy-laws-1.3487719?cmp=rss,2016-03-11,en,cbc.ca,cbc.ca,2016,False
4083be8953979a581f9b502b9d09396fcb706def82b5c845f0618e3852513848,Should Quebec allow landlords to demand a security deposit?,https://www.cbc.ca/news/canada/montreal/quebec-rental-housing-security-deposit-1.5196810?cmp=rss,2019-07-02,en,cbc.ca,cbc.ca,2019,True
d387501e761709868720a75390512c32f389d92d06e33d78833625ba4fc48996,Should Quebec require landlords to keep apartments cool during summer?,https://www.cbc.ca/news/canada/montreal/quebec-landlords-air-conditioning-1.7576616?cmp=rss,2025-07-04,en,cbc.ca,cbc.ca,2025,False
5b5dd5cfb283693718e81753e1ac43607aed9d435dc984295a9553e8e1efc401,Should we licence landlords?,https://www.thestar.com/opinion/letters_to_the_editors/2016/11/07/should-we-licence-landlords.html,2016-11-07,en,thestar.com,thestar.com,2016,False
a64d3d6e68e11a9922affe99c54cd6d10c62718a5293618737971ff6eae165a3,Shrinking Kodak takes on new role: startup landlord,http://globalnews.ca/news/2118874/shrinking-kodak-takes-on-new-role-startup-landlord,2015-07-18,en,globalnews.ca,globalnews.ca,2015,False
3adf163cb6f5393ee0e73334fe21c49148cd2c9a70b30e7e405fcb598a387cfe,Shuswap carport collapse from snow prompts question of landlord/tenant responsibility,http://www.bclocalnews.com/news/shuswap-carport-collapse-from-snow-prompts-question-of-landlord-tenant-responsibility/,2020-01-30,en,bclocalnews.com,bclocalnews.com,2020,False
f7b191ce30fdb298d9bea8f6dc5cb98e1ef372fcb3f85bb51e833d07677424d6,Single dad eyes new role: landlord,http://www.theglobeandmail.com/globe-investor/personal-finance/household-finances/single-dad-with-three-kids-ponders-life-with-rental-income/article23232221/?cmpid=rss1,2015-02-27,en,theglobeandmail.com,theglobeandmail.com,2015,False
634a426ae790ce8ede8a0e7e45a337b5c40351a1437d935f40ef64ef657563fe,"Single dad says landlord evicted him illegally, locked up possessions",https://www.ctvnews.ca/canada/single-dad-says-landlord-evicted-him-illegally-locked-up-possessions-1.3886563,2018-04-16,en,ctvnews.ca,ctvnews.ca,2018,False
fce56c961c0fc68853172fd2a869eeabb2d0e605a63b85f4eebc1e95880844e3,"Single father alleges Surrey landlord forced him out illegally, stole his belongings",https://bc.ctvnews.ca/single-father-alleges-surrey-landlord-forced-him-out-illegally-stole-his-belongings-1.3875100,2018-04-06,en,ctvnews.ca,ctvnews.ca,2018,False
ef2923e9b3d5602d38e62b88f3c3067cd808331a11dcb1bb444fbb3c0b677795,Single father fights to get belongings back from landlord after alleged illegal eviction,https://bc.ctvnews.ca/single-father-fights-to-get-belongings-back-from-landlord-after-alleged-illegal-eviction-1.3886250,2018-04-15,en,ctvnews.ca,ctvnews.ca,2018,False
0d0b7de8cc2eb4ab8e3c238e6986289bf5720eee534f331e6db437228436cadd,Single mom says landlords turning her away because her autistic son has service dog,https://montreal.ctvnews.ca/single-mom-says-landlords-turning-her-away-because-her-autistic-son-has-service-dog-1.6954599,2024-07-07,en,ctvnews.ca,ctvnews.ca,2024,False
720603ac05af189d509fcf8568079cbab6312bbedad2178c4647b1347c062a53,SIS assistance program 'not working' says Sask. Landlord Association,https://leaderpost.com/news/local-news/sis-assistance-program-not-working-says-sask-landlord-association,2021-10-05,en,leaderpost.com,leaderpost.com,2021,False
300324e07d0ec51d399ac4f938d739a7681fc92eef7f775745633ebd803d848a,SIU clears officer in connection with shooting death of landlord,https://toronto.ctvnews.ca/siu-clears-officer-in-connection-with-shooting-death-of-stoney-creek-ont-landlord-1.6577577,2023-09-25,en,ctvnews.ca,ctvnews.ca,2023,False
848dea1e6d68c0a422b0ea67d0ac44d904a85796d13d98cee233afe1565cd803,"SIU recovers 5 guns from home in landlord-tenant dispute, police ID couple killed",https://www.thestar.com/news/canada/2023/05/30/siu-recovers-5-guns-from-home-in-landlord-tenant-dispute-police-id-couple-killed.html,2023-05-30,en,thestar.com,thestar.com,2023,True
35d54d6e102e6c6813ca76a5e67d24022329b021bd729a02a104a45a4131cbc1,SKG hoping to resolve dispute with landlord,https://northernontario.ctvnews.ca/video?clipId=2638636,2023-03-01,en,ctvnews.ca,ctvnews.ca,2023,False
fa2c9dd89584dcffba41193098034566160a780fdca5fbc0aa26a9b7b2f50a24,"Small businesses can apply directly for federal rent-relief, bypass landlords, in revamped rules",https://www.theglobeandmail.com/business/article-ottawa-to-announce-new-small-business-rent-relief-program-direct-aid/,2020-10-09,en,theglobeandmail.com,theglobeandmail.com,2020,False
4cfb3212296fecb80ecdaa65c6881e6288cd0285b6597a7beaf4cd112be4bbc2,Small businesses plead with landlords to help them survive COVID-19,https://calgaryherald.com/business/local-business/small-businesses-plead-with-landlords-to-help-them-survive-covid-19,2020-03-20,en,calgaryherald.com,calgaryherald.com,2020,False
4c0eb235a167df5423759b9bd0405bb1968914a882662e2a0f60febc28bf5c84,Small claims ruling says landlord overcharged,https://www.thespec.com/news/canada/small-claims-ruling-says-landlord-overcharged/article_e851bfa2-c5d9-53ae-8651-14da46823e01.html,2025-07-22,en,thespec.com,thespec.com,2025,True
6df0ee2aec2161898f4dc31adbfe60df2f9ae7570612d71b66e963f910ed08aa,Small landlords trapped in a broken system,https://www.therecord.com/news/waterloo-region/opinion/2023/03/21/a-landlords-nightmare.html,2023-03-21,en,therecord.com,therecord.com,2023,False
0360d22f9664d76b293c0e31fe31c3381eefaf3d7d19705aeed6afa51bc062d5,Smart BC landlords file notice of interest before tenants build,https://www.timescolonist.com/economy-law-politics/opinion-why-commercial-owners-should-pay-attention-to-notices-of-interest-9853358,2024-11-25,en,timescolonist.com,timescolonist.com,2024,False
268af955b279f4d168d5c2e9eb5cda4b7adc5abcd63549faf27a941a81c08a36,"Smoke-Free Nova Scotia has advice for tenants, landlords",http://www.cbc.ca/news/canada/nova-scotia/smoke-free-apartments-the-aim-of-new-n-s-website-1.2921889?cmp=rss,2015-10-28,en,cbc.ca,cbc.ca,2015,False
d9866f927bb4385242b9aa3dca4e5a5b86043bbc0594f9abc37be1178e4260f3,So you want to be a landlord?,http://www.thestar.com/business/2015/12/01/so-you-want-to-be-a-landlord.html,2015-12-01,en,thestar.com,thestar.com,2015,False
fe658b2a76148f9dc65b61918c7d1259d2973cb3e3099c8377771d96b7dd5c70,So your neighbour is a criminal: Landlord says fear keeps people from reporting illegal activity,https://www.cbc.ca/news/canada/north/nwt-evictions-criminal-activity-1.4797087?cmp=rss,2018-08-24,en,cbc.ca,cbc.ca,2018,False
2661e6d3dfcb63c2c0350891bca85c6a9045355cb03170702cf06b1ca7f7f243,Social services coop helps renters and landlords find answers,https://www.bclocalnews.com/news/social-services-coop-helps-renters-and-landlords-find-answers/,2019-07-17,en,bclocalnews.com,bclocalnews.com,2019,False
47400f0cafe3706fd1f7b5c51960b891a2bd8e87d60b659ad64d2685e712971d,"Solutions needed for tenants, landlords",https://www.winnipegfreepress.com/our-communities/Solutions-needed-for-tenants-landlords-467711143.html,2018-01-02,en,winnipegfreepress.com,winnipegfreepress.com,2018,False
fc97ae3b994431436c267ebe5cf7197c6ab01400b1312ba35e15d65dc97d2782,Some Alberta landlords updating rental rules ahead of marijuana legalization,https://globalnews.ca/news/4248351/alberta-landlords-leases-marijuana-legalization/,2018-06-01,en,globalnews.ca,globalnews.ca,2018,False
74b7b660679dc64bcc8c92fe4dfdebff45ed93dddf30f2e019ebe74767cf5ff8,"Some B.C. landlords asking tenants for out-of-bounds rent increases, imply eviction",https://www.theglobeandmail.com/canada/article-some-bc-landlords-asking-tenants-for-out-of-bounds-rent-increases/,2024-06-08,en,theglobeandmail.com,theglobeandmail.com,2024,False
4a93d022895348ef94c67861fd2d1276765e58f3eb3dcde45d17ba81bcefe538,"Some Hamilton landlords won't rent to Syrian refugees, volunteers say",http://www.cbc.ca/news/canada/hamilton/news/some-hamilton-landlords-won-t-rent-to-syrian-refugees-volunteers-say-1.3345508?cmp=rss,2015-12-02,en,cbc.ca,cbc.ca,2015,False
408126cb20da951d59f86c1e9636923394b2168167f3530e2910013776291812,Some Kelowna landlords using loophole to get around illegal short-term rentals,https://globalnews.ca/news/3890918/some-kelowna-landlords-using-loophole-to-get-around-illegal-short-term-rentals/,2017-11-30,en,globalnews.ca,globalnews.ca,2017,False
28155ee9a41ff34016f8c417f4bbd108eb21f0332f4c38593408b30012e10868,Some landlords are forgiving rent payments as April 1 deadline looms for Toronto’s restaurants and bars,https://www.thestar.com/business/2020/03/30/april-1-looms-over-renters-and-landlords-worried-about-paying-rent.html,2020-03-30,en,thestar.com,thestar.com,2020,False
8e90bc463c7c58825d00e9f89f564432e23939015520ab128bbf0ed0da8b7c3c,Some landlords banging on premier’s door over ‘pause’ on eviction orders,https://www.thestar.com/news/canada/2021/01/15/some-landlords-banging-on-premiers-door-over-pause-on-eviction-orders.html,2021-01-15,en,thestar.com,thestar.com,2021,False
da3b11f2eb470bdeb685d6491e4cd4f7bee5ee7e78bb6f8a45d4b6a7e81f9b03,"Some landlords blocking residential school searches, government adviser says",https://globalnews.ca/news/9567701/canada-residential-schools-searches/,2023-03-21,en,globalnews.ca,globalnews.ca,2023,False
4d4d84f71fc885ebbe3e3561c0603386a7d53f77f26e230924e055189d465a35,Some landlords not applying for federal rent relief leaves small businesses in the lurch,https://ottawa.ctvnews.ca/some-landlords-not-applying-for-federal-rent-relief-leaves-small-businesses-in-the-lurch-1.4920195,2020-05-01,en,ctvnews.ca,ctvnews.ca,2020,False
7525177b8ccd967b6302b6b603906a009688b5a1314cabd2c78a61da9bbfa5c8,Some landlords offer restaurants rent relief,https://www.winnipegfreepress.com/business/some-restaurateurs-get-rent-relief-while-others-stress-over-april-bills-569188042.html,2020-03-28,en,winnipegfreepress.com,winnipegfreepress.com,2020,True
58c42c1a7de889f7c76384a4e9265777a333025184bc3d1022b7ef35c142fa9b,Some Ontario landlords are calling for 'automatic' evictions for tenants who don't pay rent,https://www.cbc.ca/news/canada/toronto/toronto-landlords-eviction-petition-1.7151130?cmp=rss,2024-03-21,en,cbc.ca,cbc.ca,2024,False
bc62bcf4536cb7029a07c07593f32b1d31a5bf8c1ea2b8ecf9936364d9a0ae34,"Some Ontario landlords charging illegal application fees, tenant advocate says",https://toronto.ctvnews.ca/some-ontario-landlords-charging-illegal-application-fees-tenant-advocate-says-1.5554053,2021-08-19,en,ctvnews.ca,ctvnews.ca,2021,False
b7676f18aa680c4c4b9fdb1936aa2d921e710c2ee6a47c2b986fab3fd51fbb66,Some Ottawa landlords struggle amid high vacancy rates,https://ottawa.ctvnews.ca/some-ottawa-landlords-struggle-amid-high-vacancy-rates-1.5334309,2021-03-04,en,ctvnews.ca,ctvnews.ca,2021,False
ff06e7c44f47d56b11d71102052ad5b0d7b0b5383da4ed81c468fdc98a012d77,Some Quebec landlords frustrated at having to clean disaster apartments post moving day,https://montreal.ctvnews.ca/some-quebec-landlords-frustrated-at-having-to-clean-disaster-apartments-post-moving-day-1.5979162,2022-07-07,en,ctvnews.ca,ctvnews.ca,2022,False
9a343043c0ff980a3c8af2ac24c051203e2de90e3b054f399dd7e0d3942dc905,Some Saskatoon landlords concerned with increase in suspicious fires,https://globalnews.ca/news/7007714/saskatoon-landlords-concerned-suspicious-fires/,2020-05-30,en,globalnews.ca,globalnews.ca,2020,False
bb8e12ad68c4ef4e5b718a870c32ec9887de4364338cf74d2806cc9426955ee8,Some Surrey landlords ‘kicking out’ businesses that can’t make rent,https://www.bclocalnews.com/news/some-surrey-landlords-kicking-out-businesses-that-cant-make-rent/,2020-04-01,en,bclocalnews.com,bclocalnews.com,2020,False
ea42f7ed78511712d47f895523620c616af57b31bafaffda635bd9aafa52b9ce,"Some Toronto landlords are trying to remove AC units from tenants’ windows. Not so fast, expert says",https://www.thestar.com/business/2020/06/15/tenants-can-keep-window-ac-units-as-long-as-they-are-safely-installed.html,2020-06-15,en,thestar.com,thestar.com,2020,False
260d8fe5ce48d3a1de8723e7c7d83f12aa02b5932c85f11c2827424829012240,Someone who does this should be thrown in jail': Trashed rental unit leaves landlord frustrated,https://www.cbc.ca/news/canada/london/landlord-tenant-1.5237268?cmp=rss,2019-08-06,en,cbc.ca,cbc.ca,2019,False
3dc1d0cbf9784f59cd8c8dab9ed5d5bd2154aa65ea5bfecad9f8f0f5ca05b168,South River fire results in charges against landlord,https://www.nugget.ca/news/south-river-fire-results-in-charges-against-landlord,2022-11-11,en,nugget.ca,nugget.ca,2022,False
fab1c727edfa52df8046c80c6c8305d8075fb4283eaff02845baa24374aeeb9e,"SPLASH OF COLOUR: Landlord, graffiti artist team up to brighten up North End buildings",https://winnipegsun.com/news/local-news/splash-of-colour-landlord-graffiti-artist-team-up-to-brighten-up-north-end-buildings,2019-07-06,en,winnipegsun.com,winnipegsun.com,2019,False
e47e2935d395a777a8de464e35c52c22c3b93e9446e794f96ff854b814ad20f5,Sport facility operator claims misrepresentation by landlord led to millions in damages and lost opportunities for young athletes,https://www.thespec.com/news/hamilton-region/aeon-bayfront-studios-5-million-lawsuit/article_bfaed2f1-a4bd-522c-a06a-64fd3a993b6c.html,2025-10-05,en,thespec.com,thespec.com,2025,False
1085f402b86e0c47f1da904b94a80f26e03222f473fbadb6b2f77694b6c5c379,Squatter granted restraining order against landlord by Washington State judge,https://thepostmillennial.com/squatter-granted-restraining-order-against-landlord-by-washington-state-judge,2024-03-18,en,thepostmillennial.com,thepostmillennial.com,2024,False
bf36877c3625f2976068cbcb0df9b68d766918d9f9f81231ba9384b613aae4a7,St. Catharines tenant says landlord chose pandemic to install new blinds,https://globalnews.ca/news/7398818/st-catharines-tenant-pandemic-install-blinds/,2020-10-15,en,globalnews.ca,globalnews.ca,2020,False
d5b046c92b247410c3978045a15db0acd1c35aae42873baa864646f61075cb8c,St. Catharines woman’s fate in hands of Landlord and Tenant Board,https://www.niagarafallsreview.ca/news/niagara-region/2022/10/18/st-catharines-womans-fate-in-hands-of-landlord-and-tenant-board.html,2022-10-18,en,niagarafallsreview.ca,niagarafallsreview.ca,2022,True
f397b723cbc96fa742b134775b7858f67101871b82bbf86bb992e065116d96ab,"St. John's landlord Mike O'Dea charged with impersonating, defrauding dead father",https://www.cbc.ca/news/canada/newfoundland-labrador/mike-o-dea-st-johns-fabian-o-dea-ryan-o-dea-1.4977073?cmp=rss,2019-01-14,en,cbc.ca,cbc.ca,2019,False
d10f07026cbfc50613db9f2394d6fd704987262b276b3e4f665d857208490fe3,"Starbucks demands landlords lower its rent, citing ‘staggering economic crisis’ of coronavirus",https://www.thestar.com/business/2020/05/14/starbucks-demands-landlords-lower-its-rent-citing-staggering-economic-crisis-of-coronavirus.html,2020-05-14,en,thestar.com,thestar.com,2020,False
c4c94928474f92387271ee0c66cd639c72cf07a1893d992a4ed3261dc219026a,State of disrepair: tenant survey bolsters call for landlord licensing,https://www.thestar.com/news/gta/2016/11/01/state-of-disrepair-tenant-survey-bolsters-call-for-landlord-licensing.html,2016-11-01,en,thestar.com,thestar.com,2016,False
8e912468ba19182f3b4e9ed797aa47053c029235ed777b19d3564ba9b8ea07be,Ste-Anne's mayor says community life at risk from absentee landlords,https://montrealgazette.com/news/local-news/west-island-gazette/ste-annes-mayor-says-community-life-at-risk-from-absentee-landlords,2021-11-18,en,montrealgazette.com,montrealgazette.com,2021,False
ce27853158dcfc255397365c21cacf2ec33b7b1e7a638ce8a5c74bcfcaba958d,Stewart gives landlords another reason to take rentals off market,https://theprovince.com/opinion/letters/letters-to-the-province-jan-15-2021-mayor-stewart-gives-landlords-another-reason-to-take-rental-properties-off-market,2021-01-15,en,theprovince.com,theprovince.com,2021,False
edcc345adfcf738599cf972fb40dd9424bf4e1da28448c79095e5452a1c31e32,Stolen copper raises issues for Regina landlord,https://regina.ctvnews.ca/stolen-copper-raises-issues-for-regina-landlord-1.4786001,2020-01-27,en,ctvnews.ca,ctvnews.ca,2020,False
0c3b634d3fbe33d7cbdf47b2807128158de001b47b019b87cf0851c3cb34459f,Stone Soup landlord cites ‘unauthorized’ renovations,https://www.timescolonist.com/local-news/stone-soup-landlord-says-group-kicked-out-because-of-unauthorized-renovations-9884511,2024-12-01,en,timescolonist.com,timescolonist.com,2024,False
f9309f663ed06f45119bd5c54c231d91a5a1ce6de5139a83b00136aae8cf896b,Stoney Creek couple killed after ‘dispute’ with landlord had planned to move out days later,https://www.thespec.com/news/crime/2023/05/29/stoney-creek-couple-killed-after-dispute-with-landlord-had-planned-to-move-out-days-later.html,2023-05-29,en,thespec.com,thespec.com,2023,False
26a02d0fce87b7f8bb385c168a3d27ae0be3f70edad6b3d2236d2692c93b0ca6,Stoney Creek tenants say landlord is neglecting building,http://www.cbc.ca/news/canada/hamilton/stoney-creek-gentrification-1.4513175?cmp=rss,2018-01-31,en,cbc.ca,cbc.ca,2018,False
5e536c81fb8df3568aa8a560e52d7a287672c46c81008a8df368fc66c9ad6c9c,"Stop charging for visitor parking, city warns landlords",https://www.cbc.ca/news/canada/ottawa/apartment-parking-charge-chiarelli-1.4737052?cmp=rss,2018-07-09,en,cbc.ca,cbc.ca,2018,False
dece5b4c964a7e37c43ce0de27f81d5dd33bdc3c69038a75f60279ab23fadba8,Strata tries to pin $15K security camera bill on landlord — after catching tenant doing nothing,https://www.cbc.ca/news/canada/british-columbia/strata-15k-security-camera-bill-1.4895646?cmp=rss,2018-11-07,en,cbc.ca,cbc.ca,2018,False
9b7fe2a62128fc775af48d12db522d1154726dd0868cd18e35bdc610d5ee73a3,Striking tenants in Parkdale 'aren't intimidated' after landlord issues eviction notices,http://www.cbc.ca/news/canada/toronto/striking-tenants-in-parkdale-aren-t-intimidated-after-landlord-issues-eviction-notices-1.4535660?cmp=rss,2018-02-15,en,cbc.ca,cbc.ca,2018,False
666bd65573063e3ca1f9e5be1556c0638a5af062bef693370bf898988965b555,Struggling tenants are going on ‘rent strikes’ — and landlords are getting desperate,https://www.thestar.com/business/2020/04/28/struggling-tenants-are-going-on-rent-strikes-and-landlords-are-getting-desperate.html,2020-04-28,en,thestar.com,thestar.com,2020,False
303e3b7e484ab03b9537d80cc00523a42dbf54ebdb4e7470fecf9ce519922047,"Stuck in the cycle: Living in a subsidized hotel, family passed over by 200 landlords",https://www.thestar.com/news/hamilton-region/stuck-in-the-cycle-living-in-a-subsidized-hotel-family-passed-over-by-200-landlords/article_f9d0faed-1091-5987-b5ce-f0f00166f9e0.html,2023-06-16,en,thestar.com,thestar.com,2023,True
0802d49d7ccec36f25f95af2e126b3f95eb3d119338c5fa3574b501cb653f6c2,Students discouraged from taking construction delay complaints to landlord tenant board,http://www.cbc.ca/news/canada/kitchener-waterloo/landlord-tenant-board-wait-times-long-mpp-catherine-fife-thehub-accommod8u-1.4305042?cmp=rss,2019-01-30,en,cbc.ca,cbc.ca,2019,False
d05ccd77b8d21d727d1687f8f9c78dcf1dedd91ef94c0ec421d4ef6ef075cc3d,Sudbury business looks to make renting easier for landlords and tenants,http://www.cbc.ca/news/canada/sudbury/norcat-pitch-2018-easy-rent-1.4644901?cmp=rss,2018-05-02,en,cbc.ca,cbc.ca,2018,False
a9907ed56a972934a35b9ef2f7f360dff93b004649d15a87dfa3050e95a59907,"Sudbury health inspectors face confrontational landlords, mould reports show",http://www.cbc.ca/news/canada/sudbury/mould-complaints-sudbury-health-unit-1.3723400?cmp=rss,2016-08-16,en,cbc.ca,cbc.ca,2016,False
1360c1718db9b9a20bf7f5fde033fa8ef1d0b184df6a209c6fb1e20f84a7d908,Sudbury landlord breaks silence,https://northernontario.ctvnews.ca/video?clipId=2094085,2020-12-05,en,ctvnews.ca,ctvnews.ca,2020,True
cd829c300dda86392d0d39678c76d78b626b67ed1edfd3af98df969a97b6a202,Sudbury landlord rapes prospective tenant,http://www.nugget.ca/2018/04/25/sudbury-landlord-rapes-prospective-tenant-2,2018-04-25,en,nugget.ca,nugget.ca,2018,False
463ca5924142d1709b60774de518d77ec717f23a5bafb8a9096aca2af35f49e4,Sudbury landlords flipped burgers for a good cause,https://northernontario.ctvnews.ca/video?clipId=2247473,2021-07-23,en,ctvnews.ca,ctvnews.ca,2021,False
dac69062ede452764a4eb9c29dbeeb88e2e7fee56a7d0d2ee3f6e1b8fb2c3057,Sudbury landlords left out to dry after 145 laundry box coin thefts so far in 2018,https://www.cbc.ca/news/canada/sudbury/laundry-box-coin-thefts-1.4785924?cmp=rss,2018-08-15,en,cbc.ca,cbc.ca,2018,False
c2bbfd19d6c38b7650cac05673f624c5d2c9b08ee96311a34feca33995ac348f,Sudbury landlords protest tribunal delays,https://northernontario.ctvnews.ca/video?clipId=2064532,2020-10-27,en,ctvnews.ca,ctvnews.ca,2020,False
4a5ca0bd07e23df8eedbc157db4001c7441aa565369a11679742cbd4b742d3c1,"Sudbury news: Lengthy evictions process lead to pressure on landlords, lengthy housing waitlist",https://northernontario.ctvnews.ca/lengthy-evictions-process-lead-to-pressure-on-landlords-lengthy-housing-waitlist-in-sudbury-1.6395143,2023-05-11,en,ctvnews.ca,ctvnews.ca,2023,False
b1d2d03152fa3e94c4abfcb4fb3e27493677fe2d390db14062bf490375397bcb,"Suit launched against sheriff, landlord in California rampage",http://www.ctvnews.ca/world/suit-launched-against-sheriff-landlord-in-california-rampage-1.2262152,2015-03-03,en,ctvnews.ca,ctvnews.ca,2015,False
8d529d066061b9b7dfa38ffbfa6b4be464f9d109a55a83bad314e39bf32520a5,Summerside council considers making landlords pay unpaid tenants electric bills,http://www.cbc.ca/news/canada/prince-edward-island/summerside-council-landlords-pay-unpaid-electric-bill-1.3753618?cmp=rss,2016-09-08,en,cbc.ca,cbc.ca,2016,False
a075237bd5289fc4aabe3d3c23ece84350f4e97e87cf47fbdce7f354ffac3b97,Superior Court rules against landlords who appealed Windsor’s residential rental licensing bylaw,https://windsor.ctvnews.ca/superior-court-rules-against-landlords-who-appealed-windsor-s-residential-rental-licensing-bylaw-1.6824856,2024-03-27,en,ctvnews.ca,ctvnews.ca,2024,False
e40f51d9791307168f57a0b7bd6d5e6bfca309d8d43f860447cb0d5ab7455759,Supreme Court to hear case of Calgary men who beat landlord to death,https://calgaryherald.com/news/crime/supreme-court-to-hear-appeals-of-two-calgary-men-convicted-in-the-beating-death-of-their-landlord,2021-05-20,en,calgaryherald.com,calgaryherald.com,2021,False
26837e3b1ddbf9f25c88ed7e2cb4d9218522f0b4e4838f3618be19f40420e7ba,Supreme Court upholds manslaughter convictions of Calgary men in death of landlord,https://calgary.ctvnews.ca/supreme-court-upholds-manslaughter-convictions-of-calgary-men-in-death-of-landlord-1.6188208,2022-12-09,en,ctvnews.ca,ctvnews.ca,2022,True
d32ff7282f79f00a45144805ffbe471e9f6220b222f012ed520d9fff71aa1f50,Surge of complaints prompts Ontario ombudsman to investigate delays at Landlord and Tenant Board,https://www.thestar.com/news/gta/2020/01/09/ontario-ombudsman-launches-probe-of-landlord-and-tenant-board-delays.html,2020-01-09,en,thestar.com,thestar.com,2020,True
a062fdd9b172eb3952c123647d2da861002c076f7215b9b0eba9f14ff61edc8c,Surprise eviction: Cambridge family suddenly homeless after landlord loses property,https://kitchener.ctvnews.ca/surprise-eviction-cambridge-family-suddenly-homeless-after-landlord-loses-property-1.6821676,2024-03-25,en,ctvnews.ca,ctvnews.ca,2024,True
7724f7e3e97678aa46d81bb25157cec0c1cd8ce8083476fa80f0e855e58b78a1,"Surrey landlord must pay Aboriginal former tenant $23,300 for not letting her smudge",https://www.trailtimes.ca/news/surrey-landlord-must-pay-aboriginal-former-tenant-23300-for-not-letting-her-smudge/,2020-03-02,en,trailtimes.ca,trailtimes.ca,2020,False
57131badbafa38522dc726d2bff5e9bf9c73cbc4a1163bc6b1ea2a792fbb89e5,"Surrey landlord must pay Indigenous former tenant $23,300 for not letting her smudge",https://www.abbynews.com/news/surrey-landlord-must-pay-aboriginal-former-tenant-23300-for-not-letting-her-smudge/,2020-03-02,en,abbynews.com,abbynews.com,2020,True
9058649d79946c0ed2dcdd006dda60c276fe0c5628fb31bcb6e8545710767b11,Surrey landlords hit with $29.5K bill over eviction notice,https://www.abbynews.com/home2/surrey-landlords-hit-with-295k-bill-over-eviction-notice-7925839,2025-04-04,en,abbynews.com,abbynews.com,2025,False
d1cfca8c3474c655bcf0c1de85795179f4112182759440ac32ff8e30df715c54,Surrey tenant sues landlord over fence injury,https://www.bclocalnews.com/news/surrey-tenant-sues-landlord-over-fence-injury/,2018-11-05,en,bclocalnews.com,bclocalnews.com,2018,False
fa90e0e0a9bfb4e231ec738be074c02d117e2f8711f413f2f7a0925ad6f38755,Sydney farmers market locked out due to landlord dispute,https://atlantic.ctvnews.ca/cape-breton-farmers-market-locked-out-in-dispute-with-landlord-1.6878951,2024-05-08,en,ctvnews.ca,ctvnews.ca,2024,False
85d397afc49f03f8cb4df71ea067d5245a060b791246438eb8e8894c7b145203,Sydney Mines landlords on the hook to clean up squalid apartment,https://atlantic.ctvnews.ca/sydney-mines-landlords-on-the-hook-to-clean-up-squalid-apartment-1.4771374,2020-01-16,en,ctvnews.ca,ctvnews.ca,2020,False
9a122e829e73b63d597398617cc6194d0fc4dd1588c8ea8f3eeeeef4e5974937,Syrian refugee family turned down by at least 17 Hamilton landlords,http://www.cbc.ca/news/canada/hamilton/news/wesley-gets-money-to-help-hamilton-syrian-refugees-with-rent-1.3530082?cmp=rss,2016-04-11,en,cbc.ca,cbc.ca,2016,True
339fcb3175ad380dbe4e235ae6b59ce60bf05cb4d8d49636f7b7cd84edff6498,"System is broken, northern landlords say",https://northernontario.ctvnews.ca/video?clipId=2712887,2023-06-21,en,ctvnews.ca,ctvnews.ca,2023,False
a86727093193b6006b27d73af3a5c4a6501286fdc4a8b85c53d631c5b084f131,"Take commercial landlords 'out of the equation' for rent relief, says CFIB",http://www.timescolonist.com/take-commercial-landlords-out-of-the-equation-for-rent-relief-says-cfib-1.24177595,2020-07-28,en,timescolonist.com,timescolonist.com,2020,False
17a7f193aafc68e41c0fb038219d3a70a218c9cd383c6f6e912865c8390fcc55,Tamara Lovett trial: court hears landlord thought her son was faking illness,http://globalnews.ca/news/3100579/tamara-lovett-trial-friend-says-accused-was-a-nurturing-mother,2016-12-01,en,globalnews.ca,globalnews.ca,2016,False
7af5e6b014b69624856314dcc469e8722913558a39ca12add5667acfd061d995,Target and landlords in court battle over sale of leases,http://www.theglobeandmail.com/report-on-business/target-and-landlords-in-court-fight-over-sale-of-leases/article22876509/?cmpid=rss1,2015-02-09,en,theglobeandmail.com,theglobeandmail.com,2015,False
32d5e42fe60c44c2532290d99fe06e1ffd7975eec9a2571b89d7d650ff229446,"Target Canada gets OK to sell 11 stores back to landlords Ivanhoe Cambridge, Oxford Properties",http://www.cbc.ca/news/business/target-canada-gets-ok-to-sell-11-stores-back-to-landlords-ivanhoe-cambridge-oxford-properties-1.2983015?cmp=rss,2015-03-05,en,cbc.ca,cbc.ca,2015,False
2125e1639155cdee05c909dbb871120a7604922fc2a7f68900865ad5fee40d0a,Target Canada reaches deal with former landlords,http://www.ctvnews.ca/business/target-canada-reaches-deal-with-former-landlords-1.2804082,2016-03-04,en,ctvnews.ca,ctvnews.ca,2016,True
3001331f8d0146a6096c4806246baa47eac6677812bce84e077257493c2ddea5,Target Canada reaches deal with landlords to sell store leases,http://www.cbc.ca/news/business/target-canada-reaches-deal-with-landlords-to-sell-store-leases-1.2951857?cmp=rss,2015-02-10,en,cbc.ca,cbc.ca,2015,False
8a9164370ac212732928eb128bb7b13641e58dfa7aba8fe08dba779a21e06cf0,Target Canada reaches deal with landlords,http://www.brandonsun.com/business/breaking-news/target-canada-reaches-deal-with-former-landlords-as-it-nears-vote-on-plan-371072261.html,2016-03-04,en,brandonsun.com,brandonsun.com,2016,False
1a370c8be3e4b5b40ebc10ebb38048b5f5fbfe9181042f8c7743237f494fc7c8,Target Canada reaches deal with ruffled landlords,http://globalnews.ca/news/1822066/target-canada-reaches-deal-with-ruffled-landlords/,2015-02-10,en,globalnews.ca,globalnews.ca,2015,True
9bfe80fb1c20bc9904c9bbd67f106ee6d75e2cf3eca8ba7c1ce188a9d25b29c9,"Target Canada reaches settlement with creditors, landlords",http://www.thestar.com/business/2016/03/04/target-canada-reaches-settlement-with-creditors-landlords.html,2016-03-04,en,thestar.com,thestar.com,2016,False
5d5445a7739d712ae56f931308025c7b444e515c17d990f9a7edb7a8ef3cc557,Target Canada stops selling fixtures during liquidation due to landlord dispute,http://www.cbc.ca/news/business/target-canada-forced-to-halt-fixtures-sales-during-liquidation-1.2989139?cmp=rss,2015-03-10,en,cbc.ca,cbc.ca,2015,False
f712cd4eb38f7bde4b1a56f7bfaa502d7502b63e61fdba2c77308b39996955ea,Target Canada's closures will leaves landlords with vacant real estate,http://www.cbc.ca/news/business/target-canada-s-closures-will-leaves-landlords-with-vacant-real-estate-1.2913138?cmp=rss,2015-01-17,en,cbc.ca,cbc.ca,2015,False
6b5b5273185d0a2582a43e071f92e139894df5e99ff20b77f07ff9d093437399,"Target Canada, landlords reach compromise in sales process for leases",http://www.thestar.com/business/2015/02/10/target-canada-landlords-reach-compromise-in-sales-process-for-leases.html,2015-02-10,en,thestar.com,thestar.com,2015,False
450b7b9020e3c4538c3bffda8fcc1c3688c1facc5a0b59737f360c6c63a95679,"Target Canada, landlords reach deal to sell leases",http://www.ctvnews.ca/business/target-canada-landlords-reach-deal-to-sell-leases-1.2229365,2015-02-10,en,ctvnews.ca,ctvnews.ca,2015,False
d116f476a647f3bd0c6082de9c2cea4b66bac1bf7030e8f504ec8ff9d693a269,Target Canada’s liquidation sales worry landlords,http://www.theglobeandmail.com/report-on-business/target-canadas-liquidation-sales-worry-landlords/article22773585/?cmpid=rss1,2015-02-03,en,theglobeandmail.com,theglobeandmail.com,2015,False
4a58217dd932313f5e62fbd34d0a654c20315025a1abfbe5b7d86ad2e0c706cf,Target deal with landlords approved by court,http://www.thestar.com/business/2015/02/11/target-deal-with-landlords-approved-by-court.html,2015-02-11,en,thestar.com,thestar.com,2015,False
c22bb89d888fc354012aea860e627303ac9bc7f8621fb31a4e505bfc7151ae0a,Target reaches deal with landlord RioCan to get out of Canadian leases,http://www.cbc.ca/news/business/target-retail-riocan-landlord-1.3331449?cmp=rss,2015-03-23,en,cbc.ca,cbc.ca,2015,False
5a1c2097326b4e19dbcd026f862ecae12e1eddce1e14ccc98d2b0b4f0b98f469,"Target returning 55 leases to landlords, will auction rest next week",http://www.thestar.com/business/2015/05/01/target-returning-55-leases-to-landlords-will-auction-rest-next-week.html,2015-05-01,en,thestar.com,thestar.com,2015,False
029ffc54e906031afc75984e71e7c74a9df8aa4c59f263db57d83937d966df49,"Target to return 55 store leases to landlords, will auction remainder",http://www.theglobeandmail.com/report-on-business/international-business/us-business/target-to-return-55-store-leases-to-landlords-will-auction-remainder/article24196091/?cmpid=rss1,2015-04-30,en,theglobeandmail.com,theglobeandmail.com,2015,False
9a5557f0df676b5185e56a6599aa9ccdeea0417d30bdb00c554d5c216ac194b8,"Target's out, so who’s in? Retail landlords have space to fill",http://www.cbc.ca/news/business/target-canada-s-closure-leaves-landlords-with-vacant-real-estate-1.2913138?cmp=rss,2015-01-17,en,cbc.ca,cbc.ca,2015,False
00e5337cb6a6c651aa2e3049ce07c69470ee46b3f347a9b604a1e2a9fe012241,"Target, landlords reach deal in battle over sale of leases",http://www.theglobeandmail.com/report-on-business/target-landlords-reach-deal-in-battle-over-sale-of-leases/article22888751/?cmpid=rss1,2015-02-10,en,theglobeandmail.com,theglobeandmail.com,2015,False
3f0a95996f1741ab549f4d7428323c1cdcae6a412a5947751ce4d38c83c851d9,Target’s creditor plan squeezes landlords,http://www.theglobeandmail.com/report-on-business/targets-creditor-plan-squeezes-landlords/article27518731/?cmpid=rss1,2015-11-27,en,theglobeandmail.com,theglobeandmail.com,2015,False
9d31b9a92b2321d1bcd091ffc5e36a1de06e407b1bc4b14327e854ae5a41bb53,Task force report submitted to help renters and landlords in B.C.,http://www.timescolonist.com/task-force-report-submitted-to-help-renters-and-landlords-in-b-c-1.23533326,2018-12-12,en,timescolonist.com,timescolonist.com,2018,True
7ee3237e8fbd319057ef6b7b751b0b58c03d6dd1634fa57f9600be12113f716d,Ten ways to look good to a prospective landlord,http://www.theglobeandmail.com/report-on-business/small-business/sb-tools/top-tens/ten-ways-to-look-good-to-a-prospective-landlord/article24028514/?cmpid=rss1,2015-04-20,en,theglobeandmail.com,theglobeandmail.com,2015,False
f0ad2e26f2aad3232156f66090057265a1ac5dd27ee7f780640159c75ad4b239,Tenant abandoned dog to starve to death: N.B. landlord,http://atlantic.ctvnews.ca/tenant-abandoned-dog-to-starve-to-death-n-b-landlord-1.2196360,2015-01-19,en,ctvnews.ca,ctvnews.ca,2015,False
d9a81545c12ee9b6e4b4625532a222cd1815aa0681e2fba2796b4bf9b72a5342,Tenant advocate decries 'troubling' ruling that let landlord hike rent by 27 per cent,https://www.winnipegfreepress.com/canada/2024/08/15/tenant-advocate-decries-troubling-ruling-that-let-landlord-hike-rent-by-27-per-cent,2024-08-15,en,winnipegfreepress.com,winnipegfreepress.com,2024,True
efd3004492dbfeedc1ee5220ef00f9130fecb4e28d720af012445d7767dc4330,Tenant advocate decries ruling that let B.C. landlord hike rent 27% after rates rose,https://www.thestar.com/news/canada/british-columbia/tenant-advocate-decries-ruling-that-let-b-c-landlord-hike-rent-27-after-rates-rose/article_25a58656-f549-57a7-af30-f6f5255eb23b.html,2024-08-15,en,thestar.com,thestar.com,2024,True
ff369d4b16d69640c2382d1fb6328c2ae8e67b6e5ed9a4b112cdba1ef745a62c,Tenant advocate decries ruling that let B.C. landlord hike rent 27% after rates rose,https://www.timescolonist.com/the-mix/tenant-advocate-decries-ruling-that-let-bc-landlord-hike-rent-27-after-rates-rose-9358138,2024-08-16,en,timescolonist.com,timescolonist.com,2024,False
3450cc22c404aa3d19d6c213289fc3ba13627126094d292736c729695c3630c4,Tenant advocate decries ‘troubling’ ruling that let landlord hike rent by 27 per cent,https://www.thestar.com/news/canada/british-columbia/tenant-advocate-decries-troubling-ruling-that-let-landlord-hike-rent-by-27-per-cent/article_25a58656-f549-57a7-af30-f6f5255eb23b.html,2024-08-15,en,thestar.com,thestar.com,2024,True
cde90fef596a7713e824ffbd6758ea807f88a049fdb991dd60c2781b3e7a7717,Tenant advocates worry landlords given green light to inflate rents,https://www.theglobeandmail.com/real-estate/vancouver/article-tenant-advocates-worry-landlords-given-green-light-to-inflate-rents/,2024-09-13,en,theglobeandmail.com,theglobeandmail.com,2024,False
eac89b424a690685408003804a6449ff8ca55555ab0d03026940ad54c6329bb2,"Tenant advocates, landlords see little benefit to New Brunswick’s new residential tenancy rules",https://globalnews.ca/news/8493830/advocates-landlords-new-brunswick-residential-tenancy-rules/,2022-01-06,en,globalnews.ca,globalnews.ca,2022,False
f3cc4f175ea4c095d4901c0cbbccd0d0cfe22fb3ad1accb5afceaf902775aa19,Tenant and landlord groups react to renovictions crackdown,https://london.ctvnews.ca/london-s-plan-to-crackdown-on-renovictions-sparks-war-of-words-between-tenant-and-landlord-groups-1.6918263,2024-06-07,en,ctvnews.ca,ctvnews.ca,2024,False
2df142bc5c8d34cca329053a28a38f1485b4a1977df5454661e3afce42ff21fb,Tenant awakens to find drunk landlord snoring in bed beside him,https://nationalpost.com/news/canada/tenant-awakens-to-find-drunk-landlord-snoring-in-bed-beside-him,2022-01-24,en,nationalpost.com,nationalpost.com,2022,False
e1bd984dcb20274bfe9bca487e933ab1a952b282c235ad05a783a37310b8034e,Tenant awarded $22K after being evicted by B.C. landlord who didn't move in,https://bc.ctvnews.ca/tenant-awarded-22k-after-being-evicted-by-b-c-landlord-who-didn-t-move-in-1.5788159,2022-02-18,en,ctvnews.ca,ctvnews.ca,2022,False
739d14439efe30fe3952499a8c21d4a33c13e316e113a4bdfc973f30b55f49a0,Tenant awarded 20Gs in battle with landlord,http://www.torontosun.com/2017/07/05/tenant-awarded-20gs-in-battle-with-landlord,2017-07-05,en,torontosun.com,torontosun.com,2017,False
adfd6caa1f937d2bafa1063f5ec43c9e23b59a788cd859adb8dfb39dcad55d39,Tenant claims landlord discriminated against her for smudging,http://www.bclocalnews.com/news/tenant-claims-landlord-discriminated-against-her-for-smudging/,2018-09-06,en,bclocalnews.com,bclocalnews.com,2018,False
3519cc55af919c893206dd653e4879d5a73a6e479b0aa498fc645a4b249f7447,"Tenant feels violated after landlord took 162 pictures of her home without permission, put them on internet",http://www.cbc.ca/news/canada/saskatchewan/tenant-feels-violated-after-landlord-took-162-pictures-of-her-home-without-permission-put-them-on-internet-1.4625325?cmp=rss,2018-04-18,en,cbc.ca,cbc.ca,2018,False
c3af3654b1b9e464a011917d1b93ecc7084c05f1f6f28bc15cd3466607573f7e,Tenant group cries foul over private meeting with landlords,https://tj.news/telegraph-journal/101717356?ref=rss,2021-11-14,en,tj.news,tj.news,2021,False
9ffd49579ea7e8e3fec8d3cf078d944945191fa452f1da645905662341d0ca2f,Tenant in 'dissociative state' when he fatally stabbed Vancouver landlord: Lawyer,https://vancouversun.com/news/local-news/tenant-in-dissociative-state-when-he-fatally-stabbed-vancouver-landlord-lawyer,2019-04-11,en,vancouversun.com,vancouversun.com,2019,False
d3bb77a151b11dee10747d0c12944e1bc62ee8ce5d179c71faf1adffb6d654b2,"Tenant in Brandon apartment building says landlord isn't dealing with concerns about drugs, security",http://www.cbc.ca/news/canada/manitoba/nathan-enns-brandon-apartment-1.4475465?cmp=rss,2018-01-05,en,cbc.ca,cbc.ca,2018,False
7668e2f2cff61ec17bf810fa31050633d0e3a455cf422731c3efa5253dd0079d,Tenant of Regent Hotel issues letter to landlord and city demanding heat,http://vancouversun.com/news/local-news/deadline-set-for-massive-repairs-at-regent-hotel,2016-09-26,en,vancouversun.com,vancouversun.com,2016,False
5e77a19cbbb84d23b79b9091048329375962d449126ad43aabc07e1b4c5c577e,Tenant or landlord? What you need to know after the Fort McMurray wildfire,http://globalnews.ca/news/2698298/tenant-or-landlord-what-you-need-to-know-after-the-fort-mcmurray-wildfire,2016-05-12,en,globalnews.ca,globalnews.ca,2016,False
53305f6ab07e8ca182d46bd5916b2def0a3a94cc48edef61e9d68f01ea6a1491,Tenant pepper-sprays landlord in rent dispute: police,https://london.ctvnews.ca/tenant-pepper-sprays-landlord-in-rent-dispute-police-1.4536488,2019-08-04,en,ctvnews.ca,ctvnews.ca,2019,False
368463a41de98e731f00b141fe0066489ab3c53f3eda92eec8fb1316acb80346,"Tenant removed from Ontario apartment 4 years later, landlord says she owes $55,000",https://globalnews.ca/news/10954902/tenant-removed-brampton-ontario-apartment/,2025-01-13,en,globalnews.ca,globalnews.ca,2025,False
f3a7384777329d3bc2aab4a74e97938664e138426fbfcd0f5fa5e4b28f34a078,Tenant shoots himself while allegedly trying to scare landlord: Montreal police,https://montreal.ctvnews.ca/tenant-shoots-himself-while-allegedly-trying-to-scare-landlord-montreal-police-1.5493833,2021-07-02,en,ctvnews.ca,ctvnews.ca,2021,False
1ef7dca81f2e23970f2862d39965ce320284a6f2fdcd4ced81daa915ef9b5d33,Tenant strike expected to end after Toronto landlord decides not to double rent,https://toronto.ctvnews.ca/tenant-strike-expected-to-end-after-toronto-landlord-decides-not-to-double-rent-1.3859374,2018-03-26,en,ctvnews.ca,ctvnews.ca,2018,False
a6ece59d288223690a6fc369b3685e26293d9877539fb27393a711f7cb83018c,Tenant strike expected to end after Toronto landlord drops bid to raise rents,http://nationalpost.com/pmn/news-pmn/canada-news-pmn/tenant-strike-expected-to-end-after-toronto-landlord-drops-bid-to-raise-rents,2018-03-26,en,nationalpost.com,nationalpost.com,2018,True
1be4096c20b2549e8579179639cdeee2bd40c796aa4959cf9761de8a6a89bef6,Tenant sues landlords for $1 million after staircase fall,https://montreal.ctvnews.ca/tenant-sues-landlords-for-1-million-after-staircase-fall-1.4126856,2018-10-09,en,ctvnews.ca,ctvnews.ca,2018,False
c9b5ad184b7c7f0d58613aaaef4b7d7dfe1edfbedc4a41b5f0716f1edb894e18,Tenant told to pay landlord rent despite outstanding repairs,https://tj.news/telegraph-journal/102096512?ref=rss,2023-04-19,en,tj.news,tj.news,2023,False
fb9c283326977fafea4770be748a073798cf46c3e9485aaec941ceddc5219e2e,Tenant who fell down icy steps suing landlord for $1 million,https://www.ctvnews.ca/canada/tenant-who-fell-down-icy-steps-suing-landlord-for-1-million-1.4128241,2018-10-10,en,ctvnews.ca,ctvnews.ca,2018,False
393cc34ecf7a52c74e8838b7b1bb3f10c36ff1dc97797710c563fcbe81bb166e,Tenant with long history of abusing landlords found guilty of fraud,http://www.thestar.com/news/canada/2015/01/11/tenant_with_long_history_of_abusing_landlords_found_guilty_of_fraud.html,2015-01-11,en,thestar.com,thestar.com,2015,False
b40c47c5293fa8c149a5a8e53adafc7650a4c35393558663c46595a5b44ca947,"Tenant's son assaulted landlord who later brandished a firearm, Abbotsford Police say",https://www.bclocalnews.com/news/tenants-son-assaulted-landlord-who-later-brandished-a-firearm-abbotsford-police-say/,2018-05-12,en,bclocalnews.com,bclocalnews.com,2018,False
83d1aa679ebd96ad7ed39d8f53e16d9a28ba3f496c654d7d634ecb153d1a4da5,"Tenant, landlord disputes seeing ‘significant’ backlog at Ontario tribunal",https://globalnews.ca/news/8738378/landlord-tenant-board-evictions-backlog-pandemic/,2022-04-17,en,globalnews.ca,globalnews.ca,2022,False
5f3b4d8515bf25bb2c6a9488bb6d1abf86706cabeb3c595c146b25c6c2f2cf0f,Tenants accuse another landlord of bad heating during cold streak,https://montreal.ctvnews.ca/tenants-accuse-another-landlord-of-bad-heating-during-cold-streak-1.3748131,2018-01-05,en,ctvnews.ca,ctvnews.ca,2018,False
5b15922521e2cfaa7c96d2ce04bde01c98b5b3c9552d52b29eb70d71244dbb50,Tenants and landlords feel rental laws need to change to respect both parties' rights,https://montreal.ctvnews.ca/tenants-and-landlords-feel-rental-laws-need-to-change-to-respect-both-parties-rights-1.5352074,2021-03-18,en,ctvnews.ca,ctvnews.ca,2021,False
a8f3c616482723701b6f7fbb80ee003574202418ad047609a39c7762621e7794,Tenants and landlords in limbo as calls grow to fill adjudicator position,https://www.cbc.ca/news/canada/windsor/landlords-tenants-ontario-tribunals-adjudicators-paralegal-1.5489275?cmp=rss,2020-03-06,en,cbc.ca,cbc.ca,2020,False
79860eab0ad72700e81b5041e93b5fe0401e134ac9c291501fc306b3f371da77,Tenants and THC: pot legalization could allow landlords to alter leases,https://montreal.ctvnews.ca/tenants-and-thc-pot-legalization-could-allow-landlords-to-alter-leases-1.3987114,2018-06-24,en,ctvnews.ca,ctvnews.ca,2018,False
8478c512490854ea5cf9d6684b3815a9de3018963af706e2e7f4ab3cb7eeb576,"Tenants at 2 Toronto buildings say same landlord turned off heat, then tried to evict them",https://www.cbc.ca/news/canada/toronto/tenants-no-heat-eviction-1.5439556?cmp=rss,2020-01-24,en,cbc.ca,cbc.ca,2020,False
3815d3fe3299e817e92cff5d722ae64b9c6b3e524d2af014a1871e7d81edb6b7,Tenants at East York apartment building 'ecstatic' after landlord ditches air conditioning fees,http://www.cbc.ca/news/canada/toronto/east-york-apartment-air-conditioning-1.4234743?cmp=rss,2017-08-01,en,cbc.ca,cbc.ca,2017,False
0d8bae8e029b1298e8b38366dc734491d017020faa0a129b946220c9fc036e0e,"Tenants call for rent control, landlords call for end to lease transfers",https://montreal.ctvnews.ca/tenants-call-for-rent-control-landlords-call-for-end-to-lease-transfers-1.5874466,2022-04-24,en,ctvnews.ca,ctvnews.ca,2022,False
e5d169fde82ee6604f5a2e34719c53d3fb26cdb61c25a9ba442280c93d715e2d,"Tenants caught in a vice between landlord, government tax refund battle",http://www.cbc.ca/news/canada/new-brunswick/new-brunswick-tenants-rent-property-tax-1.4429712?cmp=rss,2017-12-02,en,cbc.ca,cbc.ca,2017,False
4f54d077fccbf945b6a48615694393a2eecba1082bacc134ff4d063a9d34379d,Tenants complain landlords are forcing them to remove window air conditioners,https://toronto.ctvnews.ca/tenants-complain-landlords-are-forcing-them-to-remove-window-air-conditioners-1.5465429,2021-06-10,en,ctvnews.ca,ctvnews.ca,2021,False
d1f4dc87070c98c85b5e33678527c4e7801eb2cebfabe0057dc4434d2e8f765f,Tenants demand answers from landlord in wake of fatal North York fire,https://www.cbc.ca/news/canada/toronto/gosford-boulevard-fatal-fire-tenants-rally-1.5388308?cmp=rss,2019-12-07,en,cbc.ca,cbc.ca,2019,False
b20330c67d901f8c88fd70831a61a6809e0b0432db97ecac13e1e0c0ab4ec689,"Tenants deplore living conditions in Chateauguay apartment, say landlord hasn't fixed leaking roof in 2 months",https://montreal.ctvnews.ca/tenants-deplore-living-conditions-in-chateauguay-apartment-say-landlord-hasn-t-fixed-leaking-roof-in-2-months-1.6053960,2022-09-02,en,ctvnews.ca,ctvnews.ca,2022,False
4bcb50e3d79cc2028cd6b451ba3042692219854b1bf93466d0d10fe2e548bd96,Tenants don’t have to foot unpaid tax bills for foreign landlords: minister,https://globalnews.ca/news/10503736/tenant-landlord-tax-rules-cra/,2024-05-17,en,globalnews.ca,globalnews.ca,2024,False
d5bb70c60a57479b5085730d3f7025b5aabd5c48a87ccdb2e62659adeb567b5c,Tenants face a new peril in heated fights with landlords: libel lawsuits,https://www.cbc.ca/news/canada/landlords-libel-lawsuits-tenants-1.7361387?cmp=rss,2024-10-23,en,cbc.ca,cbc.ca,2024,False
66e70e7a7133076731d67fd15cd3b64c79fe5022c4c817517f74c29d1e29775b,Tenants fighting eviction from Parkdale warehouse find out landlord lacks building permit,http://www.cbc.ca/news/canada/toronto/tenants-rent-landlord-development-apartments-parkdale-1.4527388?cmp=rss,2018-02-09,en,cbc.ca,cbc.ca,2018,False
404bc0774897e0b35fd5cb697e413c931e87704ae04f444a37a31abd763f7087,"Tenants from hell trashed Bay Bulls, N.L., home, landlord says",http://www.cbc.ca/news/canada/newfoundland-labrador/landlord-says-evicted-tenants-wrecked-and-robbed-her-bay-bulls-property-1.3122054?cmp=rss,2015-06-22,en,cbc.ca,cbc.ca,2015,False
2a04054e75f925e330ec958e739af09f0afab3ca655ce10430e339a8b60303cb,Tenants in Montreal borough want regulations to discourage landlords from 'renovicting',https://montreal.ctvnews.ca/tenants-in-montreal-borough-want-regulations-to-discourage-landlords-from-renovicting-1.5032439,2020-07-21,en,ctvnews.ca,ctvnews.ca,2020,False
e7df6a7d2c606bc425ba7a66d906e8744e5b1b398d22e13db7829e87af06e575,Tenants in Plateau claim 'unbearable' conditions and harassment by landlord,https://montreal.ctvnews.ca/tenants-in-plateau-claim-unbearable-conditions-and-harassment-by-landlord-1.4016951,2018-07-17,en,ctvnews.ca,ctvnews.ca,2018,False
7a038f40d7340ad905881128c4ab555eb4258f2561db7edc6803a78a8aee348b,Tenants in Toronto building say landlord issuing eviction notices during COVID-19,https://toronto.ctvnews.ca/tenants-in-toronto-building-say-landlord-issuing-eviction-notices-during-covid-19-1.4860031,2020-03-19,en,ctvnews.ca,ctvnews.ca,2020,True
5f2eaf3697a503257a6f80fc02939337bc2496c4a638b4d40a99de320d239191,Tenants in Toronto building say landlord still issuing eviction notices,http://www.kelownadailycourier.ca/news/national_news/article_77a91aad-a353-5d69-9166-f3dc964b5045.html,2020-03-19,en,kelownadailycourier.ca,kelownadailycourier.ca,2020,False
7cf9bf1cd3da6f87c88773cf03ca085c7e8633493784740e594b7db0ed003545,Tenants in Toronto fight fees by landlord,https://toronto.ctvnews.ca/toronto-tenants-successfully-fight-illegal-charges-landlord-attempted-to-impose-1.6488067,2023-07-20,en,ctvnews.ca,ctvnews.ca,2023,False
c7e67190b267d053592bd8645f54dbfcffa190a0d3b0107fdba8813b72a378c7,"Tenants lose home, city taking landlord to court over sewage-filled basement",https://windsorstar.com/news/local-news/tenants-lose-home-city-taking-landlord-to-court-over-sewage-filled-basement,2019-07-10,en,windsorstar.com,windsorstar.com,2019,False
c23cf17307b15d6da58b7929614705b21cd575165595eae6fd3dadf31b0e485c,Tenants may see new fees to cover rent cap gap: landlord,https://tj.news/greater-saint-john/101842641?ref=rss,2022-04-10,en,tj.news,tj.news,2022,False
a3dd7922d25d7c3cae90122a4cb17bfbc1540a635681dfc10b974fd981e8b2eb,Tenants need protection from predatory landlords,https://www.therecord.com/opinion/columnists/tenants-need-protection-from-predatory-landlords/article_0d3be5e7-cd58-5ddf-bc59-d93812739788.html,2025-10-22,en,therecord.com,therecord.com,2025,False
9e0f2e2267cd6f1a4930333a2ec37b2c6fdb6ae1e7bdf778f0432cb97b224b57,"Tenants of Brantford apartment building say unit infested with bugs, landlord not doing enough",https://kitchener.ctvnews.ca/tenants-of-brantford-apartment-building-say-unit-infested-with-bugs-landlord-not-doing-enough-1.5060105,2020-08-11,en,ctvnews.ca,ctvnews.ca,2020,False
263f6d6f0af72e9f1d1075ece3f5e056983a22860635810fbae7dfadb41dea99,Tenants of home hit by deadly arson grappling with homicide of landlords' baby,http://edmontonjournal.com/news/local-news/tenants-of-home-hit-by-deadly-arson-grappling-with-homicide-of-landlords-baby,2017-08-23,en,edmontonjournal.com,edmontonjournal.com,2017,False
37703c6780d2f4c49095a77df7a275082bc9062c3db34dcfff779400c04508ed,Tenants of Montreal building say new landlord wants to force them out,https://montreal.ctvnews.ca/tenants-in-downtown-montreal-say-new-landlord-wants-to-force-them-out-1.6871997,2024-05-03,en,ctvnews.ca,ctvnews.ca,2024,False
2d0678883dbd14143d2ea95687bd264cec56f41fba9be6237166e23a77ce072d,Tenants protest 'loophole' that allows landlords to break rent control caps,http://www.kelownadailycourier.ca/news/national_news/article_8e5e00b8-e998-54d2-b690-0dc968fbc620.html,2018-02-04,en,kelownadailycourier.ca,kelownadailycourier.ca,2018,True
777e5e1a0786ee180a2aac194d29072335bd89653cefd52907cbbfa7b004261f,Tenants protest charity-owned landlord,http://www.cbc.ca/radio/day6/is-this-charity-owned-landlord-an-international-gentrification-machine-1.3020919?cmp=rss,2015-04-03,en,cbc.ca,cbc.ca,2015,False
de5c56f99196ed7928b8d20cf71e300a0a241316de0a97e028df15b2fe2e7f3f,Tenants protest pressure tactics by new landlord at Maple Ridge apartment building,http://www.bclocalnews.com/news/tenants-protest-pressure-tactics-by-new-landlord-at-maple-ridge-apartment-building/,2021-01-20,en,bclocalnews.com,bclocalnews.com,2021,True
370b23f5112bcb27778f34e43ebea0851de9fb481c7a38cf58b2e11147e7ce66,Tenants protest ‘loophole’ that allows landlords to break rent control caps,http://nationalpost.com/pmn/news-pmn/canada-news-pmn/tenants-protest-loophole-that-allows-landlords-to-break-rent-control-caps,2018-02-04,en,nationalpost.com,nationalpost.com,2018,False
c65c3ab51c69ceb478cb2fbe2b48484b4e18ef4339eb640038b1f3f48c868a23,Tenants rally against Toronto landlord,http://www.torontosun.com/2015/03/23/tenant-rally-against-toronto-landlord,2015-03-23,en,torontosun.com,torontosun.com,2015,False
b7a745daccf3d55e52d041cb15151e7b216e003d2cbec1894833a732c75153a9,Tenants reach agreement with landlord after city closes flooded home,https://windsorstar.com/news/local-news/tenants-reach-agreement-with-landlord-after-city-closes-flooded-home,2019-12-05,en,windsorstar.com,windsorstar.com,2019,False
018eb9390802262d2520ea25fea6636116800d2c618ca46b270ab57a81fa97fa,Tenants say a 3-year ban on evictions kept them housed. Landlords say they're drowning in debt,https://www.winnipegfreepress.com/arts-and-life/life/2023/06/26/tenants-say-a-3-year-ban-on-evictions-kept-them-housed-landlords-say-theyre-drowning-in-debt,2023-06-26,en,winnipegfreepress.com,winnipegfreepress.com,2023,False
acbe3e3821a08fef18d9f1001bd1ae4866c51766306bb73a0987e960fd7a661b,Tenants say a 3-year ban on evictions kept them housed. Landlords say they’re drowning in debt,https://www.thestar.com/life/2023/06/26/tenants-say-a-3-year-ban-on-evictions-kept-them-housed-landlords-say-theyre-drowning-in-debt.html,2023-06-26,en,thestar.com,thestar.com,2023,False
0c5687aede04481c0ef043000349cfa1e299b5f41164cdee0008feb4f415ab44,Tenants say landlord communication lacking as bed bugs infest apartments,http://ottawacitizen.com/news/local-news/tenants-say-landlord-communication-lacking-as-bed-bugs-infest-apartments,2015-06-30,en,ottawacitizen.com,ottawacitizen.com,2015,False
bd5debc25819123034cef84f4fd2a51f03fb6fb163c8e1ee801ec5eb639fd6c3,Tenants say landlord refusing to repair flood-damaged apartment,http://www.cbc.ca/news/canada/windsor/renters-flood-repair-damage-dispute-1.3803142?cmp=rss,2016-10-13,en,cbc.ca,cbc.ca,2016,False
fa64eb0ece09504247a62877d2b6f26a8af87d384ab0bc737b861b2bb806a34d,Tenants struggle to get landlords to crank up the heat as mercury dives,http://montrealgazette.com/news/local-news/tenants-struggle-to-get-landlords-to-crank-up-the-heat-as-mercury-dives,2018-01-06,en,montrealgazette.com,montrealgazette.com,2018,False
27a440c1717e9bf6fbed9738dc67537a8f6dfbea2e07e3864a5a83621930de79,Tenants sue former landlords for allegedly putting irrigation water into their drinking source,https://www.cbc.ca/news/canada/calgary/irrigation-water-lawsuit-1.5274608?cmp=rss,2019-09-07,en,cbc.ca,cbc.ca,2019,False
70eed933f5151faeb9f0689f970f0ebcc18ed3d31c505b864b2bef0c2bea9c3e,Tenants take back power from landlords through strike action,https://rabble.ca/economy/tenants-take-back-power-from-landlords-through-strike-action/,2023-07-26,en,rabble.ca,rabble.ca,2023,False
9739034707d5affaf336397dcabe6ba2858b41d014e00e6bd9f6bc5a370dfd96,"Tenants with large corporate landlords more likely to face poor living conditions, survey suggests",https://www.ctvnews.ca/business/tenants-with-large-corporate-landlords-more-likely-to-face-poor-living-conditions-survey-suggests-1.5992030,2022-07-18,en,ctvnews.ca,ctvnews.ca,2022,False
aa3347cd824cdb6f9cefc15f9b9d5eabcf3dc45e37c26b04c475043bff2b3ad1,"Tenants without heat, hot water for weeks as landlord struggles with repairs at Toronto apartment building",https://www.cbc.ca/news/canada/toronto/tenants-no-heat-hot-water-1.7076245?cmp=rss,2024-01-05,en,cbc.ca,cbc.ca,2024,False
5adb7d9c1f63294d4174031ddbfc8d691d11bd6ba61faf41cc21cfd8a6fd6642,"Tenants won’t have to pay non-resident landlords’ taxes, Ottawa says",https://www.theglobeandmail.com/canada/article-tenants-wont-have-to-pay-non-resident-landlords-taxes-ottawa-says/,2024-05-18,en,theglobeandmail.com,theglobeandmail.com,2024,False
ff15c5af6e182dc25fe9b3894cc25a42b634e4787cf87e939d84141895cca01e,Tenants' groups want Quebec to make it harder for landlords to repossess their homes,https://montreal.ctvnews.ca/tenants-groups-ask-quebec-to-make-evictions-more-difficult-1.4216832,2018-12-13,en,ctvnews.ca,ctvnews.ca,2018,False
f086e257d5acfe050af875e1e2b7df922a756da65fecc26e0075b0b5a1234506,"Tenants' rights group claims lies behind many evictions, but landlords call study faulty",https://montreal.ctvnews.ca/tenants-rights-group-claims-lies-behind-many-evictions-but-landlords-call-study-faulty-1.5231412,2020-12-15,en,ctvnews.ca,ctvnews.ca,2020,False
f8db61d459e3754b5122f4538c65161543a64060f1a19c20a95cd12d56918197,"Tenants, landlord dead near Hamilton after dispute",https://toronto.ctvnews.ca/2-tenants-landlord-dead-after-dispute-in-residence-near-hamilton-1.6416439,2023-05-28,en,ctvnews.ca,ctvnews.ca,2023,True
c8060b333584a4b74cf283779d74cd0b7ec6d19a9bce15a1df2f41a0814efdb3,"Tenants, landlords ponder pandemic fallout of unpaid rent cheques April 1",https://www.intelligencer.ca/news/local-news/tenants-landlords-ponder-pandemic-fallout-of-unpaid-rent-cheques-april-1,2020-03-30,en,intelligencer.ca,intelligencer.ca,2020,False
4f575fa5fe9f934f5374dead502aeb1382a1c07e271d2f92865dfb3c289224a0,"Tenants, landlords slam budget's housing moves",https://tj.news/telegraph-journal/101827945?ref=rss,2022-03-22,en,tj.news,tj.news,2022,False
9112004dff0b4a2fd2bc6028c125ab4d21240dd5dd838b499775779bd8907709,"Tenants, landlords worried as rent comes due",https://www.winnipegfreepress.com/canada/residential-tenants-landlords-face-dilemma-as-rent-comes-due-on-april-1-569085162.html,2020-03-25,en,winnipegfreepress.com,winnipegfreepress.com,2020,True
2c26c76f7e623b17edc2c7fbd2bc8ee20691ea62c55c3bb0f177d6112ae96156,Tenants’ religious rights violated by Brampton landlord who refused to remove shoes,https://www.thestar.com/news/immigration/2017/05/02/tenants-religious-rights-violated-by-brampton-landlord-who-refused-to-remove-shoes.html,2017-05-02,en,thestar.com,thestar.com,2017,False
803ee4700098889c74543e38c8b12689c34ccd6837c7f28431b220826a15d217,"The 'why' is the haunting question,' says landlord of Winnipeg rooming house set ablaze",http://www.cbc.ca/news/canada/manitoba/austin-street-north-fire-homicide-1.3671411?cmp=rss,2016-07-07,en,cbc.ca,cbc.ca,2016,False
5b4845b6a38e51f0e763b22dc792f1b5f4a9375404f7d8af2c2f2d28cbc20497,The Big Debate: Can landlords afford to forgive rent during the pandemic?,https://www.thestar.com/opinion/contributors/thebigdebate/2020/04/28/the-big-debate-can-landlords-afford-to-forgive-rent-during-the-pandemic.html,2020-04-28,en,thestar.com,thestar.com,2020,False
7242028eb96e4fcce7d6bf6b9dc35a78c3fbada2d7dd2832071453ec983e9757,"The bomb maker, the landlord, the cipher: Who lives, dies in attacks gives clues about terror cells",http://www.thestar.com/news/world/2016/03/27/the-bomb-maker-the-landlord-the-cipher-who-lives-dies-in-attacks-gives-clues-about-terror-cells.html,2016-03-27,en,thestar.com,thestar.com,2016,False
93b3e67c5d83dd2cd5568fc38d120f6833fb891a75bf11f1dbda436f810130b1,The Decent Home Standard promises to force landlords to make homes safer – but it will only work with enforcement,http://theconversation.com/the-decent-home-standard-promises-to-force-landlords-to-make-homes-safer-but-it-will-only-work-with-enforcement-176961,2022-02-22,en,theconversation.com,theconversation.com,2022,False
b8d49cefe3cd488176b23356c8706b7fbbec831f9687906141001bf0cc7a98b9,The Great Rental Reset: Are Prices Finally Cooling? Landlords and Renters Weigh In,https://www.cbj.ca/the-great-rental-reset-are-prices-finally-cooling-landlords-and-renters-weigh-in-2025-liv-rent-rental-market-trend-report/,2024-08-05,en,cbj.ca,cbj.ca,2024,False
60a9607f80b2813c0c501059fe719968b780c92a9f4a0771001e3eda52c08b6a,The Great Rental Reset: Are Prices Finally Cooling? Landlords and Renters Weigh In,https://www.thespec.com/globenewswire/the-great-rental-reset-are-prices-finally-cooling-landlords-and-renters-weigh-in-2025-liv/article_a81bd152-d38e-5243-8416-0e48441392b2.html,2025-02-18,en,thespec.com,thespec.com,2025,True
37de6dbf1c62c701eb1e74fd6349d6abc4b52f4dabbc6309f3142296babcec0e,The iPro scandal continues + Canada’s largest private landlord gets exposed,https://www.thestar.com/news/morning-digest/the-ipro-scandal-continues-canadas-largest-private-landlord-gets-exposed/article_7e8e0f53-3f9c-4759-a0ff-9097a345106e.html,2025-08-29,en,thestar.com,thestar.com,2025,False
aac3a67c6f990eaf1acf57b061628a0b8e1732561596a591cfab362ef7169d41,The kids seeing the world before going blind + delays at the Landlord and Tenant Board,https://www.thestar.com/news/morning-digest/2023/05/05/the-kids-seeing-the-world-before-going-blind-delays-at-the-landlord-and-tenant-board.html,2023-05-05,en,thestar.com,thestar.com,2023,False
a0fb06919eeeba494d3bc9295dfbfd264cf868ad7cf0866fc182f49b94ee0507,The Landlord and Tenant Board must resume in-person hearings,https://www.thestar.com/opinion/contributors/2022/04/11/the-landlord-and-tenant-board-must-resume-in-person-hearings.html,2022-04-11,en,thestar.com,thestar.com,2022,False
46397a3565d7619171a4a8ce40252e1289b5e5fb27a6d4fab48eadf2302f1764,The Latest: La. landlords sue over CDC eviction moratorium,https://www.nationalnewswatch.com/2020/11/16/the-latest-johnson-johnson-starts-two-dose-vaccine-trial/,2020-11-16,en,nationalnewswatch.com,nationalnewswatch.com,2020,False
f7284f94e8d1a0d51e38b710e5d43eb1534ed19090b9d5978c071c587e957cbc,The Latest: Landlord evicts Little Rock club after shooting,http://lethbridgeherald.com/news/world-news/2017/07/01/the-latest-landlord-evicts-little-rock-club-after-shooting/,2017-07-01,en,lethbridgeherald.com,lethbridgeherald.com,2017,False
c6fd6e173fe64d7fb6f11e53a24954d42ec6c22bf7f9a60c20bab8cc6d82bb9c,The Mile-End bookstore facing closure will remain open after landlord 'had a change of heart': owner,https://montreal.ctvnews.ca/the-mile-end-bookstore-facing-closure-will-remain-open-after-landlord-had-a-change-of-heart-owner-1.5338393,2021-03-08,en,ctvnews.ca,ctvnews.ca,2021,False
77e9f702dc5d883dcc806e0e0ceb59b9d9997d47d3b82f304a557c8d9a8a3f67,"The plan for landlords: housing is Montreal's top election issue, so what's in the platforms?",https://montreal.ctvnews.ca/the-plan-for-landlords-housing-is-montreal-s-top-election-issue-so-what-s-in-the-platforms-1.5651058,2021-11-03,en,ctvnews.ca,ctvnews.ca,2021,False
3d5c2bd1067c4ba57d56d60eac0c5fdbd154f2598e2ce97c663cec7917d72354,The problem with absentee landlords in Trail,https://www.trailtimes.ca/opinion/the-problem-with-absentee-landlords-in-trail/,2022-03-24,en,trailtimes.ca,trailtimes.ca,2022,False
63cae28ea506319b70636ba80f68d4f6ab7a16561bed2568d1fce32c5f3c499c,The problem with Toronto City Hall as landlord,http://www.theglobeandmail.com/news/toronto/the-problem-with-toronto-city-hall-as-landlord/article34853197/?cmpid=rss1,2017-04-28,en,theglobeandmail.com,theglobeandmail.com,2017,False
b8416264a93674d4f3845909b71b59e0fc9b2ad14b0c72618178d0afbd40edeb,"The Record today: A smooth pregnancy, a perfect delivery, then tragedy + Tenant feared he was poisoned by landlord",https://www.therecord.com/news/waterloo-region/the-record-today-a-smooth-pregnancy-a-perfect-delivery-then-tragedy-tenant-feared-he-was/article_5373b743-5fec-5b70-9a1f-e75b1de5be4d.html,2024-11-07,en,therecord.com,therecord.com,2024,False
3bf66eb381925659e16cb2e1f36967c6f23c3df5b6cf9c01b4563e9ba4045a6f,The Record today: Landlord claims tenant caused $30K damage + Kitchener Centre’s new MP,https://www.therecord.com/news/waterloo-region/the-record-today-landlord-claims-tenant-caused-30k-damage-kitchener-centres-new-mp/article_697cfd37-b26b-51e1-a9a0-ad7888ec4445.html,2025-05-01,en,therecord.com,therecord.com,2025,False
30845a1034cfdfafa6ead432073db22579c398b7dc909b4a004d78a836e1e99b,The Record today: Shelter and CTS site close + Waterloo residents facing renovictions by new landlord,https://www.therecord.com/news/waterloo-region/the-record-today-shelter-and-cts-site-close-waterloo-residents-facing-renovictions-by-new-landlord/article_4c1bef3a-31c9-5f8e-95b6-37f747ba4da3.html,2025-03-31,en,therecord.com,therecord.com,2025,False
8f76c8295d6a227bc9d78b595284e1cc094f3f5dec9d16f59ab4eecb3739b69c,The right to know? Balancing health risks and privacy rights for landlords during COVID-19,https://rabble.ca/columnists/2020/05/right-know-balancing-health-risks-and-privacy-rights-landlords-during-covid-19,2020-05-28,en,rabble.ca,rabble.ca,2020,False
09c378c63b7eccfc6b91e0fa495610e3dc26493ee9b9fecd3c67c2feb15d0a9e,The rise of corporate landlords: how they are swallowing city centres like Manchester one block of flats at a time,https://theconversation.com/the-rise-of-corporate-landlords-how-they-are-swallowing-city-centres-like-manchester-one-block-of-flats-at-a-time-198804,2023-02-01,en,theconversation.com,theconversation.com,2023,False
151166a6e03d3b150f9fd290d623a9e9143f6c299c8ee8f44e3e4088cb2935df,"The system that looks after disputes between landlords and their tenants, suspended in the age of COVID-19.",https://globalnews.ca/video/6860272/the-system-that-looks-after-disputes-between-landlords-and-their-tenants-suspended-in-the-age-of-covid-19/,2020-04-23,en,globalnews.ca,globalnews.ca,2020,False
44e37c0f53e796389aac5f50c115419a93e83742e0765a031baf7355db884024,The tedious task of taking a corporate landlord to court,https://www.thespec.com/news/canada/the-tedious-task-of-taking-a-corporate-landlord-to-court/article_5805e121-97af-55c1-a0d2-920d97db9d8d.html,2025-02-25,en,thespec.com,thespec.com,2025,True
bf1216f0def03701838c2458162b92a4714aa8ec076295ad709ac9331c12895e,The United People of Canada files documents in eviction dispute with St. Brigid's landlord,https://ottawacitizen.com/news/local-news/embassy-group-at-st-brigids-church,2022-09-15,en,ottawacitizen.com,ottawacitizen.com,2022,False
e9ad48e11ea0adbd43257795cb10ad2c96edb4cebe4e90a8520dbb0eaf066a15,"The United People of Canada missed $100,000 in payments required to buy Ottawa church: landlord",https://ottawa.ctvnews.ca/the-united-people-of-canada-missed-100-000-in-payments-required-to-buy-ottawa-church-landlord-1.6044150,2022-08-26,en,ctvnews.ca,ctvnews.ca,2022,False
724639637145f6a2990e6e6b883f704139ded6f8620e8f4fc97940fac607b7ce,"The word ‘landlord’ is too negative, one B.C. councillor says",https://www.trailtimes.ca/news/the-word-landlord-is-too-negative-one-b-c-councillor-says/,2020-01-23,en,trailtimes.ca,trailtimes.ca,2020,True
32e4d7e49131b46a5be31db689ab9fc8f3b9d031222a68a71ffe1aa9a2abc2e7,Theresa May's failing hostile environment: immigration checks by landlords breach human rights,http://theconversation.com/theresa-mays-failing-hostile-environment-immigration-checks-by-landlords-breach-human-rights-112820,2019-03-06,en,theconversation.com,theconversation.com,2019,False
144193452a97ddcc3f06489579d550c91c90b660be9b5d87516766b95188b32b,"These Châteauguay, Que., tenants say their landlord is cashing in by pushing them out",https://www.cbc.ca/news/canada/montreal/rabi-chateauguay-tenants-building-tal-1.7534595?cmp=rss,2025-05-15,en,cbc.ca,cbc.ca,2025,False
bbb2ea8af796fdc6459528397cdc80c36d483324086e07b0ab128f6bb96d4e09,These Ottawa landlords say they've fallen victim to the same 'professional' tenants,https://www.cbc.ca/news/canada/ottawa/landlords-accuse-tenants-of-being-professional-1.7401499?cmp=rss,2024-12-04,en,cbc.ca,cbc.ca,2024,False
f07d7cfbb5e34abd81ecb6161e47372eb23b1661d433bbcc3e4e7f4051f6e0ba,These Park-Ex tenants are taking on their landlord over large rent increases,https://montreal.ctvnews.ca/these-park-ex-tenants-are-taking-on-their-landlord-over-large-rent-increases-1.5132675,2020-10-04,en,ctvnews.ca,ctvnews.ca,2020,False
da31d883e22cea90b9b0d60a97bc082cb4b88294a2e9b0944e35fc67f5a5fe01,These single moms say landlords won't rent to them because they have kids — even though that's illegal,https://www.cbc.ca/news/canada/nova-scotia/single-mothers-rental-housing-kids-discrimination-1.7142297?cmp=rss,2024-03-13,en,cbc.ca,cbc.ca,2024,False
4e3a3930556bb74e6d340d7ad25d6ca98a85688e36e08132cad7894271bed1d8,"These tenants were asked to leave their $1,000 a month apartments during COVID-19 to make way for renovations. Then the landlord changed plans",https://www.thestar.com/news/gta/2020/11/20/these-tenants-were-asked-to-leave-their-1000-a-month-apartments-during-covid-19-to-make-way-for-renovations-then-the-landlord-changed-plans.html,2020-11-20,en,thestar.com,thestar.com,2020,False
defc44a01f1a62e7b6e8df46233b8c64c63d532835a65c5b188d549616f0ec3c,"These Toronto tenants have been paying $1,000 a month for a two-bedroom apartment. They’ve been asked to leave during COVID-19 so the landlord can renovate",https://www.thestar.com/news/gta/2020/11/03/these-toronto-tenants-have-been-paying-1000-a-month-for-a-two-bedroom-apartment-theyve-been-asked-to-leave-during-covid-19-so-the-landlord-can-renovate.html,2020-11-03,en,thestar.com,thestar.com,2020,False
2cea01525d529cd1f0102a0c0e3342b676397be38bd6e767f362e7cfe10c79d6,They can get away with a lot': Council committee votes to crack down on bad Toronto landlords,http://www.cbc.ca/news/canada/toronto/city-landlord-rules-1.3588745?cmp=rss,2016-05-19,en,cbc.ca,cbc.ca,2016,False
3b8670bd3cb3c7968d64e0b6f7b20e0369c00b97456483b6609bc0bc32307e28,"They were homeless': One landlord, one apartment, multiple renters = 13 fraud charges",http://www.cbc.ca/news/canada/edmonton/they-were-homeless-st-albert-landlord-charged-with-13-counts-of-rental-fraud-1.3713543?cmp=rss,2016-08-09,en,cbc.ca,cbc.ca,2016,False
922035acf8d8fc355127c37d507969b373bb680630891bce48ac53388378b78d,This apartment building needed new balcony railings. So the landlord put in solar panels,https://www.thestar.com/real-estate/this-apartment-building-needed-new-balcony-railings-so-the-landlord-put-in-solar-panels/article_3dadd012-3327-11ef-92a6-9fd197b72ef9.html,2024-08-06,en,thestar.com,thestar.com,2024,False
866606a937af97fb01f4acd6e2480a061a6f2a96c1260f63293adf4c668cede6,This Kensington Market tenant gets to stay in his unit after fighting his landlord for almost 2 years,http://www.cbc.ca/news/canada/toronto/kensington-market-tenants-win-right-to-stay-in-unit-1.4554669?cmp=rss,2018-02-27,en,cbc.ca,cbc.ca,2018,False
8dd60b26576f02dfe084f7b07d755cdb5c561a7a9d8783b40013dc7baef6eb80,This N.B. landlord says she’s seeing unexplained spikes in property power bills,https://globalnews.ca/news/11106419/nb-power-high-bill-complaint/,2025-04-01,en,globalnews.ca,globalnews.ca,2025,False
d2ac7491aa6df2f1e920087d680773ea6fb22b889d2031a99b9d8916489c88ed,This N.S. landlord is out thousands from one tenant — and he's not alone,https://www.cbc.ca/news/canada/nova-scotia/nova-scotia-landlord-tenant-not-paying-rent-1.5306436?cmp=rss,2019-10-03,en,cbc.ca,cbc.ca,2019,False
d49b2a2a54336280bf3126c1565f49b24bf29d7cc54baa0893dc4da271fb25bc,This Ontario mom feared being homeless after abusive ex jailed. Here's how she won her case against landlord,https://www.cbc.ca/news/canada/london/she-feared-she-d-be-homeless-after-abusive-ex-was-jailed-here-s-how-she-won-her-eviction-case-1.7452229?cmp=rss,2025-02-06,en,cbc.ca,cbc.ca,2025,False
13131b4916dd80acf8ff45793dfa3c35308510d2da7c487bbddc45d20e97f1b3,This Parkdale legal clinic has helped tenants fight landlords for nearly 50 years. Now it’s the one being evicted,https://www.thestar.com/news/gta/2018/12/07/this-parkdale-legal-clinic-has-helped-tenants-fight-landlords-for-nearly-50-years-now-its-the-one-being-evicted.html,2018-12-07,en,thestar.com,thestar.com,2018,False
796bfbc2dbfe47cf94891dd4bee2e53d85b959e31d71bbca1b16b675273a743c,This retailer wants to replace the Hudson’s Bay at Yorkdale mall. But the landlord says it’s too ‘downmarket’,https://www.thestar.com/business/this-retailer-wants-to-replace-the-hudsons-bay-at-yorkdale-mall-but-the-landlord-says/article_681e94ad-3eca-413c-a02b-1c3edf369fdb.html,2025-11-18,en,thestar.com,thestar.com,2025,False
301f69133120a0eb664e65e6a96d2fae45791354f5582f0b91bd2dd9bc5870b9,"This tenant negotiated a $200 rent reduction with her landlord. Here’s how you can do it, too",https://www.thestar.com/business/personal-finance/this-tenant-negotiated-a-200-rent-reduction-with-her-landlord-heres-how-you-can-do/article_c5723628-acf8-11ef-b91c-bf6ff8fe8d2b.html,2024-12-23,en,thestar.com,thestar.com,2024,True
d84fd476175a602fa5bfc76f382175d741b98035e0b787e136d57639c4bdefc6,This tenant won $16K from her landlord. She worries she may never get it,https://www.cbc.ca/news/canada/windsor/landlord-tenant-board-decision-windsor-1.7126170?cmp=rss,2024-02-27,en,cbc.ca,cbc.ca,2024,False
4aa94cb4ef38b32fea08d107d6c10915b134ae8b40c8f1aad874e6e336cbc67d,This tenant's landlord is demanding she pay for air conditioning,http://www.cbc.ca/news/canada/toronto/air-conditioning-fees-1.4231001?cmp=rss,2017-08-01,en,cbc.ca,cbc.ca,2017,False
3d4a155ef177f55e97cdabf04a8922cde270e2bf502aa1be637c48d005c6bc3b,This Toronto house was divided by landlord into 15 separate units,https://toronto.ctvnews.ca/this-toronto-house-was-divided-by-landlord-into-15-separate-units-1.5969669,2022-06-30,en,ctvnews.ca,ctvnews.ca,2022,False
e467565e967c7682382d2cbccd14bc002ad06207066aa0e8487cbc7d28e8ec8c,Thousands of Ontario renters brace for evictions as Landlord and Tenant Board reopens Tuesday,https://globalnews.ca/news/7248823/ontario-landlord-tenant-board-reopens-evictions/,2020-08-04,en,globalnews.ca,globalnews.ca,2020,False
3df61cae42305991361e85565d616015ef25df049ca14599de0678c84387c1e7,Thousands of Vancouver landlords moving from Airbnb-type rentals to long-term tenants,https://bc.ctvnews.ca/thousands-of-vancouver-landlords-moving-from-airbnb-type-rentals-to-long-term-tenants-1.5386116,2021-04-13,en,ctvnews.ca,ctvnews.ca,2021,False
3dcd2a3739a9da2c069325a6d1051926650f112fcd1d8a57084fdde910694c89,Three Toronto renters affected by COVID-19 ‘surprised’ to get relief from landlord,https://www.thestar.com/news/gta/2020/03/27/three-toronto-renters-affected-by-covid-19-surprised-to-get-relief-from-landlord.html,2020-03-27,en,thestar.com,thestar.com,2020,False
e3845924fb6274ef4c8cd6a60d159e64981729669e3149d7985085941e41e28e,Thunder Bay landlord at 'wits' end' over $11K in unpaid rent calls for urgent Landord and Tenant Board changes,https://www.cbc.ca/news/canada/thunder-bay/thunder-bay-landlord-ltb-backlog-1.7171069?cmp=rss,2024-04-11,en,cbc.ca,cbc.ca,2024,False
7807d3b028855fd08020d70f3f0661e47cd976f9d5bf759eef23a96df13dae1b,"Tighten rules for tenants, former Thunder Bay landlord says",http://www.cbc.ca/news/canada/thunder-bay/tighten-rules-for-tenants-former-thunder-bay-landlord-says-1.2485937?cmp=rss,2015-09-10,en,cbc.ca,cbc.ca,2015,False
fc409a288264bf7f83bd0b7299ad1dc2eadb90ed6e168cbe22fb2ddce10f4dd4,Timing 'unclear' on eviction order as St. Brigid's landlord waits on courts,https://ottawacitizen.com/news/timing-unclear-on-eviction-order-as-st-brigids-landlord-waits-on-courts,2022-08-25,en,ottawacitizen.com,ottawacitizen.com,2022,False
9430898918c77e8b65c558b8c48cefbb3be396feaa5d8dde3513bc25f8f989c2,"Tired of ‘bad’ landlords putting tenants at risk, Mississauga wants power to inspect buildings",https://www.thestar.com/news/canada/2020/10/06/tired-of-bad-landlords-putting-tenants-at-risk-mississauga-wants-power-to-inspect-buildings.html,2020-10-06,en,thestar.com,thestar.com,2020,False
f6b4917d66eb3f3ca0630d18c27fde9d381f68dd3479210c2764ecaaa07daf52,"To landlords, please apply: PM on rent relief",https://www.ctvnews.ca/video?clipId=1964855,2020-05-25,en,ctvnews.ca,ctvnews.ca,2020,False
ad08025006968fa57863e05563837d9f6872f7aa29d77cbe8172a9d03beb6d81,TODAY'S LETTERS: Landlords can also be a nightmare,https://www.nugget.ca/opinion/letters/todays-letters-landlords-can-also-be-a-nightmare,2018-12-06,en,nugget.ca,nugget.ca,2018,False
685a19117ee337e2d9fe303b1c305bb87ceb1a4ac6a4f61d0d68ef46d9c0cbc4,Today's letters: Landlords need protection too,https://ottawacitizen.com/opinion/letters/todays-letters-landlords-need-protection-too,2019-11-25,en,ottawacitizen.com,ottawacitizen.com,2019,False
9c97d042e40c00cea5241b0f08042191e04db7b56867e042d8c2ed5553ca015b,Top Hamilton headlines this week: Cop quits just before disciplinary hearing + Realtor charged in heated landlord-tenant dispute,https://www.thespec.com/news/hamilton-region/top-hamilton-headlines-this-week-cop-quits-just-before-disciplinary-hearing-realtor-charged-in-heated/article_caf7f8ef-39e8-560e-9e9d-a844ab129577.html,2024-09-28,en,thespec.com,thespec.com,2024,False
f341bbb3fac4413a4625ac3a11c416353ee54185b104f2ebafbe259a0dacbec8,Top Hamilton headlines this week: Landlord fined for violating tenants’ right of return + Jury no-shows hauled before judge,https://www.thespec.com/news/hamilton-region/top-hamilton-headlines-this-week-landlord-fined-for-violating-tenants-right-of-return-jury-no/article_4899d3e6-8c7d-5e21-b874-dc65bc2f7cf3.html,2025-05-24,en,thespec.com,thespec.com,2025,False
a110c38b9b8c8fd683dcd6f74e35eeac3d7e4ff5214b79e8a896e0ba005c9546,Toronto brewery wins case against landlord who hosted rave without telling them,https://globalnews.ca/news/9727652/bellwoods-brewery-dupont-street-new-location-legal-decision/,2023-05-28,en,globalnews.ca,globalnews.ca,2023,False
aa53485a4a32b9d6af55b8bb6d4dc017a271f5ccf1d9521298e0eb0f513b4a03,"Toronto city council beefs up requirements for landlords, but some tenants are skeptical",https://www.cbc.ca/news/canada/toronto/city-council-beefs-up-rentsafe-program-new-protection-measures-renters-1.5376212?cmp=rss,2019-11-28,en,cbc.ca,cbc.ca,2019,True
b1e6ead70f9dd9b14cb686606609dc59003b3149f5796da45f439e88514e67ca,Toronto considers apartment licensing to crack down on bad landlords,http://www.thestar.com/news/gta/2016/04/09/toronto-considers-apartment-licensing-to-crack-down-on-bad-landlords.html,2016-04-09,en,thestar.com,thestar.com,2016,False
ee04085a9bd5c7c92247fd187a667f363476c4018e3b176a4bf436198cb19693,Toronto council votes to look into a plan to license the city's biggest landlords,http://www.cbc.ca/news/canada/toronto/toronto-council-takes-a-step-toward-licensing-landlords-1.3623476?cmp=rss,2016-06-17,en,cbc.ca,cbc.ca,2016,False
c6d57ed4d50eaeb41f072ea1f8493330b715bc2b3776759dde62b7b49a289527,"Toronto Fire ordered their landlords to comply with the fire code. Now, these tenants fear losing their affordable rentals for good",https://www.thestar.com/news/gta/toronto-fire-ordered-their-landlords-to-comply-with-the-fire-code-now-these-tenants-fear/article_e89613fa-f9f5-11ef-8904-6f8285aa5cb4.html,2025-05-20,en,thestar.com,thestar.com,2025,False
e16319a7edda7343563188e114ae16da7c692af861d3b6e82fc166d4420482b8,Toronto landlord abandons bid to raise rents,http://www.thewhig.com/2018/03/27/toronto-landlord-abandons-bid-to-raise-rents-for-striking-tenants,2018-03-27,en,thewhig.com,thewhig.com,2018,True
b46f6eaa38fadb8585c3657871d48eed93d19b86b3b0418b2ba6d12d4c7079f5,"Toronto landlord claims 'professional' tenant stopped paying rent, owes her $13,000",https://toronto.ctvnews.ca/toronto-landlord-claims-professional-tenant-stopped-paying-rent-owes-her-13-000-1.6126875,2022-10-26,en,ctvnews.ca,ctvnews.ca,2022,False
343713850ad812270b3cf2cabba487777aa91fab10cdcbf48b4e1cdcde4a279b,Toronto landlord drops bid to raise rents for striking tenants,http://torontosun.com/news/local-news/toronto-landlord-drops-bid-to-raise-rents-for-striking-tenants,2018-03-27,en,torontosun.com,torontosun.com,2018,False
ce021bf50ff868d33de8533eb2b4effea4f71d626513baed15192254404487cf,Toronto landlord fined $75k in fatal fire at illegal rooming house,http://globalnews.ca/news/2185982/toronto-landlord-fined-75k-in-fatal-fire-at-illegal-rooming-house/,2015-08-26,en,globalnews.ca,globalnews.ca,2015,False
4d866671233334f6d9ce343a7fddf1eaf0cd680c0ee0a9e3185e71c6b98b2df7,"Toronto landlord owes man with disabilities, daughter $60K after 'campaign' of harassment",https://www.cbc.ca/news/canada/toronto/toronto-landlord-owes-man-with-disabilities-daughter-60k-after-campaign-of-harassment-1.4988938?cmp=rss,2019-01-23,en,cbc.ca,cbc.ca,2019,False
55510703d4055871f388bd1968eaaab76aa8dc91acf795e38f48c00d3b300428,"Toronto landlords must be flexible right now, Tory says",https://toronto.ctvnews.ca/toronto-landlords-must-be-flexible-right-now-tory-says-1.4867313,2020-03-25,en,ctvnews.ca,ctvnews.ca,2020,False
4c5523e81248b5c87f3c246606765d97289134b5e10c8e346290970046528497,Toronto landlords who evict tenants to renovate may need renovation licence,https://toronto.ctvnews.ca/toronto-landlords-who-evict-tenants-to-renovate-could-require-renovation-licence-as-early-as-next-summer-1.7084211,2024-10-23,en,ctvnews.ca,ctvnews.ca,2024,False
950c903700632fa415e67ee4f6cf499b034d07d349f38658d0b00e3dcbebd784,Toronto landlords will have to post inspection results outside their buildings,http://www.cbc.ca/news/canada/toronto/new-rules-landlords-1.3897282?cmp=rss,2016-02-17,en,cbc.ca,cbc.ca,2016,False
1001c839bd1c5a136ae8640f733bd34a3bb28bd43d02a2a6ac0be3628b8ae841,Toronto man who fatally pushed stranger in front of subway says he thought it was his landlord,https://globalnews.ca/news/7604664/toronto-subway-pusher-john-reszetnik/,2021-01-28,en,globalnews.ca,globalnews.ca,2021,False
6b45dc5b7415696f33495a097de331aed2a7156bc88b08c7b86711a2485bdaaa,Toronto mayor John Tory wags finger at city's landlords,http://www.torontosun.com/2017/04/05/toronto-mayor-john-tory-wags-finger-at-citys-landlords,2017-04-05,en,torontosun.com,torontosun.com,2017,False
5d9169b33110a8e9115507e296607e2d62607657f26e7ee0a33e5590c2019dab,Toronto mayor slams landlords not applying for rent subsidy and leaving tenants 'high and dry',https://toronto.ctvnews.ca/toronto-mayor-slams-landlords-not-applying-for-rent-subsidy-and-leaving-tenants-high-and-dry-1.4930515,2020-05-08,en,ctvnews.ca,ctvnews.ca,2020,False
7d47e1a91b2a73638f936c7f2830da3f87fc0a549ea909cc296d5badb80d54ea,Toronto office landlords reduce tenant incentives as demand for space rises,https://www.theglobeandmail.com/business/article-toronto-office-landlords-tenant-demand-real-estate/,2025-09-08,en,theglobeandmail.com,theglobeandmail.com,2025,False
5779b44395130496b778ddc098a917eee028a9b4bc05bcd76471e5c22d2deffc,Toronto office vacancies jump to 13% — some landlords are now dangling free rent,https://www.thestar.com/real-estate/toronto-office-vacancies-jump-to-13-some-landlords-are-now-dangling-free-rent/article_bf03dbf0-f67f-11ee-b9fe-4387035d798b.html,2024-04-10,en,thestar.com,thestar.com,2024,False
48fcc096d61dc9ccc82cb01784c2abec1b6662ad874956dc9c3b6bd0f06b5e9b,Toronto ombudsman asks landlords to turn off the heat amid hot weather warning,https://globalnews.ca/news/3763898/toronto-ombudsman-asks-landlords-to-turn-off-heat/,2017-09-22,en,globalnews.ca,globalnews.ca,2017,False
6a874c47f479b081287e83f92c61fcdec1d51d82a2fdda3ddd6178443f13d294,Toronto police officer charged after alleged landlord-tenant dispute,https://toronto.ctvnews.ca/toronto-police-media-officer-charged-in-alleged-landlord-tenant-dispute-1.6735877,2024-01-21,en,ctvnews.ca,ctvnews.ca,2024,False
c8644e10be15e2e0298b8d35923e6ccd0d6c03c7d3b632f9c007a143428c3f36,Toronto targets landlords in pot-shop crackdown,http://www.theglobeandmail.com/news/national/toronto-targets-landlords-in-pot-shop-crackdown/article30089082/?cmpid=rss1,2016-05-18,en,theglobeandmail.com,theglobeandmail.com,2016,False
045bdf9ee7d821b360e75620631c35e1796ed171d9abe844c5b33cff9f8a161d,Toronto tenant awarded $20Gs in battle with landlord,http://www.edmontonsun.com/2017/07/05/tenant-awarded-20gs-in-battle-with-landlord,2017-07-05,en,edmontonsun.com,edmontonsun.com,2017,False
b9f8646a775da7e67594ce206945d2cf6e87d1371cb2f4b5538b5ad2979da427,"Toronto tenant claims landlord moved in, started taking down walls during legal delays",https://toronto.ctvnews.ca/toronto-tenant-claims-landlord-moved-in-started-taking-down-walls-during-legal-delays-1.5798924,2022-02-28,en,ctvnews.ca,ctvnews.ca,2022,False
c1b1cf4fb42c71542a2ed7d4f1e06317dc53840a686298a19572009581e45171,Toronto tenant fears she's being evicted so landlord can hike rental prices,https://toronto.ctvnews.ca/toronto-tenant-fears-she-s-being-evicted-so-landlord-can-hike-rental-prices-1.6037766,2022-08-22,en,ctvnews.ca,ctvnews.ca,2022,False
3ebbfa7bd7dafae7d340894061b1d08c2fa4199b963eb51fb7a32768dfd06d4f,Toronto tenants claim landlord raised rents to pay for capital repairs,https://toronto.ctvnews.ca/toronto-tenants-claim-landlord-raised-rents-to-pay-for-capital-repairs-1.4807814,2020-02-11,en,ctvnews.ca,ctvnews.ca,2020,False
78f66b2d1e7ccae841d6e78deb4d236aca3a8f60dc18273a9b965c3a3365e347,"Toronto tenants fight rent increase, argue landlord is partially using it to cover redevelopment costs",https://www.cbc.ca/news/canada/toronto/tenants-fight-agi-cover-cost-report-sell-develop-bu-1.7313349?cmp=rss,2024-09-04,en,cbc.ca,cbc.ca,2024,False
8dd9fc189c999cf82a165daf4c08896046503142ceeedb9b3c3eeadf36102ce5,"Toronto tenants, landlord reach agreement after lengthy rent dispute, eviction threat",https://www.thestar.com/news/ontario/toronto-tenants-landlord-reach-agreement-after-lengthy-rent-dispute-eviction-threat/article_e4122624-fc6a-5be0-a136-071663a924cf.html,2025-09-05,en,thestar.com,thestar.com,2025,True
74f7b7582b0eb11f245a5a1ea67f75fb772ef8269952a427d2a93807cef32638,"Toronto tenants, landlord reach agreement after lengthy rent dispute",https://globalnews.ca/news/11394502/toronto-rent-dispuate-agreement/,2025-09-05,en,globalnews.ca,globalnews.ca,2025,False
2d75976827080903ec026adfa36c21709b1a5b37918b9d40c446b019b74d7d0a,Toronto voted in July to fight Doug Ford’s new landlord and tenant law in court. Despite fears of a post-COVID eviction wave that hasn’t happened,https://www.thestar.com/news/gta/2021/05/17/toronto-voted-in-july-to-fight-doug-fords-new-landlord-and-tenant-law-in-court-despite-fears-of-a-post-covid-eviction-wave-that-hasnt-happened.html,2021-05-17,en,thestar.com,thestar.com,2021,False
58471ca0d49a0b134945b8b4d4a0b274d02a43740700c4123cb5f0775420fafd,"Toronto woman fights 'baffling' eviction notice, says landlord wouldn't tell her how to pay rent",http://www.cbc.ca/news/canada/toronto/eviction-rent-payment-1.4427309?cmp=rss,2017-11-30,en,cbc.ca,cbc.ca,2017,False
3d1f0c4e2fcfb928aec9e17c50a242fadc938df05bfb2738c4c65bf5236d6771,Toronto woman who said landlord wouldn't tell her how to pay rent wins fight against eviction notice,http://www.cbc.ca/news/canada/toronto/tenant-callaghan-update-1.4555706?cmp=rss,2017-11-30,en,cbc.ca,cbc.ca,2017,False
6a74ab3aabdc3ce6a93b4f173a728556d575657be939c0c4f70353097984b82e,Toronto writer places first in Star’s Short Story Contest with millennial tale of landlords and dollhouses,https://www.thestar.com/news/insight/2023/04/18/toronto-writer-places-first-in-stars-short-story-contest-with-millennial-tale-of-landlords-and-dollhouses.html,2023-04-18,en,thestar.com,thestar.com,2023,False
7dcbfd6cfae51e5f1c6cf44f68c2e42579f0ab2472e39dd2213b589b55826f1a,Toronto's new apartment bylaw could help crack down on bad landlords,http://www.cbc.ca/news/canada/toronto/apartment-bylaw-toronto-bad-landlords-municipal-licensing-committee-1.4004117?cmp=rss,2016-12-01,en,cbc.ca,cbc.ca,2016,False
6c6c8e777a8677e88340d874df998b5373d8b0bf650849b58a80b66fd5ddda30,Toronto's top housing official is calling for an end to landlords raising rents between tenants,https://toronto.ctvnews.ca/toronto-s-top-housing-official-is-calling-for-an-end-to-landlords-raising-rents-between-tenants-1.5993275,2022-07-19,en,ctvnews.ca,ctvnews.ca,2022,False
5b8425bd8c4b1c0ffb47d2d40745e324a42bbaec190b483830fe7fa1ccc4f41c,Toronto-based landlord Tricon snaps up U.S. house listings as rental market booms,https://www.thestar.com/business/2018/05/16/toronto-based-landlord-tricon-snaps-up-us-house-listings-as-rental-market-booms.html,2018-05-16,en,thestar.com,thestar.com,2018,False
000a8b5e340f361ca9678e9c1e524bba7dc08a441ad7a0629e66d46e6bd68cad,Toronto’s landlord licensing plan faces its first test as tenants rally behind it,https://www.thestar.com/news/gta/2016/05/17/tenants-rally-behind-landlord-licensing-plan.html,2016-05-17,en,thestar.com,thestar.com,2016,False
5e9d570e094a1e0f2e0b879a68c566a1e0e9a8e18e0e027cc896c63cec3dbcac,Toronto’s popular Caplansky’s Deli shuttered in dispute with landlord,http://www.theglobeandmail.com/news/toronto/torontos-popular-caplanskys-deli-shuttered-in-dispute-with-landlord/article30346355/?cmpid=rss1,2016-06-07,en,theglobeandmail.com,theglobeandmail.com,2016,False
04f61b03e527dda5f1a9d33642695831d617fd87c7a158d59f632736ca3dd82b,Toronto’s Revue Cinema reaches new lease agreement after tensions with landlords threatened closing,https://www.theglobeandmail.com/arts/film/article-toronto-revue-cinema-landlord-dispute-resolved/,2024-09-10,en,theglobeandmail.com,theglobeandmail.com,2024,False
8181599fd2696776ce6035aa6749eff5fff3647a64ca249b7efe27193bc7f889,Totally in shock': Tenant claims landlord doing little to stop bed bugs,http://www.cbc.ca/news/canada/new-brunswick/pmv-canada-huggard-old-north-end-bed-bugs-1.4692488?cmp=rss,2018-06-06,en,cbc.ca,cbc.ca,2018,False
43288e316ad8cd7672b7781a90786f2abf915d845da6626a90ba49ce0cfd85ea,Toys R Us downfall to have impact on toy makers to landlords,https://www.brandonsun.com/lifestyles/breaking-news/toys-r-us-said-to-be-planning-to-liquidate-its-us-operations-476876453.html,2018-03-15,en,brandonsun.com,brandonsun.com,2018,False
86e7f76885fb57efa5463e131eef647c071aee9b43565527226d6877d1907586,Trent Reznor sues landlords over ‘inhabitable’ home,https://canoe.com/entertainment/celebrity/trent-reznor-sue-landlords-over-inhabitable-home,2019-06-09,en,canoe.com,canoe.com,2019,False
0cdc96b00d5e8a26f538a875c30a89aee4d891089ff6a36f3f037a11d15f209c,"Trial of Illinois landlord charged with 2023 hate crime, murder of Palestinian American boy set to begin",https://www.theglobeandmail.com/world/article-trial-of-illinois-landlord-charged-with-2023-hate-crime-murder-of/,2025-02-25,en,theglobeandmail.com,theglobeandmail.com,2025,False
c523988dd073b532cb3e2f3de3233e25c4244879b3b48b788bfac7d86ebb985a,Tribunal dismisses ‘renoviction’ attempt in Emerald Street landlord-tenant dispute,https://www.thespec.com/news/hamilton-region/tribunal-dismisses-renoviction-attempt-in-emerald-street-landlord-tenant-dispute/article_b844c8f2-0356-55ee-b4ab-e8fda52f6a0e.html,2025-03-22,en,thespec.com,thespec.com,2025,False
e65931ef4ead1c3283e7ca7f10c03dabba40efd2dbec98bc4702fa89acc64532,Tribunal finds landlord violated tenants' religious rights,http://www.timescolonist.com/tribunal-finds-landlord-violated-tenants-religious-rights-1.18118724,2017-05-03,en,timescolonist.com,timescolonist.com,2017,True
6d237064b4387a781f5f8e769d7595b5c93750cd5d1b2d992436ddc5ce7356bd,Tribunal finds Toronto-area landlord violated tenants' religious rights,http://toronto.ctvnews.ca/tribunal-finds-toronto-area-landlord-violated-tenants-religious-rights-1.3396316,2017-05-03,en,ctvnews.ca,ctvnews.ca,2017,False
8afb7d70276bf664376a3294a01c64e61b4bec1773213a737bd4e122be8f2e1c,Trouble at the mall as landlords and tenants ponder mutually assured destruction,https://theconversation.com/trouble-at-the-mall-as-landlords-and-tenants-ponder-mutually-assured-destruction-145094,2020-08-26,en,theconversation.com,theconversation.com,2020,False
420e4bde0bd302758b280584ce81ae494f9b0a3c60427c380b413bd3ff043694,Trout Creek landlord zapped by service charges,https://www.pentictonherald.ca/news/article_27a0366e-f4e6-11ed-bb0e-d330acb26cca.html,2023-05-17,en,pentictonherald.ca,pentictonherald.ca,2023,False
416c8eddfddaebcef91f2bc67b22e14b8627d1aed42c6b7cdd8804cb5d9245e5,Trudeau 'really hopes' landlords will apply for small business rent relief,https://paherald.sk.ca/2020/05/20/trudeau-really-hopes-landlords-will-apply-for-small-business-rent-relief/,2020-05-20,en,paherald.sk.ca,paherald.sk.ca,2020,False
18d823531c498aafee19772fc7c3a8bc84dfdd4beec85fa5a92f8063ae68eeb5,Trudeau asks commercial landlords to give tenants help through new program,https://lethbridgeherald.com/business/2020/05/20/trudeau-asks-commercial-landlords-to-give-tenants-help-through-new-program/,2020-05-20,en,lethbridgeherald.com,lethbridgeherald.com,2020,True
c5979da8221b7d89b8676d1ff01ba368b426c6187ccdaaba68d7647d247f7796,Trudeau asks commercial landlords to help tenants in new program,https://www.bnnbloomberg.ca/feds-to-seek-equity-or-cash-from-firms-applying-for-new-loan-program-1.1438687,2020-05-20,en,bnnbloomberg.ca,bnnbloomberg.ca,2020,False
0c3d0ce11daf5d298ee1935f250aec6ea041327a7e3075b416f9336eb5f70343,Trudeau government tables rent-relief bill that sidesteps landlords,https://globalnews.ca/news/7438882/canada-rent-relief-bill-landlords/,2020-11-03,en,globalnews.ca,globalnews.ca,2020,False
127f57dc35ac5ee11b51d4ce571ab6dc45ce93786bd8568cb840bb8018e0f58a,Trudeau unveils forgivable loans for landlords in small business rent relief program,https://www.bclocalnews.com/news/trudeau-unveils-forgivable-loans-for-landlords-in-small-business-rent-relief-program/,2020-05-20,en,bclocalnews.com,bclocalnews.com,2020,False
d70d9c74a7ffd4fe483e4769f7571992e1af4397b4315e556d502185e475e973,Trudeau urges commercial landlords to help tenants through rental assistance,https://www.nationalobserver.com/2020/05/21/news/trudeau-urges-commercial-landlords-help-tenants-through-rental-assistance,2020-05-21,en,nationalobserver.com,nationalobserver.com,2020,False
e8e6a8447ef190aa1e442a64d404c9440611faed6d5bb8ef3c637b3151f06876,Trudeau urges commercial landlords to offer tenants relief through federal program,https://www.theglobeandmail.com/business/article-trudeau-urges-commercial-landlords-to-offer-tenants-relief-through/,2020-05-20,en,theglobeandmail.com,theglobeandmail.com,2020,False
986f43a649016fc07ccc53c9d1ed21bae959ae8b8bc6a9e09fa5db2a4b693b85,Trudeau's daily coronavirus update: The PM asks landlords to apply for rent relief (Full transcript),https://www.macleans.ca/news/canada/trudeaus-daily-coronavirus-update-the-pm-asks-landlords-to-apply-for-rent-relief-full-transcript/,2020-05-20,en,macleans.ca,macleans.ca,2020,False
0a488286d464797f28273c6ad26ee53bd95bf2648163c03d2773bc829ed67797,TTC subway pusher says he thought victim was landlord evicting him,https://torontosun.com/news/local-news/mandel-ttc-subway-pusher-says-he-thought-victim-was-landlord-evicting-him,2021-01-28,en,torontosun.com,torontosun.com,2021,False
a125e052c9176c15dbef545cd8aa1b1928b5f1062c926800b0e2a29172ca4eb5,Turn the heat back on' says eye surgery patient to Vancouver landlord,http://www.cbc.ca/news/canada/british-columbia/turn-the-heat-back-on-says-eye-surgery-patient-to-vancouver-landlord-1.3715637?cmp=rss,2016-08-11,en,cbc.ca,cbc.ca,2016,False
f4301eb81eff3c6c062b1940cb250c3e5519e70b6dab80bce3da7b567eeaafa4,Two evicted women tell their story: ‘The landlords had no empathy.’,https://theconversation.com/two-evicted-women-tell-their-story-the-landlords-had-no-empathy-245831,2025-01-21,en,theconversation.com,theconversation.com,2025,False
40d7063f88007543a470c16fd3c3033b9a60571f392a3c3084c2704377ad123f,Two landlords sue HBC over unpaid rent,https://www.winnipegfreepress.com/business/landlords-sue-hudsons-bay-for-unpaid-rent-retailer-says-malls-arent-first-class-572742411.html,2020-10-14,en,winnipegfreepress.com,winnipegfreepress.com,2020,True
b32c9e77c972cc3e715f58046c629f8f016ac8399695fa5dfa444c2cb771470c,Two men wanted for allegedly defrauding Toronto landlords and Airbnb hosts,https://toronto.ctvnews.ca/two-men-wanted-for-allegedly-defrauding-toronto-landlords-and-airbnb-hosts-1.5545779,2021-08-13,en,ctvnews.ca,ctvnews.ca,2021,False
c4b4b45c06daa3e0006679a9f387fe9735aa0987cebdc830cab9190bdc30b599,"Two years ago this tenant won a $50,000 claim against her landlord for a bedbug and raccoon infestation — she’s still waiting for him to pay up",https://www.thestar.com/business/2021/07/12/two-years-ago-this-toronto-tenant-won-a-50000-claim-against-her-landlord-for-a-bedbug-and-raccoon-infestation-shes-still-waiting-for-him-to-pay-up.html,2021-07-12,en,thestar.com,thestar.com,2021,False
ac5a1d7d4f35acc254e81101cd57398b33d7a80d3450d6b0b41b1c707f738d8a,U-Haul Storage Abbotsford: Landlords Contractual Lien,https://www.abbynews.com/notices/u-haul-storage-abbotsford-landlords-contractual-lien-7337659,2024-04-04,en,abbynews.com,abbynews.com,2024,False
672059021c980b76b1e9d4a35f1805c0ce585e65bf380308c13ca6b2ae7c78f8,U.K. landlords want banks to share pain of $7 billion rent due,https://www.thestar.com/business/2021/02/02/uk-landlords-want-banks-to-share-pain-of-7-billion-rent-due.html,2021-02-02,en,thestar.com,thestar.com,2021,False
21203292209375c43bb4d65ead71e8316273abe898a92c8bd484fc25708ad3e9,U.S. embassy worker ordered to pay back Ottawa landlord,https://www.theglobeandmail.com/news/politics/us-embassy-worker-ordered-to-pay-back-ottawa-landlord/article37887897/?cmpid=rss1,2018-02-06,en,theglobeandmail.com,theglobeandmail.com,2018,False
b44c1a4787305e580af63a3bfe00c0dfc20380e646c4a42f99f8eab541627f2d,"U.S. Embassy worker skips out on rent, claims diplomatic immunity: Ottawa landlord",https://www.ctvnews.ca/canada/u-s-embassy-worker-skips-out-on-rent-claims-diplomatic-immunity-ottawa-landlord-1.3776631,2018-01-26,en,ctvnews.ca,ctvnews.ca,2018,True
91da9f22a46a6392363b4461fc8708699d7adcc3ec58fe319e37a10943df00e5,"U.S. jury finds Illinois landlord guilty of murder, hate crime in 2023 attack on Muslim boy",https://www.theglobeandmail.com/world/article-us-jury-begins-deliberations-in-trial-of-illinois-landlord-charged/,2025-02-28,en,theglobeandmail.com,theglobeandmail.com,2025,False
7d88ba4c5c295c65cc93188f14970ea0f5638131643489abfce9d790f3dc0677,U.S. Justice Department accuses six major landlords of scheming to keep rents high,https://www.theglobeandmail.com/world/article-us-justice-department-accuses-six-major-landlords-of-scheming-to-keep/,2025-01-07,en,theglobeandmail.com,theglobeandmail.com,2025,False
bc2bd6a6f85cdd51f2f016cb0c4a2fa6dcf4f30d01bd100d62bc1cc257c4578b,"U.S. military landlord pleads guilty to fraud, resolving probe",https://nationalpost.com/pmn/news-pmn/crime-pmn/u-s-military-landlord-pleads-guilty-to-fraud-resolving-probe-justice-dept,2021-12-22,en,nationalpost.com,nationalpost.com,2021,False
a7b9aa7d9359bdf9cbebaa959beb319f6879097f05ee771dfae9e5f39b2f7c3f,"UBCO grad, prof create new way for renters, landlords to connect",http://www.kelownadailycourier.ca/news/article_6f58d414-8630-11e7-b655-bb3fe3e3e89c.html,2017-08-20,en,kelownadailycourier.ca,kelownadailycourier.ca,2017,False
7e81366bdac8924299732816cfc1ed55ae3f5147074b670edeb7989951507e75,Ukrainian newcomers face challenges as some landlords demand months of advance rent,https://toronto.ctvnews.ca/ukrainian-newcomers-face-challenges-as-some-landlords-demand-months-of-advance-rent-1.6147161,2022-11-10,en,ctvnews.ca,ctvnews.ca,2022,True
7684e70d6a7a5db263d9d2d80e688a8591dfe966776faba4b0b713532e6540fd,Ukrainian newcomers face challenges as some Ontario landlords demand months of advance rent,https://globalnews.ca/news/9267855/ukrainian-newcomers-face-challenges-ontario-landlords/,2022-11-10,en,globalnews.ca,globalnews.ca,2022,False
56651a270334b620aa0458988cb1aecc0726e0d6d1be025d617d87a1d0a4ccbf,Unclear details driving landlords away from small-business rent-relief program,https://www.theglobeandmail.com/business/article-small-businesses-hit-with-eviction-warnings-because-landlords-are-not/,2020-05-06,en,theglobeandmail.com,theglobeandmail.com,2020,False
469c970a48a175d57c764b37881975f2b57e8c80056a61861765e57d5b9ce13c,Understanding landlords and tenants as rental and mortgage payments are due,https://vancouversun.com/news/local-news/covid-19-landlords-and-tenants-struggle-as-rental-and-mortgage-payments-are-due,2020-04-30,en,vancouversun.com,vancouversun.com,2020,False
628aafe7b34fe89190958a81917e2cd18d4a7488fa62e40fc372736c8fefbb63,US Justice Department accuses six major landlords of scheming to keep rents high,https://www.winnipegfreepress.com/business/2025/01/07/us-justice-department-accuses-six-major-landlords-of-scheming-to-keep-rents-high,2025-01-07,en,winnipegfreepress.com,winnipegfreepress.com,2025,False
c56c825893caf39a31a8999e2c2bc1ec2c7ba59306da3cfe3b719acc1c4f37e6,Vacant Bay stores could spark interest — if landlords are willing to get creative,https://www.thestar.com/business/vacant-bay-stores-could-spark-interest-if-landlords-are-willing-to-get-creative/article_2652a970-7736-51cb-aa69-bfee7a1ee587.html,2025-04-01,en,thestar.com,thestar.com,2025,True
59e456846efd5ae883c6e627946ddeb0b7b68ef80eabc1195f87a5aa47fac220,Vacant Hudson’s Bay stores could spark interest — if landlords are willing to get creative,https://globalnews.ca/news/11108888/hudsons-bay-stores-vacant-landlords/,2025-04-01,en,globalnews.ca,globalnews.ca,2025,False
d4ee2d23de21d2f18e1824b7efe036c39dbde9d0ce430ad8c577b9358211ed91,Vacant unit tax: Ottawa landlord may be on the hook,https://ottawa.ctvnews.ca/ottawa-landlord-may-be-on-the-hook-for-new-vacant-unit-tax-1.6311666,2023-03-13,en,ctvnews.ca,ctvnews.ca,2023,False
ba098b986c6aae1f98d78eb0b8bbd98fe9f5ccc24ac930b27fa97028518d0d87,Vacant unit tax: Small-time landlords are not the villains,https://www.thespec.com/opinion/contributors/vacant-unit-tax-small-time-landlords-are-not-the-villains/article_c18ab562-ebdf-5aae-8495-74d219f420f9.html,2024-04-24,en,thespec.com,thespec.com,2024,False
193ff0ec94cd6d66db58ec40001c3e4d33498259be6f0e63ce555c2ba073eb93,Vacant Winnipeg home burns again as landlord waits months for demolition permit,https://www.winnipegfreepress.com/local/2024/08/12/another-day-another-fire,2024-08-12,en,winnipegfreepress.com,winnipegfreepress.com,2024,False
75bc03e9227feaf0b6ec01e2217f7968053906df9db52d13bf65f7e9f14be743,Val Litwin: Commercial landlords say rent assistance program is too cumbersome and complicated,http://vancouversun.com/opinion/val-litwin-commercial-landlords-say-rent-assistance-program-is-too-cumbersome-and-complicated,2020-05-27,en,vancouversun.com,vancouversun.com,2020,False
9a6db8c369d21c13c7ff4c8e7433c14f76c5fd1d621b0da6c0acb5bc21ce2f88,Vancouver landlord acted in bad faith in attempted eviction for caretaker use,https://www.cbc.ca/news/canada/british-columbia/bc-rtb-caretaker-eviction-plan-a-real-estate-bad-faith-1.7055918?cmp=rss,2023-10-05,en,cbc.ca,cbc.ca,2023,False
9e6bf3e7218e24c7521b624f61621bab7c0b0bf0ccdbf1ec5e4a82fef0b853c3,"Vancouver landlord finds drains filled with cement, other damage left by former tenant",https://globalnews.ca/news/5843645/vancouver-bad-renter-video/,2019-09-01,en,globalnews.ca,globalnews.ca,2019,False
96c2485b2a2e0568ff1ea106aacf0e882c5cebbe2baae2a896754fce5792df72,Vancouver landlord left cleaning up wave of destruction,https://globalnews.ca/video/5844718/vancouver-landlord-left-cleaning-up-wave-of-destruction-2/,2019-09-01,en,globalnews.ca,globalnews.ca,2019,False
6b7b9ccfb9f6cf278a7e3df8e6e62e4eb5c1fb998c824b3271526d5daeaaddd9,"Vancouver landlord sexually assaulted female tenant, jailed 2 years less a day",http://vancouversun.com/news/local-news/vancouver-landlord-sexually-assaulted-female-tenant-jailed-2-years-less-a-day,2018-03-27,en,vancouversun.com,vancouversun.com,2018,False
be5bf98e33c18d1548adf4cc29ff9095d9e989b8ee321f87f1496a362c5741c2,"Vancouver landlords asking $3K for 1-bedroom, on average",https://bc.ctvnews.ca/average-asking-rent-for-a-1-bedroom-apartment-in-vancouver-tops-3-000-1.6516942,2023-08-12,en,ctvnews.ca,ctvnews.ca,2023,False
e921067f437a3cbeb5c869b2be69451adf963f8ff972b357c0255ac171440aff,Vancouver landlords spark bidding wars to determine rent,http://www.ctvnews.ca/canada/vancouver-landlords-spark-bidding-wars-to-determine-rent-1.3074721,2016-09-15,en,ctvnews.ca,ctvnews.ca,2016,False
0a0f17f0e8be3f9a2b1eb150729e7a1cf12893d7f36721bab70ae1bcd86506f3,Vancouver mulls letting landlords add floors to old apartment buildings,http://www.theglobeandmail.com/news/british-columbia/vancouver-mulls-letting-landlords-add-floors-to-old-apartment-buildings/article34227688/?cmpid=rss1,2017-03-06,en,theglobeandmail.com,theglobeandmail.com,2017,False
9ee763d4a3983252871ac54f9a00db735106b247c9d38ef201ab8b63b31a64e6,Vancouver real estate: Shift on to big corporate landlords of apartment buildings,https://vancouversun.com/business/real-estate/vancouver-real-estate-shift-on-to-big-corporate-landlords-of-apartment-buildings,2020-12-05,en,vancouversun.com,vancouversun.com,2020,False
fb547d2f8407b67758f91790a9fff86229382d7df72153a162437c20edd9de92,Vancouver rejects marijuana dispensary application from Downtown Eastside landlord,https://www.theglobeandmail.com/news/british-columbia/cvancouver-rejects-marijuana-dispensary-application-from-downtown-eastside-landlord/article35679242/?cmpid=rss1,2017-07-12,en,theglobeandmail.com,theglobeandmail.com,2017,False
700b6ca1aab5468b8173eacf5f061a1df64e384204e964eb9b4a2050ae8d2990,Vancouver renters being squeezed out by landlords’ ‘renovictions’,http://www.theglobeandmail.com/life/home-and-garden/real-estate/vancouver-renters-being-squeezed-out-by-landlords-renovictions/article26756305/?cmpid=rss1,2015-10-09,en,theglobeandmail.com,theglobeandmail.com,2015,False
dd74f17a65044143a1a6c09538e095badf56c6e23e84c525bd5862b67444bae3,Vancouver renters under pressure as landlords are persuaded to sell,http://www.theglobeandmail.com/real-estate/vancouver/vancouver-renters-under-pressure-as-landlords-are-persuaded-to-sell/article33688352/?cmpid=rss1,2017-01-20,en,theglobeandmail.com,theglobeandmail.com,2017,False
483cc9f248ad420687ed3bd38d637557e99f8a2b7534babca022b1795ecf1cb0,Vancouver’s Four Seasons Hotel closing in 2020 amid landlord dispute,http://www.timescolonist.com/business/vancouver-s-four-seasons-hotel-closing-in-2020-amid-landlord-dispute-1.23289538,2018-05-02,en,timescolonist.com,timescolonist.com,2018,False
4aa145ed998bdc123c548044ec7e7c07c827f7595e54f52e1000c7f2884e1dc6,"VANDENBEUKEL: After tax cut, landlords must keep their word",https://tj.news/telegraph-journal/101828148?ref=rss,2022-03-23,en,tj.news,tj.news,2022,False
47fca8cd64bf52cbeaa95aa3768f79ae8b801b17f696e0922bfaab7c5ef934df,Vanier landlord installs security cameras after two more suspicious fires,http://ottawacitizen.com/news/local-news/vanier-landlord-installs-security-cameras-after-two-more-suspicious-fires,2017-08-09,en,ottawacitizen.com,ottawacitizen.com,2017,False
cd532f8938b2d9767a6eaecc1201b8391abfe7917dbe44494399d69d4dc0db18,Varcoe: Kenney suggests ban on evictions by commercial landlords is coming,http://calgaryherald.com/opinion/columnists/varcoe-kenney-suggests-ban-on-evictions-by-brain-dead-commercial-landlords-is-coming,2020-06-05,en,calgaryherald.com,calgaryherald.com,2020,False
14c89f1a33d3ba8b90f65057c75c5d0475723dc50daf042e6c80f51bf3f38591,Verdun landlord and tenant taking water feud to the rental board,https://globalnews.ca/news/3944350/verdun-landlord-and-tenant-taking-water-feud-to-the-rental-board/,2018-01-03,en,globalnews.ca,globalnews.ca,2018,False
80bcf5c6ec0f3b15205929b5bd827b70ade6991856e9d76a398283f6e9ae9f8d,"Vernon, B.C. renters allege ‘renoviction’ after landlord evicts them",https://globalnews.ca/news/6518112/vernon-bc-renters-allege-renoviction/,2020-02-06,en,globalnews.ca,globalnews.ca,2020,False
64b7a19cf794b866caa6bc550db702495542b1b23aef0b5d82cea7e35c312950,"Vexed by rental market, BC Lions player offers season tickets to potential landlords",https://bc.ctvnews.ca/vexed-by-rental-market-bc-lions-player-offers-season-tickets-to-potential-landlords-1.3994961,2018-06-29,en,ctvnews.ca,ctvnews.ca,2018,False
b46153db72afc7058a657a578704423ff62a51b3463517df3741664f28d602ae,"Victoria council eyes forever rentals, but landlords say no way",https://www.timescolonist.com/news/local/victoria-eyes-forever-rentals-but-landlords-say-no-way-1.23876766,2019-07-05,en,timescolonist.com,timescolonist.com,2019,True
5c09a44a43d2e0811c13091acaf29e64e30c63e04786b2119ac97a2b6aa67169,Victoria firm doing background checks for landlords faces investigation,https://www.timescolonist.com/local-news/victoria-firm-doing-background-checks-for-landlords-faces-investigation-8987567,2024-06-05,en,timescolonist.com,timescolonist.com,2024,False
7b9bce3efe95d499cc25b7ef2d84315859eab52a92ada58073caf01a30eec987,"Victoria landlord to pay tenant $30K for noise, asbestos exposure",https://vancouverisland.ctvnews.ca/victoria-landlord-to-pay-tenant-30k-for-noise-asbestos-exposure-after-judge-strikes-down-challenge-1.6332474,2023-03-28,en,ctvnews.ca,ctvnews.ca,2023,False
b782a25cbaa0a78846cf1fa8f6eb785f8805fd7a51c34a75d189367d7e6d7654,Victoria the ‘poster child’ for renter-landlord uncertainty,https://www.timescolonist.com/news/local/victoria-the-poster-child-for-renter-landlord-uncertainty-1.24111018,2020-04-02,en,timescolonist.com,timescolonist.com,2020,False
04eb0b06c9c8d8f9eb5798d754231a1eb1ad770c6341c203542d2110ce442109,"Video shows landlord, associates avoiding police during illegal eviction",https://bc.ctvnews.ca/video-shows-landlord-associates-avoiding-police-during-illegal-eviction-1.3940881,2018-05-22,en,ctvnews.ca,ctvnews.ca,2018,False
f6b6b23d6a18763f41ccd99827b2f45048b3e5f599ec038c58b77408af3ec3c6,Video: Caplansky's Deli owner locked out of his own restaurant by landlord,http://www.theglobeandmail.com/news/news-video/video-caplanskys/article30337571/?cmpid=rss1,2016-06-07,en,theglobeandmail.com,theglobeandmail.com,2016,False
c15130daf0cfe30a24c9d3fb9f78becba0b1333f72f080ace81c06f0d482233f,Video: Landlords call on Target to release claims information,http://www.theglobeandmail.com/report-on-business/video/video-landlords-call-on-target-to-release-claims-information/article25794253/?cmpid=rss1,2015-07-31,en,theglobeandmail.com,theglobeandmail.com,2015,False
44e4f75e05d274f32090318ff59a022b176affa4e875d78edb4ec7fe703a0737,"Video: Missing Calgary girl, mom, were good tenants: Landlord",http://www.theglobeandmail.com/news/news-video/video-missing-calgary-girl-mom-were-good-tenants-landlord/article30883064/?cmpid=rss1,2016-07-12,en,theglobeandmail.com,theglobeandmail.com,2016,False
1fdb304c44ec94510f21c560651eee24a66654a74f9c17c9bffe0cc83c557acb,"Villeray landlord sets up Airbnb in 1 unit, leaving another in disrepair, decries tenant",https://www.cbc.ca/news/canada/montreal/villeray-landlord-sets-up-airbnb-in-1-unit-leaving-another-in-disrepair-decries-tenant-1.4878709?cmp=rss,2018-10-25,en,cbc.ca,cbc.ca,2018,False
42f91b63a591ce9072324e3dc029738647ee23cf8c890f96513627b2cec4556b,Virtual Landlord and Tenant Board hearings expose the 'digital divide',https://ottawacitizen.com/news/local-news/virtual-landlord-and-tenant-board-hearings-expose-the-digital-divide,2021-08-09,en,ottawacitizen.com,ottawacitizen.com,2021,False
9ee6babf294e4dd53acbbd643b69dcffad2334b194dcf723047727ddf42e33da,Volunteers say some landlords to blame for difficulties resettling Syrian refugees in Toronto,http://www.cbc.ca/news/canada/toronto/syrian-refugees-toronto-1.3366345?cmp=rss,2015-12-16,en,cbc.ca,cbc.ca,2015,False
af410e63a9828e782e9690b9c418b5630d0a58fffcc0773c7cfd0e0ae7f5d2bd,Wall Street landlords are chasing the American dream – here's what it means for families,http://theconversation.com/wall-street-landlords-are-chasing-the-american-dream-heres-what-it-means-for-families-82146,2017-09-07,en,theconversation.com,theconversation.com,2017,False
4d22a953dfc0e85a3f21c86d23afcaf5d101f21d289d3d707056a37dfaf50dd4,Want a 1-bedroom in a downtown Victorian for $800 a month? Meet novelist and landlord David Kendall,https://www.cbc.ca/news/canada/toronto/ex-reporter-now-making-headlines-as-a-true-gem-among-toronto-landlords-1.5408903?cmp=rss,2019-12-26,en,cbc.ca,cbc.ca,2019,False
dd58a328cb45240fac5bef6e23668fd4c15e2d544db38f0f448740980e38e3ab,Want a receipt for rent? Landlords charge an extra $50,https://www.winnipegfreepress.com/local/want-a-receipt-for-rent-landlords-charge-an-extra-50-473217303.html,2018-02-07,en,winnipegfreepress.com,winnipegfreepress.com,2018,False
1ca78f1e598a10dcb0504dce3aebf70abe2497c8e1d0ac3c043b27dd3ec22aa5,Want to become a landlord? You may already have a down payment!,http://www.kimberleybulletin.com/marketplace/want-to-become-a-landlord-you-may-already-have-a-down-payment/,2020-02-24,en,kimberleybulletin.com,kimberleybulletin.com,2020,False
506adfbae0d8db6b211fea8d7caece50668a1b804c1c6c13ce39c46ad7ea6df7,WARMINGTON: Court sides with tenant in ‘landlord from hell’ case,https://torontosun.com/news/local-news/warmington-court-sides-with-tenant-in-landlord-from-hell-case,2019-07-24,en,torontosun.com,torontosun.com,2019,False
1a9992df7cc75e6072782c6f0eb476bd550ca97edf0d5642fdd4d630954f99b8,WARMINGTON: JP to sort out nasty landlord-tenant feud,https://torontosun.com/news/local-news/warmington-jp-to-sort-out-nasty-landlord-tenant-feud,2019-01-25,en,torontosun.com,torontosun.com,2019,False
23a2bde798d1b4e292ae71969edb67eece4b89cf18cc86cd0a688464769f8c74,Watson urges Hydro Ottawa to keep power on for tenants of ‘slum landlord’,http://ottawa.ctvnews.ca/watson-urges-hydro-ottawa-to-keep-power-on-for-tenants-of-slum-landlord-1.3448800,2017-06-07,en,ctvnews.ca,ctvnews.ca,2017,False
61b6e3f5b5b7039f2fc19c9c37fa7df158239dd10af4e8a1c7a2f1b690f835b6,We have to fight for our tenants': Sask. Landlord Association says vacancy rates have risen drastically,http://www.cbc.ca/news/canada/saskatoon/saskatoon-vacancy-rises-landlord-association-says-1.3412927?cmp=rss,2016-01-21,en,cbc.ca,cbc.ca,2016,False
7639ea6b9983183e2a418629fb29d3e50758eacb13fd9276542fb7d97f72af40,Wealthy landlords and more sharehousing: how the rental sector is changing,http://theconversation.com/wealthy-landlords-and-more-sharehousing-how-the-rental-sector-is-changing-94394,2018-04-04,en,theconversation.com,theconversation.com,2018,False
02201f5979630e7226973466f029bb0fe2ca925647355729be92b2990ac41ef7,Weapons charges for Edmonton landlord after third arrest since December,http://www.cbc.ca/news/canada/edmonton/edmonton-landlord-arrested-again-charged-with-weapons-offences-1.3684274?cmp=rss,2015-12-29,en,cbc.ca,cbc.ca,2015,False
fc6f8c717bf2b190cb3b40e1fb681ff45a54df20d3571d154cc4b9e88b65f8cc,Weber Street Public House shut down by landlord,https://www.therecord.com/news-story/8990609-weber-street-public-house-shut-down-by-landlord/,2018-10-26,en,therecord.com,therecord.com,2018,False
3565cdcf8e9e704d44567a9a73deb03e047adda01f1796584dd13c78cff1cde6,Website coming to Vancouver will help renters find good landlords,http://globalnews.ca/news/2010721/new-vancouver-website-will-help-renters-find-good-landlords,2015-05-21,en,globalnews.ca,globalnews.ca,2015,False
8dbb14d5b5c2b07b8cd41d2ddf2c664c4b8d3517b9bf08bc8ea5cbc8a989138b,Website tracks Toronto’s ‘worst’ landlords and buildings,http://globalnews.ca/news/2709560/website-tracks-torontos-worst-landlords-and-buildings,2016-05-18,en,globalnews.ca,globalnews.ca,2016,False
7f968812039770b49a23a7cf441c7e6a5c440e703c20fbb6df7095138f37ad38,"Well-known Edmonton landlord charged with drug trafficking, weapons offences",http://www.cbc.ca/news/canada/edmonton/well-known-edmonton-landlord-charged-with-drug-trafficking-weapons-offences-1.3383608?cmp=rss,2015-12-29,en,cbc.ca,cbc.ca,2015,False
8768b079e7a294f33354b51c49949b4a6bdfa74566aa5f951e4ebec718dc9c50,Well-known landlord challenges police chief's dismissal of trespassing complaint,https://edmontonjournal.com/news/local-news/well-known-landlord-challenges-police-chiefs-dismissal-of-trespassing-complaint,2019-01-30,en,edmontonjournal.com,edmontonjournal.com,2019,False
9c7f3f9b856386b1cd22e9987012a944764067148e2fc3554b3715e7e5557037,West End landlord refusing to sign up for commercial rent subsidy,https://bc.ctvnews.ca/west-end-landlord-refusing-to-sign-up-for-commercial-rent-subsidy-1.4977334,2020-06-09,en,ctvnews.ca,ctvnews.ca,2020,False
9e7a13c59d97f787956a94def81762f641b310bd773f548f16c16ca4a9bdb5f2,West End tenants accuse new landlord of harassment,https://bc.ctvnews.ca/west-end-tenants-accuse-new-landlord-of-harassment-and-attempted-evictions-for-profit-1.6923040,2024-06-11,en,ctvnews.ca,ctvnews.ca,2024,False
23e37eccb102d26eae45a90860e3a188eb0de1cee9473fcf3059bdf8646efb98,West Kelowna residents say local landlord is the ‘problem’ after naked fruit picker attack,http://globalnews.ca/news/3659248/west-kelowna-residents-say-local-landlord-is-the-problem-after-naked-fruit-picker-attack/,2017-08-09,en,globalnews.ca,globalnews.ca,2017,False
ca7052fadd0374802adab75e02a1499e57d7685419a901bcd86a5c87e3d3d924,WeWork's CEO Makes Millions as Landlord to WeWork,https://www.thestar.com/wsj/business/2019/01/16/weworks-ceo-makes-millions-as-landlord-to-wework.html,2019-01-16,en,thestar.com,thestar.com,2019,False
08748f1689ad15530a6288bb168b9a43c4864b7e92584365d29303ad8b363198,WeWork's Latest Threat: Old-School Landlords Trying to Copy WeWork,https://www.thestar.com/wsj/business/2019/09/10/weworks-latest-threat-old-school-landlords-trying-to-copy-wework.html,2019-09-10,en,thestar.com,thestar.com,2019,False
1f2013c2bdd30b7fc1c37cbcf43c69285502f87c395e3f183e52cd47980cd900,We’ve been pinched landlords for 30 years. It’s time for rent control and the Landlord Tenant Board to get a serious overhaul,https://www.thestar.com/opinion/contributors/2023/04/14/why-landlord-and-tenant-laws-in-ontario-need-revising.html,2023-04-14,en,thestar.com,thestar.com,2023,False
9af8d826e722420ce6d7c281d93584948d0deb36d15469465e3a10ae95df1549,"What does it mean for me?' Tenants, landlords full of questions about new rent control rules",http://www.cbc.ca/news/canada/toronto/rent-control-no-fixed-address-1.4079375?cmp=rss,2018-08-14,en,cbc.ca,cbc.ca,2018,False
4cb4508955f5d17398716b05ea543cba8bd549c9a863d0b661b1eae65a41a87c,What information can a landlord ask of renters before signing a lease?,https://www.thestar.com/news/gta/2019/11/01/what-information-can-a-landlord-ask-of-renters-before-signing-a-lease.html,2019-11-01,en,thestar.com,thestar.com,2019,False
39576277d7b2f9ae52f3ad92feb434699acb0a7d69b74b03254f3e0367dac7d3,What is a cash-for-keys agreement between a tenant and a landlord? Should they even be allowed?,https://www.thestar.com/real-estate/what-is-a-cash-for-keys-agreement-between-a-tenant-and-a-landlord-should-they/article_1db50be6-4ab9-11ef-a9ba-97cf121ff584.html,2024-08-03,en,thestar.com,thestar.com,2024,False
9f149c1f1d5af7942cfa2edd31fcc2531ccea21b95a028e8280255ff52c81417,What is landlord insurance?,https://www.moneysense.ca/spend/insurance/home-insurance/what-is-landlord-insurance/,2021-09-24,en,moneysense.ca,moneysense.ca,2021,False
2b07ffa85d0cf14ca33ec69c2dcb50d18bdac9de530cd0c915568304adcf076c,What landlords can and can’t do,https://www.timescolonist.com/entertainment/what-landlords-can-and-can-t-do-1.24111019,2020-04-02,en,timescolonist.com,timescolonist.com,2020,False
e8ac9131e5a122e9c9de621b6abc73ac3cd97150bdd82d901904d2908f69b3df,What obligations do renters have to prove they have tenant’s insurance when the landlord asks?,https://www.thestar.com/business/2021/07/26/what-obligations-do-renters-have-to-prove-they-have-tenants-insurance-when-the-landlord-asks.html,2021-07-26,en,thestar.com,thestar.com,2021,False
56d1e206edb2b30eacef42d3f19d6075c8c677a27a3cf00c9ad6c0cc30076772,What some Vancouver landlords are offering to prospective tenants as real-estate market falters,https://www.thestar.com/vancouver/2019/05/01/what-some-vancouver-landlords-are-offering-to-prospective-tenants-as-real-estate-market-falters.html,2019-05-01,en,thestar.com,thestar.com,2019,False
7c4002a630f86a26b8045c98f49a994af1c1d1a56041f47fb854db423c475c5f,What tenants can do if their landlord plans to increase rent,https://www.ctvnews.ca/business/what-tenants-can-do-if-their-landlord-plans-to-increase-rent-1.5969985,2022-06-30,en,ctvnews.ca,ctvnews.ca,2022,False
5becc55b67792c3d6ae7ae5599d613ae7cda6e7ce3ba9ba232ea6fb999b01bab,What the CDC eviction ban means for tenants and landlords: 6 questions answered,https://theconversation.com/what-the-cdc-eviction-ban-means-for-tenants-and-landlords-6-questions-answered-145507,2020-09-03,en,theconversation.com,theconversation.com,2020,False
9e6839c3b88725dc3596bdfa3cbe5be836dea23ccc8a6497262ba12f7d93c7b9,What’s a landlord to do?,http://www.thestar.com/opinion/letters_to_the_editors/2016/03/17/whats-a-landlord-to-do.html,2016-03-17,en,thestar.com,thestar.com,2016,False
68af692220be6e7025235153e2faf1ca9629020a531aeffd1ec7132b243da937,"Wheatley receives $3.9M to support businesses, commercial landlords after explosion",https://www.thestar.com/news/canada/2022/05/09/wheatley-receives-39m-to-support-businesses-commercial-landlords-after-explosion.html,2022-05-09,en,thestar.com,thestar.com,2022,False
47d822390e3d68c3f13cc15708e7662f6a027216ac463c19c9574c5f51c7e69a,When Adolf Hitler had a Jewish landlord...,http://www.torontosun.com/2017/04/09/when-adolf-hitler-had-a-jewish-landlord,2017-04-09,en,torontosun.com,torontosun.com,2017,True
56b16f2411e1a1e8a5a27e571464a1d4689f62b77161341174cc14cad505cb3d,"When investing, think like a landlord",http://www.moneysense.ca/save/investing/when-investing-think-like-a-landlord/,2017-09-11,en,moneysense.ca,moneysense.ca,2017,False
73e2032ac335602c15700d98e9ed5881b498224cdc51d85a16331bcb7cb5c988,"When marijuana is legalized, what rights will landlords have?",http://globalnews.ca/news/3547458/when-marijuana-is-legalized-what-rights-will-landlords-have/,2017-06-22,en,globalnews.ca,globalnews.ca,2017,False
31807dd469cbba356549cf723fb85711fc087c40f2de95b2017c913e5d474698,When renting out your place goes wrong: Landlords offer cautionary tales of pandemic-era property rental disasters,https://www.thestar.com/business/2021/01/11/when-renting-out-your-place-goes-wrong-landlords-offer-cautionary-tales-of-pandemic-era-property-rental-disasters.html,2021-01-11,en,thestar.com,thestar.com,2021,False
8ecd23f784ac0658233c1de7de8f54eeb4c2e04df07bf8a95a0617a9f5d7a17b,"When students party too hard, should London landlords pay?",https://www.cbc.ca/news/canada/london/street-party-bylaw-foco-1.5079642?cmp=rss,2018-10-01,en,cbc.ca,cbc.ca,2018,False
a2473a813d2ae30fc27db912d939a1a84b1709fa8a333e2280ebeff91cd9a842,"When their landlord put their Hamilton building up for sale, these tenants worked to buy it themselves",https://www.thespec.com/news/hamilton-region/when-their-landlord-put-their-hamilton-building-up-for-sale-these-tenants-worked-to-buy/article_cbbe13be-0abe-5562-95dc-b61a7dc46375.html,2024-11-04,en,thespec.com,thespec.com,2024,False
ff2b028fbf9e05c848feab908d7d0caaffd72f43d7f3fa55aaa2e1533dff77b7,When Your Landlord Is a Billion-Dollar Corporation,https://thewalrus.ca/real-estate-investment-trusts/,2024-12-05,en,thewalrus.ca,thewalrus.ca,2024,False
8f9450bf3f518604da4b3fee67217713a6aaad36e3e69de1d5a0deec48986315,Which renters do landlords discriminate against most in Canada? What a national study found,https://www.thestar.com/news/canada/which-renters-do-landlords-discriminate-against-most-in-canada-what-a-national-study-found/article_72f95034-f9dd-11ef-b112-5f5ef3589645.html,2025-03-05,en,thestar.com,thestar.com,2025,False
ff1ec022c1e324aee966b3c26403c16bd084edadf741309f56c77d54e9949734,Whitby landlord tells coroner's inquest he's not responsible for fire that killed 3 teens,http://www.cbc.ca/news/canada/toronto/whitby-fire-coroners-inquest-1.3527936?cmp=rss,2016-04-29,en,cbc.ca,cbc.ca,2016,False
4dc45bace59ebd1a90e4e6a9544365bf7539dcd3136506a2700d28614e99f79e,White Rock man says landlord ‘threatened’ tenants for seeking cash after no heat over Christmas,https://www.abbynews.com/news/white-rock-man-says-landlord-threatened-tenants-for-seeking-cash-after-no-heat-over-christmas/,2020-02-26,en,abbynews.com,abbynews.com,2020,True
0784a700133c744223e9bf3816daf20f0343ae0c0007b7d4f151b1ae5fe43e3d,Why big Halifax landlords are reporting average rent increases above N.S. cap,https://www.cbc.ca/news/canada/nova-scotia/halifax-big-landlords-rent-increases-provincial-cap-1.7023587?cmp=rss,2023-11-09,en,cbc.ca,cbc.ca,2023,False
27df6cc938f245a7f25c7ebc10525f5ed4ceb8e9422e7e5848a43681f202de9e,Why Canadian landlord groups say push to void ‘no pet’ clauses is ‘unfair’,https://globalnews.ca/news/10690882/pet-restrictions-rental-housing-landlords/,2024-08-09,en,globalnews.ca,globalnews.ca,2024,False
43e740511e11e99adc15319153037504d6fa12970c04b8965ee90a210b4b444b,Why corporate landlords are not the primary drivers of unaffordability in Toronto’s housing market,https://www.thestar.com/opinion/contributors/why-corporate-landlords-are-not-the-primary-drivers-of-unaffordability-in-torontos-housing-market/article_5f9353cd-6f92-42d7-af91-335f62fac444.html,2025-06-16,en,thestar.com,thestar.com,2025,False
f32ecd103def5aca85caf8961aa166558f063c7b4be144715f52879ec21aa416,Why didn't police investigate landlord dispute with Daniel Portras?,http://www.cbc.ca/news/canada/saskatchewan/why-didn-t-police-investigate-landlord-dispute-with-daniel-portras-1.3252484?cmp=rss,2015-10-01,en,cbc.ca,cbc.ca,2015,False
38909f8ab31b900f3aeb79dadb0e80c15e1ae43726010ff1b1287bc54a98e83b,Why is Canada subsidizing landlords during a housing crisis?,https://canadiandimension.com/articles/view/why-is-canada-subsidizing-landlords-during-a-housing-crisis,2024-11-01,en,canadiandimension.com,canadiandimension.com,2024,False
b4d2900bd489f81d462aeea26ec3be54aa47f05e87e4174df6cef1567aedaf1e,Why is my landlord asking me to get tenant insurance?,https://www.moneysense.ca/spend/why-is-my-landlord-asking-me-to-get-tenant-insurance/,2020-12-10,en,moneysense.ca,moneysense.ca,2020,False
1f14aa1487c58c8b5fc75b1afe25cd52d4d6a92c40b4311740e7eb0f4f97186e,Why landlords need to be regulated,https://canadiandimension.com/articles/view/why-landlords-need-to-be-regulated,2025-03-28,en,canadiandimension.com,canadiandimension.com,2025,False
4d99eee41899e2aed13b5bf7fd080cb3af72806c0cd8c4c152cf6213affcd88e,Why N.B. landlords who want to renovict tenants now have to apply,https://globalnews.ca/news/9691329/n-b-renoviction-protection-landlords-tenants/,2023-05-11,en,globalnews.ca,globalnews.ca,2023,False
abf07a59f2c3d66ddee15b4022ff22578a4b3c0cd690da08093c8f4a0005cfe3,Why NSW is skewing its tax system toward build-to-rent apartments and away from mum and pop landlords,https://theconversation.com/why-nsw-is-skewing-its-tax-system-toward-build-to-rent-apartments-and-away-from-mum-and-pop-landlords-143594,2020-07-30,en,theconversation.com,theconversation.com,2020,False
fc7fc8413a6de1a8432fa0bd9f057f2fe5a331c13c5f61f09c2db8be35fda4d8,Why punish the many because of the actions of the few?' landlord assn,https://www.standard-freeholder.com/news/local-news/why-punish-the-many-because-of-the-actions-of-the-few-sdg-landlord-association,2022-05-26,en,standard-freeholder.com,standard-freeholder.com,2022,False
e1578edb4d286b0abb31103786f6145d78c15628a20ade861e2b3dbb24f29c48,Why Realtors and landlords can call rooms of any shape or size a den,https://www.cbc.ca/news/canada/british-columbia/vancouver-real-estate-dens-1.5068966?cmp=rss,2019-03-28,en,cbc.ca,cbc.ca,2019,False
4b75698ddd887659be8f5b385a448ee91613174f0d58aee5085f69d882adf838,Why some landlords won't let tenants use AC,https://www.ctvnews.ca/video?clipId=1986559,2020-06-29,en,ctvnews.ca,ctvnews.ca,2020,False
0bc793071249b70a8b693d7ead819b6612a4ef59331ef167f887f5eb97cb5b12,Why this landlord is living in his restaurant basement,https://www.cbc.ca/news/canada/toronto/ltb-delay-landlord-sleeping-restaurant-1.7223340?cmp=rss,2024-06-03,en,cbc.ca,cbc.ca,2024,False
e8df174fc5a8f789a8cef8088f204581b8c52b2073ddd8ac552db4be772fa5a2,Why this Toronto landlord says the city's upcoming home-sharing regulations only go 'halfway',http://www.cbc.ca/news/canada/toronto/toronto-airbnb-regulations-1.4563929?cmp=rss,2018-03-06,en,cbc.ca,cbc.ca,2018,False
ffc3b720b3b3657b50cb35d0e7741ea0b6adbe697b7fc2c1be3a47f0201e5061,Why this young couple is taking a Toronto landlord to Ontario's Human Rights Tribunal,http://www.cbc.ca/news/canada/toronto/millennials-denied-toronto-condo-rental-due-to-their-age-1.3953905?cmp=rss,2017-01-30,en,cbc.ca,cbc.ca,2017,False
10d2672416a2754d2567722d516b018f8a9f89d4b3e21b26a3c4445c221987de,Why we gave up being landlords to be Airbnb hosts instead,http://www.thestar.com/life/2016/04/15/why-we-gave-up-being-landlords-to-be-airbnb-hosts-instead.html,2016-04-15,en,thestar.com,thestar.com,2016,False
0070089b0f7768913f7169ba4704d27738b5b77971790a740f3a338558c30681,Will Ontario let landlords and condominiums ban smoking recreational marijuana?,http://rabble.ca/columnists/2017/07/will-ontario-let-landlords-and-condominiums-ban-smoking-recreational-marijuana,2017-07-28,en,rabble.ca,rabble.ca,2017,False
335f5981271abb7f01a21a18f4062cbb099ac3021556b57a78560a28735258d3,Windsor landlord facing pushback from tenant,https://windsor.ctvnews.ca/landlord-facing-pushback-from-tenant-on-property-cleanup-1.6798052,2024-03-07,en,ctvnews.ca,ctvnews.ca,2024,False
5f898bb326d713e0ed55b3ca7bfbf155495e82f79abd55590f21aa4882c6f9d2,Windsor landlord highlights shortcomings of Landlord Tenant Board with squatter,https://windsor.ctvnews.ca/windsor-landlord-highlights-shortcomings-of-landlord-tenant-board-with-squatter-nightmare-1.6453790,2023-06-23,en,ctvnews.ca,ctvnews.ca,2023,False
3c1bbad7d990b91d663b9a9096d8233ca91b3c4ca81c7279f0f9645bd9dabf57,Windsor landlord seeks help evicting 'nightmare' squatter,https://windsor.ctvnews.ca/i-ve-never-felt-so-powerless-windsor-landlord-seeks-help-evicting-nightmare-squatter-1.6452209,2023-06-22,en,ctvnews.ca,ctvnews.ca,2023,False
b4f42538934241705830f24b0d8fbacb539a7365ad46dbfd68d379b4012473a7,Windsor landlord whose tenants paused eviction order says provincial rental board 'fails to do its job',https://www.cbc.ca/news/canada/windsor/landlord-tenant-board-rent-eviction-1.7380420?cmp=rss,2024-11-11,en,cbc.ca,cbc.ca,2024,False
2cdb0cd0c659505c0b60a524f9d3a43f51ee693dfdc248bb7d6f71244a3fb940,Windsor landlords ordered to pay city $30K in legal fees,https://windsor.ctvnews.ca/judge-orders-windsor-landlords-to-pay-city-30k-in-legal-fees-1.6884735,2024-05-13,en,ctvnews.ca,ctvnews.ca,2024,False
106adc0ff82251ce9b33f3bcf3cf259f1f40d7f5de594783e249cd53b67f39c0,Windsor landlords protest rental licencing pilot project,https://windsor.ctvnews.ca/property-owners-protest-windsor-s-rental-licencing-pilot-project-1.6322492,2023-03-21,en,ctvnews.ca,ctvnews.ca,2023,False
f1e558e0edd24db6526f1a66448110014a4f1a8f4520f283ba9693cd24e7f927,Windsor woman seeks help from Landlord Tenant Board to evict 'nightmare' neighbours,https://windsor.ctvnews.ca/windsor-woman-seeks-help-from-landlord-tenant-board-to-evict-nightmare-neighbours-1.4971793,2020-06-05,en,ctvnews.ca,ctvnews.ca,2020,False
63c15542dbbee170dcaf4115777101469f96f223c702f4e5a8c946fc828e28aa,Winnipeg apartment eviction: landlord facing fines,https://winnipeg.ctvnews.ca/winnipeg-landlord-facing-fines-over-mass-apartment-evictions-1.7068130,2024-10-09,en,ctvnews.ca,ctvnews.ca,2024,True
b6f456c4ee761e30ab79428591db5541028532ebb3f8b203ebecb63e0a6cb3c7,Winnipeg landlord denies rent application to pregnant woman,http://www.ctvnews.ca/canada/winnipeg-landlord-denies-rent-application-to-pregnant-woman-1.2917340,2016-05-25,en,ctvnews.ca,ctvnews.ca,2016,False
d29f7196cfb3c4b648d41218154380979ed91ef54774bfa1fa356aa289a9b48e,"Winnipeg landlord fined $9,000 for evicting College Avenue tenants without notice",https://globalnews.ca/news/10803672/winnipeg-landlord-fined-evicting-college-ave-tenants-without-notice/,2024-10-09,en,globalnews.ca,globalnews.ca,2024,False
6438e501f27e3e2c08f557bea66f335e40c0051069e102841a8d7cb810c3db43,Winnipeg landlord on the hook for costly sewer repairs,https://globalnews.ca/news/11092998/landlord-on-the-hook-costly-sewer-repairs/,2025-03-21,en,globalnews.ca,globalnews.ca,2025,False
c24cee94cf3199d31ed1ed596eaa7b24808ab5fb1e022bd90d02b1d117fb3e95,Winnipeg landlord ordered to pay First Nations mother thousands,https://www.aptnnews.ca/national-news/regulator-rules-first-nations-mother-owed-thousands-from-winnipeg-landlord/,2025-08-01,en,aptnnews.ca,aptnnews.ca,2025,False
570c5761c440dba70eae8401471a04c928dfd0b00434e24b26d4d29b5dc0a38a,Winnipeg man says landlord denied life-changing medical equipment,https://winnipeg.ctvnews.ca/totally-wrong-winnipeg-man-says-landlord-denied-life-changing-medical-equipment-1.6851658,2024-04-17,en,ctvnews.ca,ctvnews.ca,2024,False
41a40d628c304b23f2091c214f336c4c666f05f1dd853577daca3c968c162993,WINNIPEG VOTES: Motkaluk wants to empower private landlords to provide affordable housing,https://winnipegsun.com/news/local-news/winnipeg-votes-motkaluk-wants-to-empower-private-landlords-to-provide-affordable-housing,2022-09-22,en,winnipegsun.com,winnipegsun.com,2022,False
69b7c8543c107afc5561ebf72182916836b904c6138348bf9e1d027b67be61ce,"With May rent looming, tenants and landlords say rent-relief plan lacks clarity",https://www.theglobeandmail.com/business/article-with-may-rent-looming-tenants-and-landlords-confused-over-ottawas/,2020-04-27,en,theglobeandmail.com,theglobeandmail.com,2020,False
7c0f764fb9613d46d575f4a9b386805761ccf41bb6d11d3fd084156b175646e2,"With Toronto landlords asking for less, Burnaby was Canada's 2nd most expensive city for renters last month: listing site",https://bc.ctvnews.ca/with-toronto-landlords-asking-for-less-burnaby-was-canada-s-2nd-most-expensive-city-for-renters-last-month-listing-site-1.5514853,2021-07-19,en,ctvnews.ca,ctvnews.ca,2021,False
12ef743d081d1def717979abf16a225d886a99a3262086f194659ae3a3168685,Woman accused of killing elderly landlord appears in St. Albert court,http://www.edmontonsun.com/2017/07/24/woman-accused-of-killing-elderly-landlord-appears-in-st-albert-court,2017-07-24,en,edmontonsun.com,edmontonsun.com,2017,False
3583c22487db4fb1da24bd511ee809322efb9d00322142d0e6bdfaad14f8a06b,Woman accused of killing elderly landlord appears in St. Albert court,http://edmontonjournal.com/news/crime/woman-accused-of-killing-elderly-landlord-appears-in-st-albert-court,2017-07-25,en,edmontonjournal.com,edmontonjournal.com,2017,False
cc68b6712341386d19623666b84dd30e4efede953448c6a1d0c8b915b9f20513,"Woman accusing landlord of letting himself into home, molesting her says she told him 'enough is enough'",https://www.brandonsun.com/local/woman-accusing-landlord-of-letting-himself-into-home-molesting-her-says-she-told-him-enough-is-enough-469656963.html,2018-01-17,en,brandonsun.com,brandonsun.com,2018,False
5eb57b1560989e6af68fbddd336deeb27dbea5afa6d56fab9ff0ac1611dbd077,"Woman accusing landlord of letting himself into house, molesting her says she told him 'enough is enough'",https://www.brandonsun.com/local/woman-accusing-landlord-of-letting-himself-into-house-molesting-her-says-she-told-him-enough-is-enough-469656963.html,2018-01-17,en,brandonsun.com,brandonsun.com,2018,False
1c8b97d9f67fb742472ce4b04c96f74e21485f4a5699023dae53b16bdb54ca26,"Woman charged with second-degree murder in fatal stabbing of fiancé was a ‘troublesome tenant,’ landlord says",https://www.thestar.com/news/gta/woman-charged-with-second-degree-murder-in-fatal-stabbing-of-fianc-was-a-troublesome-tenant/article_ac76ea30-bf42-4183-8aef-7b4c3d099c1a.html,2025-06-09,en,thestar.com,thestar.com,2025,False
6d523e556c4b8e476098e10de5fae7b35bd1fa2aef06625bab6bc86d6adefe4e,Woman gets jail term for pulling knife on landlord,https://www.brandonsun.com/local/woman-gets-jail-term-for-pulling-knife-on-landlord-467077173.html,2017-12-29,en,brandonsun.com,brandonsun.com,2017,False
17c50fbfe6d01ed4bf6b850c32a599547b834025d0b1739bc9e7f2b69e0ed0fa,"Woman wins judgment against landlord after house rented to someone else, belongings gone",http://www.cbc.ca/news/canada/manitoba/tenant-residential-tenancies-judgment-landlord-1.3830037?cmp=rss,2016-10-31,en,cbc.ca,cbc.ca,2016,False
1217eab4b90b6b6a0f9cde806db3b53944be35ce445e75a99e11eaedc04850a6,Woodbridge landlord charged after allegedly hitting tenant with his truck,https://globalnews.ca/news/4197632/landlord-charged-truck/,2018-05-09,en,globalnews.ca,globalnews.ca,2018,False
9c96d49cf89000d0439bda916bd8fca4fb0a76c47acd49a8b3442d05bc1d1cd6,Would landlord licences improve housing standards in Halifax?,http://www.cbc.ca/news/canada/nova-scotia/would-landlord-licences-improve-housing-standards-in-halifax-1.4095612?cmp=rss,2017-05-02,en,cbc.ca,cbc.ca,2017,False
e922888d5782a747d181445e32fd4141a1175e71994e428983506c3c9ece5732,Would you like to be a landlord to a duck?,http://www.cbc.ca/news/canada/thunder-bay/duck-house-workshop-1.4077489?cmp=rss,2017-04-20,en,cbc.ca,cbc.ca,2017,False
c337f56114c991b418512ff324bdd325cce7c7e0a593f5806ed4dcfa9166f6d5,"Wrongfully evicted B.C. woman wins tenancy branch battle, but says former landlord refuses to pay up",https://bc.ctvnews.ca/the-landlords-have-no-accountability-wrongfully-evicted-b-c-woman-wins-tenancy-branch-battle-but-says-former-landlord-refuses-to-pay-up-1.6546310,2023-09-02,en,ctvnews.ca,ctvnews.ca,2023,False
e6a9ed44e8069fe06019960a048ec07175507f5da1f61e857179d67f76a253ec,"WSJ Wealth Adviser Briefing: Goldman and Real Estate, Landlords and Gamers, Wealthy Parents and Teens",https://www.thestar.com/wsj/business/2019/07/31/wsj-wealth-adviser-briefing-goldman-and-real-estate-landlords-and-gamers-wealthy-parents-and-teens.html,2019-07-31,en,thestar.com,thestar.com,2019,False
48169b10a1edbb16b317cb6442ea5a27884d4e522235a81fd02867dde01a4929,Yellowknife landlord left apartment door unlocked: tenant,http://www.cbc.ca/news/canada/north/northern-property-reit-left-door-unlocked-alleges-tenant-1.3201130?cmp=rss,2015-08-24,en,cbc.ca,cbc.ca,2015,False
10fe5bce4be7fdad42d363011edec35a850420b109c3a45bf208e384ae75f2b8,"Yes, landlords gain from the repeal of interest deductibility rules – but it was a flawed law from the outset",https://theconversation.com/yes-landlords-gain-from-the-repeal-of-interest-deductibility-rules-but-it-was-a-flawed-law-from-the-outset-218818,2023-12-08,en,theconversation.com,theconversation.com,2023,False
49283bb988abf80204b35ee664fee2a0abf51ea78416b011975e66b4edc71291,"Yes, NZ landlords gain from the repeal of interest deductibility rules – but it was a flawed law from the outset",https://theconversation.com/yes-nz-landlords-gain-from-the-repeal-of-interest-deductibility-rules-but-it-was-a-flawed-law-from-the-outset-218818,2023-12-08,en,theconversation.com,theconversation.com,2023,False
3674fb2089dae6196a14cd0963b509da325b7db7c98c1ffe74d7c587e5a90342,"Yorkville landlord can't evict well-dressed ""professional tenant"" who isn't paying rent",http://www.cbc.ca/news/canada/toronto/rent-free-well-dressed-professional-tenant-won-t-leave-toronto-apartment-1.3775136?cmp=rss,2016-09-23,en,cbc.ca,cbc.ca,2016,True
75ecfb3103ed6f5136e5102bd648a1b2129ec41a4ee8d509a09e886c9d8c861e,You became part of my newfound identity': A tenant thanks her landlords-turned-friends,https://www.macleans.ca/opinion/you-became-part-of-my-newfound-identity-a-tenant-thanks-her-landlords-turned-friends/,2020-04-27,en,macleans.ca,macleans.ca,2020,False
9e8cd1e7f577e3aa3cf0d2e0ced2682c758dc7cd697a49d12e6c50dd9367e4b1,"You can't charge more than before the fire, Fort McMurray hotels, landlords cautioned",http://www.cbc.ca/news/canada/calgary/fort-mcmurray-no-gouging-1.3613994?cmp=rss,2016-06-03,en,cbc.ca,cbc.ca,2016,False
b8ad608f789fc6aab8f0ef367c2902517121741fc270979681d6381eb72dc02d,You'd better brace yourself': Landlord finds rental home trashed by tenants,http://www.cbc.ca/news/canada/new-brunswick/landlord-rental-home-trashed-1.3590153?cmp=rss,2016-05-19,en,cbc.ca,cbc.ca,2016,False
562cb2a3bbf2dd3eef9b2231a439266d4b592c925445d86c0e8f6d0e1968a527,Young investors questioning ‘risky’ call to become landlords amid higher rates,https://globalnews.ca/news/9722971/canada-housing-interest-rate-young-landlords/,2023-05-25,en,globalnews.ca,globalnews.ca,2023,False
36941a881819f087043f3f02e4568749e6967cf44738cc85ce5aee74c53b65c3,Young Ontario family says they were denied apartment but landlord kept deposit,https://toronto.ctvnews.ca/young-ontario-family-says-they-were-denied-apartment-but-landlord-kept-deposit-1.6124876,2022-10-25,en,ctvnews.ca,ctvnews.ca,2022,False
c5aef11084fd8b43720c39808f2649ab3f84887257a3ff49d951c68d942cc083,Your apartment flooded. Here’s what your landlord has to do — and what you can do if they don’t,https://www.thestar.com/news/gta/your-apartment-flooded-heres-what-your-landlord-has-to-do-and-what-you-can-do/article_4c09aaba-4519-11ef-a5c1-e3be77b0af75.html,2024-07-18,en,thestar.com,thestar.com,2024,False
4c4a434b2e39e01b8402599a0839f05f27ba93b239fc67089f74506a10eec427,Your landlord is selling the property where you live. Can they make you move?,https://www.thestar.com/news/gta/2019/08/30/your-landlord-is-selling-the-property-where-you-live-can-they-make-you-move.html,2019-08-30,en,thestar.com,thestar.com,2019,False
56e4abb61f5c008921d736ff88dc9fa74a67a2687c8cadf3ea31b1ce6fc7df82,Your letters: Landlords and condos should ban pot smoking and grow-ops,https://www.thestar.com/opinion/letters_to_the_editors/2018/01/25/your-letters-landlords-and-condos-should-ban-pot-smoking-and-grow-ops.html,2018-01-25,en,thestar.com,thestar.com,2018,False
5135d8007bb13da82b3ae16d0d64c7c07b7d42f0645927b2ee7c9cff6070ca94,"Zoocasa survey finds Canadians more at ease with Cannabis in neighbourhoods, landlords not so much",https://www.thespec.com/news-story/9641582-zoocasa-survey-finds-canadians-more-at-ease-with-cannabis-in-neighbourhoods-landlords-not-so-much/,2019-10-15,en,thespec.com,thespec.com,2019,True
ab42f873f484df926913f47c24ca924f7b07a0755184be5d68aa92a86c41c550,​Bank of Canada interest rate pause impacts landlords: experts,https://www.ctvnews.ca/business/bank-of-canada-interest-rate-pause-could-force-landlords-to-sell-properties-experts-1.6366788,2023-04-22,en,ctvnews.ca,ctvnews.ca,2023,False
6711d4a524432687bd4807de12ec4c91e87ae7efca8fcfa989af53458966d36a,‘Absolutely out of control’: Brampton cracking down on landlords renting out illegal student rooming houses,https://www.theglobeandmail.com/canada/article-brampton-illegal-rooming-housing-landlords-rentals/,2024-02-27,en,theglobeandmail.com,theglobeandmail.com,2024,False
d43a821b0bd038a261ee07df323afb56d9c3d71d08e23cb7f72b9c5c38b84df0,"‘An absolute mess’: After year-long eviction battle, Hamilton landlord finds home trashed",https://www.thespec.com/news/hamilton-region/an-absolute-mess-after-year-long-eviction-battle-hamilton-landlord-finds-home-trashed/article_5aac1bdc-fb00-5cf1-acb8-f235eaa90b2a.html,2025-04-14,en,thespec.com,thespec.com,2025,False
2a3a95786df2e779663f9f5067979202b243a0b04d0ca8a9ca604782076df587,‘Beyond negligent’: judge orders landlord to pay former eatery owners $500K,https://www.winnipegfreepress.com/breakingnews/2025/05/06/beyond-negligent-judge-orders-landlord-to-pay-former-eatery-owners-500k,2025-05-06,en,winnipegfreepress.com,winnipegfreepress.com,2025,False
8399839483f6ab1e8f1810fc96bb6ea16a6567dfd4f37964a915a5962bc708f7,‘Beyond shocking’: Zen Lounge shut down by landlord in wake of shooting,https://www.thespec.com/news/hamilton-region/beyond-shocking-zen-lounge-shut-down-by-landlord-in-wake-of-shooting/article_7d869a06-88a6-5e81-82dd-abce078e18db.html,2025-09-07,en,thespec.com,thespec.com,2025,False
6cca35072e8f97ca9725f603f629030908e64eb2ec12d5d716fb45865b4d68df,‘BOOB WORK’: Landlord wanted breast pictures from tenant in exchange for rent reduction,https://canoe.com/news/world/boob-work-landlord-wanted-breast-pictures-from-tenant-in-exchange-for-rent-reduction,2020-02-19,en,canoe.com,canoe.com,2020,False
381d9c031d28979c25310fed35afc23433fab29ca2c85f543f307ed5409f4a58,‘Bring back the moratorium’: Calls for tenant protection grow as more Hamilton landlords seek to evict tenants during COVID,https://www.thespec.com/news/hamilton-region/2020/10/15/bring-back-the-moratorium-calls-for-tenant-protection-grow-as-more-hamilton-landlords-seek-to-evict-tenants-during-covid.html,2020-10-15,en,thespec.com,thespec.com,2020,False
04fcd751678de315ab3375a5ec63456479a4c492256662bc2074153e73c94dca,‘Bringing out the cudgels’: How one of Ontario’s top landlords weathered the pandemic and fought back when retailers refused to pay their rent,https://www.thestar.com/business/2021/03/06/riocan-ceo-ed-sonshine-speaks-about-the-decline-in-residential-occupancy-rates-and-why-high-end-malls-may-have-a-future.html,2021-03-06,en,thestar.com,thestar.com,2021,False
090ddcdbf4e729d25954e50d5e087c82678e09dcd8122bc2bb828d3f4f9b561f,‘Dangerously low vacancy’ seen in rental housing: Saskatchewan Landlord Association,https://globalnews.ca/news/10266121/dangerously-low-vacancy-rental-housing-saskatchewan-landlord-association/,2024-02-01,en,globalnews.ca,globalnews.ca,2024,False
9c24bcaf4ca9196343500f2be58313fdab2c6fd8e9989c184ace298f405d1375,"‘Devil’s in the details’: Tenant groups, landlords react to promised federal rent reforms",https://globalnews.ca/news/10389689/nb-ns-tenants-landlords-rent-reforms/,2024-03-28,en,globalnews.ca,globalnews.ca,2024,False
f51f8adad6dc67216220ab51d227770e335e8c2aec22f814453290c74fa3eb31,‘Do not sign a fixed-term lease’: Warning from Halifax student after landlord won’t renew,https://globalnews.ca/news/9584775/halifax-student-fixed-term-lease-landlord/,2023-03-28,en,globalnews.ca,globalnews.ca,2023,False
c489efd5b139bf743becbb1938dc5d20a395b41574b465ef01dc59a41eec9400,‘Easily 40 to 50 grand’: Coquitlam landlord on the hook after evicting problem tenants,https://globalnews.ca/news/4540148/bad-coquitlam-tenants/,2018-10-11,en,globalnews.ca,globalnews.ca,2018,False
c60cf540c792f7a8e8cd7ab352adba0dcce87d897c7c82940b07e095b7b41431,‘Excruciating delays’ at Ontario’s Landlord and Tenant Board: Ombudsman report,https://globalnews.ca/news/9673513/excruciating-delays-ontario-landlord-and-tenant-board-ombudsman/,2023-05-04,en,globalnews.ca,globalnews.ca,2023,False
c6c8ad287c51ef92b7d67d93b08d65d3f01629047b490a62d1e23ae558a685b2,‘Excruciating delays’ at Ontario’s Landlord and Tenant Board: Ombudsman,https://www.thestar.com/news/gta/2023/05/04/excruciating-delays-at-ontarios-landlord-and-tenant-board-ombudsman.html,2023-05-04,en,thestar.com,thestar.com,2023,False
584d385ef420cdda5ec3d7c7696bb3fb4dd3d03cc60f322c317e5e1878fd8dea,"‘Financial landlords’ more aggressive on raising Toronto rents than other landlords, study finds",https://www.thestar.com/real-estate/financial-landlords-more-aggressive-on-raising-toronto-rents-than-other-landlords-study-finds/article_b0f616c9-3bba-4df5-a1af-84f3eadd3f9f.html,2025-05-21,en,thestar.com,thestar.com,2025,True
1e03f03562b715db8c22d4554fd16f3d71900b8fd48bd51d15b4e4bbc0ccb947,‘Free benefit’ or blacklisted? Hamilton tenants and landlords clash over private information,https://www.thespec.com/news/hamilton-region/2021/03/25/hamilton-renters-landlords-private-information-credit-rating-lcb-blacklist.html,2021-03-25,en,thespec.com,thespec.com,2021,False
4874e3a2645fef868d78757cdc6c2f248b879398896be6bf4bd514b0a09f6df3,‘He did everything to be helpful’: Landlord says accused quadruple murder gunman a model tenant,https://globalnews.ca/news/5181695/penticton-landlord-accused-gunman-shooting/,2019-04-18,en,globalnews.ca,globalnews.ca,2019,False
497118777eb9177a20c76e3b2c9ee646aed5736322cb55d98f6498e47e643398,"‘He thought I was joking’: Oshawa man shocks landlord with $100,000 lottery win",https://www.thespec.com/news/he-thought-i-was-joking-oshawa-man-shocks-landlord-with-100-000-lottery-win/article_17240868-547c-56f4-a89b-7dcef1468456.html,2025-01-24,en,thespec.com,thespec.com,2025,True
e648657a63490509c3ef0bbb3dd69d8aeedc7afe41279216a8f6d6b2a4e24799,‘I could lose my licence’: Hamilton real-estate agent to be charged with assault in landlord-tenant dispute,https://www.thespec.com/business/real-estate/i-could-lose-my-licence-hamilton-real-estate-agent-to-be-charged-with-assault-in/article_0681e56d-716d-5cf6-afe6-c6a0ab1eba0a.html,2024-09-24,en,thespec.com,thespec.com,2024,False
c6f05423579ce55bd47522800d6a4bc8414b8a78fed7273cc0077aaa500fecd3,‘I don’t know where I’d go’: Hamilton tenants fight eviction as landlord plans renovations,https://www.thespec.com/news/hamilton-region/i-don-t-know-where-i-d-go-hamilton-tenants-fight-eviction-as-landlord-plans/article_375b5ee3-ed10-540a-bb9a-ceac90cb5d5a.html,2025-02-22,en,thespec.com,thespec.com,2025,False
317081bfdfc29b66cab50f3a5129311c956ba3d7327dfb860684cc67576adc1f,‘I never want to displace anyone.’ Landlord offers reimbursement for tenants evacuated from illegal apartments on Bloor Street,https://www.thestar.com/news/gta/2021/03/15/i-never-want-to-displace-anyone-landlord-offers-reimbursement-for-tenants-evacuated-from-illegal-apartments-on-bloor-street.html,2021-03-15,en,thestar.com,thestar.com,2021,False
f279bd0d2ae14452d3d5bc5a61647bd2540e8da583e2216370cc773ae1f32b12,"‘I really don’t care about money now, I care about YOU.’ Toronto landlord says skip the rent during coronavirus pandemic",https://www.therecord.com/news-story/9922463--i-really-don-t-care-about-money-now-i-care-about-you-toronto-landlord-says-skip-the-rent-during/,2020-04-02,en,therecord.com,therecord.com,2020,False
6a3c4d07aca5e7f4cb772d2633ab24e02290b820e05a9c947faaec5f9d3b490e,"‘I really don’t care about money now, I care about YOU.’ Toronto landlord says skip the rent during COVID-19 pandemic",https://www.thestar.com/news/gta/2020/04/01/i-really-dont-care-about-money-now-i-care-about-you-toronto-landlord-gives-tenants-a-rent-holiday-during-covid-19-pandemic.html,2020-04-01,en,thestar.com,thestar.com,2020,False
a454a1fc067c140440746a1a61458375085b324fadf3472a85e0b75d8fe628e9,"‘I thought it was my landlord’: Killer admitted to pushing 73-year-old Yosuke Hayahara into path of TTC train, court hears",https://www.thestar.com/news/gta/2021/01/28/i-thought-it-was-my-landlord-killer-admitted-to-pushing-73-year-old-yosuke-hayahara-into-path-of-ttc-train-court-hears.html,2021-01-28,en,thestar.com,thestar.com,2021,False
ba041d6c754e2ef5a3d9f60eeddeee7f5dd55be0565c9ea219b318c0bb6f8560,"‘If there is no demand, we can’t operate’: Small landlords ponder future after foreign student cuts",https://www.theglobeandmail.com/business/article-if-there-is-no-demand-we-cant-operate-small-landlords-ponder-future/,2025-10-13,en,theglobeandmail.com,theglobeandmail.com,2025,False
a2632e2ade015e35b03324c7a481d166a82bc7e1063752535d05d7eceeb4ebc5,"‘It’s not all about the bottom line, all of the time’: As many in Ontario struggle to make rent under COVID-19, one landlord is actually offering its tenants relief",https://www.thestar.com/news/gta/2021/03/07/its-not-all-about-the-bottom-line-all-of-the-time-as-many-in-ontario-struggle-to-make-rent-under-covid-19-one-landlord-is-actually-offering-its-tenants-relief.html,2021-03-07,en,thestar.com,thestar.com,2021,False
d4f17e04fbaa55d20b5329f3158df27a83862d34bfff331c15844c3854ba8e88,‘It’s not like we’re sitting on our hands.’ Toronto’s biggest landlord sees 7 more complexes fall into critical disrepair,https://www.thestar.com/news/gta/it-s-not-like-we-re-sitting-on-our-hands-torontos-biggest-landlord-sees-7/article_dc443926-e4b8-11ef-ab56-6f7d86f12c53.html,2025-02-12,en,thestar.com,thestar.com,2025,False
1dc7215638d36706fe748da81d95acec600ba5e639bdf66fae848d9168a1dea2,‘I’m having nightmares’: Landlord of woman accused in three murders says he didn’t suspect trouble between his tenants,https://www.thestar.com/news/gta/im-having-nightmares-landlord-of-woman-accused-in-three-murders-says-he-didnt-suspect-trouble/article_a85961f4-9166-11ef-b28a-ab7e291c12b3.html,2024-10-23,en,thestar.com,thestar.com,2024,False
a4f595c6899f26705b5787c5f522d25ccc9f5c090aceaf5a374d773eb4ee07f3,"‘I’m out $30,000’: Petition launched by B.C. landlords says laws favour tenants",https://globalnews.ca/news/10067679/bc-landlords-petition-tenant-laws/,2023-11-03,en,globalnews.ca,globalnews.ca,2023,False
b21eb2bddcc8aea63f70981343df180464b45542dbd8389cb06c14652623bbff,‘I’m talking about hitting the pause button’: Small business landlords and tenants say they need rent relief,https://www.therecord.com/news-story/9923971--i-m-talking-about-hitting-the-pause-button-small-business-landlords-and-tenants-say-they-need-ren/,2020-04-06,en,therecord.com,therecord.com,2020,False
ff94ac1fd9e0620e71d3b736b92d6c1eac8dd932f9b4fef440ca75b61f2c6460,‘Landlords beware’ warns Sylvan Lake woman whose home was wrecked by former tenants,https://www.reddeeradvocate.com/news/landlords-beware-warns-sylvan-lake-woman-whos-home-was-wrecked-by-former-tenants/,2020-09-03,en,reddeeradvocate.com,reddeeradvocate.com,2020,False
4dbc6575b413f4b45807131b1dc7be1a04ea160f346af911015e114afe44337e,‘Landlord’ at alleged $1k per month Marpole flophouse didn’t have permission: Owner,https://globalnews.ca/news/4409565/marpole-flophouse/,2018-08-25,en,globalnews.ca,globalnews.ca,2018,False
ad87dec72c43cee434c02dfae3bc255aec2ae5b88891aa07256921a427648e45,‘Mom-and-pop’ landlords are risking everything—including the economy,https://canadiandimension.com/articles/view/mom-and-pop-landlords-are-risking-everything-including-the-economy,2024-08-13,en,canadiandimension.com,canadiandimension.com,2024,False
ba385368f1ea5c6ad3b7b1383f4611ecd911ef1adb6ccbca9c93ca515c6ec8bb,‘Most difficult year’ for UVic students hunting for housing as landlords stay on sidelines,https://www.timescolonist.com/news/local/most-difficult-year-for-uvic-students-hunting-for-housing-as-landlords-stay-on-sidelines-1.24354317,2021-08-29,en,timescolonist.com,timescolonist.com,2021,False
bf94725a10c0c119a990ec660e2b8fc1a2f09a3b3f60f9b595d794a05ce7fa88,‘Most difficult year’ for UVic students hunting for housing as landlords stay on sidelines,https://vancouversun.com/news/local-news/most-difficult-year-for-uvic-students-hunting-for-housing-as-landlords-stay-on-sidelines,2021-08-30,en,vancouversun.com,vancouversun.com,2021,False
023906d340cd86875d37960e7d299df2c190bb7ce61b571d0e5709a103aad3fc,‘My bed is cold’: Residents of East York apartment calling for landlord to boost heat,https://globalnews.ca/news/3949948/east-york-apartment-heat/,2018-01-06,en,globalnews.ca,globalnews.ca,2018,False
9783ff6e9446fd929768a477dade2ba57646db702b3aaceef8a33c4826548b56,"‘Nothing concrete’: Tenants, landlords lack details after B.C. unveils COVID-19 rental aid",https://www.abbynews.com/news/nothing-concrete-tenants-landlords-lack-details-after-b-c-unveils-rental-aid-package/,2020-03-29,en,abbynews.com,abbynews.com,2020,True
7462c84da750b6f6157c74c3d6643623d9c88e45e659c5d9da76410151292632,‘Painful memories’ for former tenant of North End block’s landlord,https://www.winnipegfreepress.com/breakingnews/2024/07/31/painful-memories-for-former-tenant-of-north-end-blocks-landlord,2024-07-31,en,winnipegfreepress.com,winnipegfreepress.com,2024,False
a3cd59d8a8546319af8d3284583b672a286ca7dc683480db25525c3742c5f5f2,‘Please take my tenant!’ landlord posts to Used Victoria,http://www.bclocalnews.com/news/please-take-my-tenant-landlord-posts-to-used-victoria/,2020-12-17,en,bclocalnews.com,bclocalnews.com,2020,False
aa5f65dc728e054097e50d8209b3f7fa0c9766668324167f85e24c339483d9d9,‘Prince of Pot' Marc Emery says landlord trying to evict him,https://www.thestar.com/news/gta/2016/09/09/prince-of-pot-marc-emery-says-landlord-trying-to-evict-him.html,2016-09-09,en,thestar.com,thestar.com,2016,False
a856145d6ad732abe98a9c39435e9be982d8c63dca3824f8da568a8ce2dbdea8,‘Random people would just walk into our apartment’: Tenants ask for tougher rules over landlords showing their rentals during COVID-19,https://www.thestar.com/news/gta/2020/11/27/random-people-would-just-walk-into-our-apartment-tenants-ask-for-tougher-rules-over-landlords-showing-their-rentals-during-covid-19.html,2020-11-27,en,thestar.com,thestar.com,2020,False
97a020974015a021ab9244356395149748e9d115ab2b4fd5489fdc56a21bc4df,"‘Squalor’: Family of 8 says landlord won’t fix dilapidated rental in Coquitlam, B.C.",https://globalnews.ca/news/9582329/coquitlam-family-says-landlord-wont-fix-squalor-rental/,2023-03-27,en,globalnews.ca,globalnews.ca,2023,False
27d8332d1f78d4e6fd124710d85a02ff3260ae4bcf88d2aeaf457f7e661f0a7f,‘The smell of death’: B.C. man calls on landlords to be more upfront about rental properties,https://globalnews.ca/news/5054314/smell-of-death-vernon-man-landlords-upfront-rental-properties/,2019-03-13,en,globalnews.ca,globalnews.ca,2019,False
7ef2e9b33f5e0c2378a8055bddc7b20c67a27b6b23b6f9c02165e93ffdd42a7f,‘They don’t care about us’: Tenants resort to public petition against landlords after years without consistent hot water,https://www.thespec.com/news/hamilton-region/2023/03/30/tenants-resort-to-public-petition-against-landlords-after-years-without-consistent-hot-water.html,2023-03-30,en,thespec.com,thespec.com,2023,False
d7e44d4f07a459080e4ff19a3abd48908ad1faccab2637f083019cceab287d76,‘They get to live for free’: Sask. landlords want changes to province's freeze on evictions during COVID-19,https://saskatoon.ctvnews.ca/they-get-to-live-for-free-sask-landlords-want-changes-to-province-s-freeze-on-evictions-during-covid-19-1.4947365,2020-05-20,en,ctvnews.ca,ctvnews.ca,2020,False
34568f495407037e615e13d2ac205f9465292d38e0c5f161e43ecb6293e5085a,‘They kind of blew it’: N.B. couple says province let them down in fight with landlord,https://globalnews.ca/news/10165733/new-brunswick-renovictions/,2023-12-13,en,globalnews.ca,globalnews.ca,2023,False
74dd46ebbb369437c9ff38a3438a5f5017d8fa9d65ed50aca267f26d6ec30f2b,‘This is an unvaccinated house’: Ontario landlord files eviction notice over tenant’s vaccinated guests,https://www.thestar.com/news/gta/2021/08/05/this-is-an-unvaccinated-house-ontario-landlord-files-eviction-notice-over-tenants-vaccinated-guests.html,2021-08-05,en,thestar.com,thestar.com,2021,False
944a88a879f09a2a8c71db91364b61c60c69c2d1758813a60f128c994730f4d9,"‘This was an eviction’: Parham landlord-tenant dispute ends in arrests, charges",https://globalnews.ca/news/5827477/parham-landlord-tenant-dispute-arrests-charges/,2019-08-29,en,globalnews.ca,globalnews.ca,2019,False
da59c04dd07897b02ac3a03169410767b7ce4ee529c9144548ea2fd2dbd1fe18,"‘This wasn’t a home evasion this was an eviction’: tenant-landlord dispute ends in arrests, according to landlord",https://globalnews.ca/video/5828082/this-wasnt-a-home-evasion-this-was-an-eviction-tenant-landlord-dispute-ends-in-arrests-according-to-landlord/,2019-08-28,en,globalnews.ca,globalnews.ca,2019,False
3e9697d2c7658ccc9fba1d7ccd8aa6383a71846d4c6bc8ad49e0ae04932d5fd8,‘Truly innocent victims’: Hamilton police point to ‘landlord-tenant dispute’ as motive for double homicide,https://www.thespec.com/news/crime/2023/05/28/hamilton-police-investigating-double-homicide-in-stoney-creek-as-landlord-tenant-dispute.html,2023-05-28,en,thespec.com,thespec.com,2023,False
04f437a2342d4934ccd7b2b726f0b6fb00c9cb44dc2ad3df3a9b6f18af1ff030,"‘Turn off the heat,’ Toronto ombudsman tells landlords as heatwave hits city",http://nationalpost.com/pmn/news-pmn/canada-news-pmn/turn-off-the-heat-toronto-ombudsman-tells-landlords-as-heatwave-hits-city-2,2017-09-22,en,nationalpost.com,nationalpost.com,2017,False
28018babb2edc61ec135fedf6d3deeaf946e237e7db1429b4a2e779e3719f59c,‘Turning into a nightmare:’ Alberta landlord looks to evict driveway squatter,http://nationalpost.com/pmn/news-pmn/canada-news-pmn/turning-into-a-nightmare-alberta-landlord-looks-to-evict-driveway-squatter,2017-11-01,en,nationalpost.com,nationalpost.com,2017,True
8b9ae7d53d207aa329794cb3eb495e705e3916a7877326032ef0bc03dcd17d12,‘Two beautiful souls’: Stoney Creek couple killed in landlord dispute remembered by family,https://www.thestar.com/news/crime/two-beautiful-souls-stoney-creek-couple-killed-in-landlord-dispute-remembered-by-family/article_7c310987-76c1-5499-83cd-19405a78dc1c.html,2023-06-01,en,thestar.com,thestar.com,2023,True
d631dcaf8d6ed7f916ce346a7e39197167ecf52a10f128b6d78d7da37fd72c23,‘We are united‘: Hundreds of B.C. landlords rally in support of petition,https://globalnews.ca/news/10350366/hundreds-bc-landlords-rally-support-petition/,2024-03-10,en,globalnews.ca,globalnews.ca,2024,False
aa665f6b39249b70e7f9f347642a10aac519a474e87001ea6ca00660b511bd10,‘We deserve to live safely’: Rebecca Towers tenants call on landlord to make ‘long overdue’ repairs,https://www.thespec.com/news/hamilton-region/2021/06/29/hamilton-rebecca-towers.html,2021-06-29,en,thespec.com,thespec.com,2021,False
57ebdd00d726be2a10d2c3b8ef8a0293878fc0a2042cb3bc5b34ca0bc320c969,‘We need to occupy the house’: Ontario landlord says tenant won’t leave,https://globalnews.ca/news/10513915/ontario-landlord-cant-get-house-back/,2024-05-21,en,globalnews.ca,globalnews.ca,2024,False
294c92648dedd70071f4e58acd3d9d7e2de1ead9133a3a1c70b69d1d152707fc,‘We were naive’: Canadian landlords share their worst tenant stories,http://globalnews.ca/news/2595835/we-were-naive-canadian-landlords-share-their-worst-tenant-stories/,2016-03-26,en,globalnews.ca,globalnews.ca,2016,False
d84e852a849120ecc985790c6ace2c3d71a71850a3926fa36c86db755f7de608,‘We’re not leaving’: Waterloo residents say they face renovictions by ‘faceless’ landlord,https://www.therecord.com/news/waterloo-region/were-not-leaving-waterloo-residents-say-they-face-renovictions-by-faceless-landlord/article_ae38d07a-c829-5d0d-8101-32b0f6cfe95c.html,2025-03-31,en,therecord.com,therecord.com,2025,False
